,drama_type,speaker,sex,job,job_category,social_class,text,progress,short_name
0,comedy,Jules Kleitz,M,,,upper_middle_class,"
          
Jules

          

          
(sitzt auf dem Canapé und liest eine Zeitung — liest laut):
 « Prinz Yo-Yo! Wie eine
          Epidemie hast du die neue und die alte Welt angefallen ! Yo-Yo ist Trumpf !

          
(steht auf und wirft die Zeitung weg).

          
Nit ellein die nej und d'alt Welt het diss verruckte Ding üwerfalle, nein, au in mini ménage het
          sich diss Lumpeding iing'schlieche. Un wer het's eringebrocht ? Mini lieb un herzensgüet Schwejeres !
          Uessgerechent sie prowiert schunzitter 3 Wuche do in minere ménage Yo-Yo! Sie spielt am Morje wenn sie
          uffsteht, am Middaa wärenem Esse, de ganze Middaa, ja viellicht noch sogar z'Nacht-s im Bett. Un do
          solle eim nit d'Nerfe durichgehn ? s'Galee hab ich in minere Wohnung un dis alles numme, will mini lieb
          
          
un herzensgüet Schwejermamme Yo-Yo spiele will. » 
          
(Es klopft.)

        
",0,weber-yo-yo
1,comedy,Jules Kleitz,M,,,upper_middle_class,"
          
Jules :

          
« Entrez! »

        
",0,weber-yo-yo
2,comedy,Marie,F,domestic_worker,elementary_professions,lower_class,"
          
Marie

          
(kommt hinten herein):

          
« De Herr Dokter Schmitt isch do un will mit Ihne redde. »

        
",0,weber-yo-yo
3,comedy,Jules Kleitz,M,,,upper_middle_class,"
          
Jules :

          
« Er soll glich do eriin kumme. »

        
",1,weber-yo-yo
4,comedy,Marie,F,domestic_worker,elementary_professions,lower_class,"
          
Marie :

          
« Güet Mösjö. » 
          
(hinten ab)

        
",1,weber-yo-yo
5,comedy,Dokter Robert Schmitt,M,,,,"
          
Robert

          

          
(kommt hinten herein — Hut in der Hand):
 « Sälüt Jules! Was isch denn passiert ?
          »

        
",1,weber-yo-yo
6,comedy,Jules Kleitz,M,,,upper_middle_class,"
          
Jules :

          
« Roby, düe bisch mini letscht Hoffnung, düe müesch mir helfe. »

        
",2,weber-yo-yo
7,comedy,Dokter Robert Schmitt,M,,,,"
          
Robert :

          
« Wo fehlt's denn ? Bisch krank ? »

        
",2,weber-yo-yo
8,comedy,Jules Kleitz,M,,,upper_middle_class,"
          
Jules :

          
« Krank ? Aba. »

        
",2,weber-yo-yo
9,comedy,Dokter Robert Schmitt,M,,,,"
          
Robert :

          
« Ja, was isch denn no los ? »

        
",3,weber-yo-yo
10,comedy,Jules Kleitz,M,,,upper_middle_class,"
          
Jules :

          
« Setz dich emol. » 
          
(Geht an die Türen und horcht).

        
",3,weber-yo-yo
11,comedy,Dokter Robert Schmitt,M,,,,"
          
Robert

          
(beobachtet Jules):

          
« Jo-jo Jules, was hesch denn düe..... »

        
",3,weber-yo-yo
12,comedy,Jules Kleitz,M,,,upper_middle_class,"
          
Jules :

          
« Was Yo-Yo ? Kennsch düe's denn au schun ? »

        
",4,weber-yo-yo
13,comedy,Dokter Robert Schmitt,M,,,,"
          
Robert :

          
« Was denn ? »

        
",4,weber-yo-yo
14,comedy,Jules Kleitz,M,,,upper_middle_class,"
          
Jules :

          
« Ei diss neuje verruckte Spiel ? »

        
",4,weber-yo-yo
15,comedy,Dokter Robert Schmitt,M,,,,"
          
Robert :

          
« Ich weiss nit was düe meinsch, ich möcht numme gern wisse, werum düe mich rüefe hesch
          lonn. »

        
",5,weber-yo-yo
16,comedy,Jules Kleitz,M,,,upper_middle_class,"
          
Jules :

          
« Güet, ich will dir's saawe. Roby, liewer Frind, ich bin arich unglücklich. »

        
",5,weber-yo-yo
17,comedy,Dokter Robert Schmitt,M,,,,"
          
Robert :

          
« Unglücklich ? Ja werum denn ? »

        
",5,weber-yo-yo
18,comedy,Jules Kleitz,M,,,upper_middle_class,"
          
Jules :

          
« Mini Schwejeres spielt Yo--Yo! »

        
",6,weber-yo-yo
19,comedy,Dokter Robert Schmitt,M,,,,"
          
Robert :

          
« Sie spielt Yo-Yo ? Ja un weje dem losch düe mich hole ? »

        
",6,weber-yo-yo
20,comedy,Jules Kleitz,M,,,upper_middle_class,"
          
Jules :

          
« Ja findsch düe, dass diss nix isch, wenn eim jemand de ganze Daa in d'r ménage Yo-Yo spielt ?
          »

        
",6,weber-yo-yo
21,comedy,Dokter Robert Schmitt,M,,,,"
          
Robert :

          
« Yo-Yo ? Was isch denn diss eigentlich ? »

        
",7,weber-yo-yo
22,comedy,Jules Kleitz,M,,,upper_middle_class,"
          
Jules :

          
« Diss weisch düe nit ? Ah düe weisch nit was Yo-Yo isch. Glücklicher Mensch ! »

        
",7,weber-yo-yo
23,comedy,Dokter Robert Schmitt,M,,,,"
          
Robert :

          
« Nein, ich weiss es nit. »

        
",7,weber-yo-yo
24,comedy,Jules Kleitz,M,,,upper_middle_class,"
          
Jules :

          
« D'ganz Welt spielt doch Yo-Yo! Alli Kini un Kaiser, alli Kinostar, alli Köche, alli Kinder,
          alli Kindermaidle un au mini Schwejermamme spielt Yo-Yo! »

        
",8,weber-yo-yo
25,comedy,Dokter Robert Schmitt,M,,,,"
          
Robert :

          
« Awer jetzt weiss ich's jo als noch nit. »

        
",8,weber-yo-yo
26,comedy,Jules Kleitz,M,,,upper_middle_class,"
          
Jules :

          
« Alli Zytunge schriewe devun un d'Illustrierte bringe Bilder. Yo-Yo isch Trumpf. Yo-Yo isch e
          Epidemie. »

        
",8,weber-yo-yo
27,comedy,Dokter Robert Schmitt,M,,,,"
          
Robert :

          
« E Eipidemie ? ? Ja no isch's jo e Krankheit ! »

        
",9,weber-yo-yo
28,comedy,Jules Kleitz,M,,,upper_middle_class,"
          
Jules :

          
« Zäll nit, awer die wo züelüeje kenne krank devun wäre. Es isch e Spiel. »

        
",9,weber-yo-yo
29,comedy,Dokter Robert Schmitt,M,,,,"
          
Robert :

          
« E Spiel? Wurd's getrette od'r g'stosse ? Isch's e Balle od'r e Art Domino. Od'r setzt m'r
          sich druff un fahrt furt mit ? »

        
",9,weber-yo-yo
30,comedy,Jules Kleitz,M,,,upper_middle_class,"
          
Jules :

          
« M'r merigt, dass noch nit verhyrot bisch. »

        
",10,weber-yo-yo
31,comedy,Dokter Robert Schmitt,M,,,,"
          
Robert :

          
« Werum, wieso ? »

        
",10,weber-yo-yo
32,comedy,Jules Kleitz,M,,,upper_middle_class,"
          
Jules :

          
« Wenn düe e Schwejeres hättsch, wo au de ganze Daa Yo-Yo spiele dät, no wischt düe's au was es
          isch. »

        
",10,weber-yo-yo
33,comedy,Dokter Robert Schmitt,M,,,,"
          
Robert :

          
« Ja no saa mir's doch jetzt emol was es isch. »

        
",11,weber-yo-yo
34,comedy,Jules Kleitz,M,,,upper_middle_class,"
          
Jules :

          
(holt aus einer Tasche ein Yo-Yo)

          
« So do isch jetzt emol e Yo-Yo » 
          
(holt noch 
          
einige Yo-Yo aus seinen Taschen).
 « Do isch noch eins, un do noch eins, un do noch
          eins. »

        
",11,weber-yo-yo
35,comedy,Dokter Robert Schmitt,M,,,,"
          
Robert :

          
« Düe hesch jo alli Säck voll! »

        
",11,weber-yo-yo
36,comedy,Jules Kleitz,M,,,upper_middle_class,"
          
Jules :

          
« Die hab ich alli minere Schwejeres eweggeputzt, will ich gedänkt hab, sie spielt no nimi. Ja
          do, sie het sich no immer e anders kauft ».

        
",12,weber-yo-yo
37,comedy,Dokter Robert Schmitt,M,,,,"
          
Robert :

          
« Also diss isch jetzt e so e Yo-Yo ? »

        
",12,weber-yo-yo
38,comedy,Jules Kleitz,M,,,upper_middle_class,"
          
Jules :

          
« Diss sin sogar e paar Yo-Yo! »

        
",12,weber-yo-yo
39,comedy,Dokter Robert Schmitt,M,,,,"
          
Robert :

          
« Un mit so eme Ding spielt dini belle-mère ? »

        
",13,weber-yo-yo
40,comedy,Jules Kleitz,M,,,upper_middle_class,"
          
Jules :

          
« Sie nit ellein, au mini Frau fangt so langsam aan un s'Dienschtmaidel hett au schun eins
          g'schenkt bekumme. »

        
",13,weber-yo-yo
41,comedy,Dokter Robert Schmitt,M,,,,"
          
Robert :

          
« Ja wie geht denn diss Ding eigentlich ? »

        
",13,weber-yo-yo
42,comedy,Jules Kleitz,M,,,upper_middle_class,"
          
Jules

          
(steckt alle Yo-Yo schnell ein) :

          
« Nan, dir zeij ich diss nit.

        
",14,weber-yo-yo
43,comedy,Dokter Robert Schmitt,M,,,,"
          
Robert :

          
« Ja un werum denn nit ? »

        
",14,weber-yo-yo
44,comedy,Jules Kleitz,M,,,upper_middle_class,"
          
Jules :

          
« Am End spielsch düe mir no au. »

        
",14,weber-yo-yo
45,comedy,Dokter Robert Schmitt,M,,,,"
          
Robert :

          
« Diss isch doch sicher ebs harmloses. »

        
",15,weber-yo-yo
46,comedy,Jules Kleitz,M,,,upper_middle_class,"
          
Jules :

          
« Ebs harmloses ? Eh bien merci. 3 Vase, e Suppeschüssel un 2 Spiejel un sogar min Radio sin
          dodurich kapütt gange. »

        
",15,weber-yo-yo
47,comedy,Dokter Robert Schmitt,M,,,,"
          
Robert :

          
« Wieso denn ? »

        
",15,weber-yo-yo
48,comedy,Jules Kleitz,M,,,upper_middle_class,"
          
Jules :

          
« Ei will mini Schwejeres nit acht gibt, wenn sie yoyotiert. Sie rennt emol do un emol dert debie
          an. No isch do ebs füti un dert au. »

        
",16,weber-yo-yo
49,comedy,Dokter Robert Schmitt,M,,,,"
          
Robert :

          
« Ja isch denn diss Spiel so arich kumpliziert ? »

        
",16,weber-yo-yo
50,comedy,Jules Kleitz,M,,,upper_middle_class,"
          
Jules :

          
« Ewe nit, awer sie schickt sich so arich daub debie. »

        
",16,weber-yo-yo
51,comedy,Dokter Robert Schmitt,M,,,,"
          
Robert :

          
« Jules, zeij mir doch emol so e Yo-Yo. »

        
",17,weber-yo-yo
52,comedy,Jules Kleitz,M,,,upper_middle_class,"
          
Jules :

          
« Nix ze mache. Es isch e Schnürele dran un mit dem macht m'rs danze. Siehsch eso 
          
(zeigt es).
 Als uff un nab hüpst diss Yo-Yo. »

        
",17,weber-yo-yo
53,comedy,Dokter Robert Schmitt,M,,,,"
          
Robert :

          
« Ja un weje dem hesch düe mich rüefe lonn ? »

        
",17,weber-yo-yo
54,comedy,Jules Kleitz,M,,,upper_middle_class,"
          
Jules :

          
« Ja, denn düe müesch mir helfe mini Schwejeres küriere. Sie müess uffhöre mit 
          
dem Spiel. Am liebschte wär mir's jo wenn sie wieder ganz heime züe sich gehn
          dät. »

        
",18,weber-yo-yo
55,comedy,Dokter Robert Schmitt,M,,,,"
          
Robert :

          
« Na, na, Jules. »

        
",18,weber-yo-yo
56,comedy,Jules Kleitz,M,,,upper_middle_class,"
          
Jules :

          
« Ich hab jo noch nie ebs degeje g'het, wenn sie kumme isch. Was awer züe viel isch, isch ewe
          züe viel. 's letscht Johr, wo mir doch küm g'hyrot sin g'sin, het sie 14 Daa bliewe wöelle. »

        
",18,weber-yo-yo
57,comedy,Dokter Robert Schmitt,M,,,,"
          
Robert :

          
« Ja un? »

        
",19,weber-yo-yo
58,comedy,Jules Kleitz,M,,,upper_middle_class,"
          
Jules :

          
« No sin nummme 14 Wuche drüss worre. Düe weisch's jo noch, gäll. »

        
",19,weber-yo-yo
59,comedy,Dokter Robert Schmitt,M,,,,"
          
Robert :

          
« Ja. Allerdings isch diss jo e bissel arich viel g'sinn. »

        
",19,weber-yo-yo
60,comedy,Jules Kleitz,M,,,upper_middle_class,"
          
Jules :

          
« Güet. Ich hab nix g'saat g'het, will ich gern de Friedde im Hüss hab. Diss Johr isch sie jetzt
          awer au schun wieder fascht 10 Wuche do. Ja un diss nit ellein, sie kummediert hyt schun s'ganze
          Hüss. »

        
",20,weber-yo-yo
61,comedy,Dokter Robert Schmitt,M,,,,"
          
Robert :

          
« Jo allewej. »

        
",20,weber-yo-yo
62,comedy,Jules Kleitz,M,,,upper_middle_class,"
          
Jules :

          
« Ich kann dir e Liedel singe Roby. Ich derf nimmi ellein furt, will sie's nit will han, mir
          müen alli esse was ihre schmeckt, mini Frau het sie geje mich uffg'stupft, sie macht was sie einfach
          will, turnt sogar un spielt jetzt zitter 3 Wuche de ganze liewe lange Daa Yo-Yo. Ah no noch ebs. Sie
          het mini Frau üwerredd sich e nejs Kleid mache zu lonn, wo Yo-Yo heisst. Was saasch düe jetzt do dezüe
          ? »

        
",20,weber-yo-yo
63,comedy,Dokter Robert Schmitt,M,,,,"
          
Robert :

          
« Armer Jules, ja bisch denn düe mit dinnere belle-mère g'hyrot ? »

        
",21,weber-yo-yo
64,comedy,Jules Kleitz,M,,,upper_middle_class,"
          
Jules :

          
Diss hab ich jo au schun hundert Mol g'saat. »

        
",21,weber-yo-yo
65,comedy,Dokter Robert Schmitt,M,,,,"
          
Robert :

          
« Na also, redd doch emol e anständigs Wort mit ihre. »

        
",21,weber-yo-yo
66,comedy,Jules Kleitz,M,,,upper_middle_class,"
          
Jules :

          
« Ich hab schun alles prowiert — im Güete un im Böse — s'nutzt awer alles nix. Sie isch by ihre
          Doochter het sie mir emol frech in's G'sicht niin g'saat. Robert, was ich dir saa, wenn düe je emol
          hyrotsch, no gib vor alle Dinge uff dini zükünftig Schwe- 
          
jeres acht. Wenn die Hoor uff de Zähn het, no hyrot ihri Doochter liewer nit.

        
",22,weber-yo-yo
67,comedy,Dokter Robert Schmitt,M,,,,"
          
Robert :

          
« 's Bescht wurd sin, m'r hyrot e Waiselmaidel. »

        
",22,weber-yo-yo
68,comedy,Jules Kleitz,M,,,upper_middle_class,"
          
Jules :

          
« Awer füer d'Redd nit ze vergesse,dü müesch mir helfe Roby, düe bisch Dokter, düe weisch ganz
          sicher ebs wo zejt, wo m'r mit d'Schwejeres züm Hüss nüss kriejt. »

        
",22,weber-yo-yo
69,comedy,Dokter Robert Schmitt,M,,,,"
          
Robert :

          
« Ebs wo zejt meinsch düe ? »

        
",23,weber-yo-yo
70,comedy,Jules Kleitz,M,,,upper_middle_class,"
          
Jules :

          
« Ja. Gall düe weisch schun ebs ? »

        
",23,weber-yo-yo
71,comedy,Dokter Robert Schmitt,M,,,,"
          
Robert :

          
« Ebs wo arich güet zejt isch e Karteblaa. »

        
",23,weber-yo-yo
72,comedy,Jules Kleitz,M,,,upper_middle_class,"
          
Jules

          
(verwundert) :

          
« E Karteblaa ? Ja was soll ich denn mit dem ? »

        
",24,weber-yo-yo
73,comedy,Dokter Robert Schmitt,M,,,,"
          
Robert

          
(lachend) :

          
« Dü hesch mir doch ebs verlangt wo zejt ? »

        
",24,weber-yo-yo
74,comedy,Jules Kleitz,M,,,upper_middle_class,"
          
Jules :

          
« So isch diss nit gemeint g'sin. Düe weisch ganz güet was ich mein.

        
",24,weber-yo-yo
75,comedy,Dokter Robert Schmitt,M,,,,"
          
Robert :

          
« Ja uff so Sache hab ich nit stüdiert. »

        
",25,weber-yo-yo
76,comedy,Jules Kleitz,M,,,upper_middle_class,"
          
Jules :

          
« Awer düe müesch mir einfach helfe, dass mini Schwejermame so bal wie möjlich nimmi vor mine Auwe
          rumyoyotiert.

        
",25,weber-yo-yo
77,comedy,Dokter Robert Schmitt,M,,,,"
          
Robert :

          
« Het dich dini Frau gern ? »

        
",25,weber-yo-yo
78,comedy,Jules Kleitz,M,,,upper_middle_class,"
          
Jules :

          
« Wie kannsch düe numme fröje, züem Fresse het sie mich gern. »

        
",26,weber-yo-yo
79,comedy,Dokter Robert Schmitt,M,,,,"
          
Robert :

          
« Un düe sie au ? »

        
",26,weber-yo-yo
80,comedy,Jules Kleitz,M,,,upper_middle_class,"
          
Jules :

          
« Nadierlich. »

        
",26,weber-yo-yo
81,comedy,Dokter Robert Schmitt,M,,,,"
          
Robert :

          
« Wie steht dini belle-mère züe dir ? »

        
",27,weber-yo-yo
82,comedy,Jules Kleitz,M,,,upper_middle_class,"
          
Jules :

          
« Wie Hund un Katz, un numme dorum, will sie immer ihre Dickkopf durich setze will un au kann. Ich
          glaub sie kann üwerhaupt kan Mann liede. »

        
",27,weber-yo-yo
83,comedy,Dokter Robert Schmitt,M,,,,"
          
Robert :

          
« No isch die Sach ganz einfach. »

        
",27,weber-yo-yo
84,comedy,Jules Kleitz,M,,,upper_middle_class,"
          
Jules :

          
« Diss meinsch numme düe. »

        
",28,weber-yo-yo
85,comedy,Dokter Robert Schmitt,M,,,,"
          
Robert :

          
« Einfach. Düe müesch emol dinnere Frau Gelejeheit gänn, dass sie sieht, wie ihri Maman üwer
          dich denkt. »

        
",28,weber-yo-yo
86,comedy,Jules Kleitz,M,,,upper_middle_class,"
          
Jules :

          
« Die Idee isch jo grossartig, awer wie soll ich diss numme mache ? »

        
",28,weber-yo-yo
87,comedy,Dokter Robert Schmitt,M,,,,"
          
Robert :

          
« Ebs einfachers wie diss gibt's j nit. »

        
",29,weber-yo-yo
88,comedy,Jules Kleitz,M,,,upper_middle_class,"
          
Jules :

          
« Nit? »

        
",29,weber-yo-yo
89,comedy,Dokter Robert Schmitt,M,,,,"
          
Robert :

          
« Düe stellsch dich emol füer e Viertel Stündel füer verruckt — ich kumm dezüe un mach de
          Rescht. »

        
",29,weber-yo-yo
90,comedy,Jules Kleitz,M,,,upper_middle_class,"
          
Jules :

          
« Dini Roll isch nit schwer, awer wie soll ich denne Verruckte markiere ? »

        
",30,weber-yo-yo
91,comedy,Dokter Robert Schmitt,M,,,,"
          
Robert :

          
« Düe spielsch ewe au e Düür Yo-Yo, lachsch un singsch viellicht noch dezüe. Die Sitüation
          müesch düe üssnutze wie sie sich grad dir presentiert. » 
          
(Man hört draussen sprechen.)

        
",30,weber-yo-yo
92,comedy,Jules Kleitz,M,,,upper_middle_class,"
          
Jules :

          
« Ich glaub es kummt jemand ! Roby, schnell, versteckel dich. Geh doch do hinter de Paravent,
          es derf dich do niemes sähn. » Robert 
          
(geht schnell hinter den Paravent).

        
",30,weber-yo-yo
93,comedy,Jules Kleitz,M,,,upper_middle_class,"
            
Jules

            
(für sich):

            
« Es spielt au Yo-Yo! »

          
",31,weber-yo-yo
94,comedy,Germaine,F,,,,"
            
Germaine :

            
« Isch mini Maman nit do Julot ? »

          
",31,weber-yo-yo
95,comedy,Jules Kleitz,M,,,upper_middle_class,"
            
Jules

            
(lieb) :

            
« Nein Liewi. Wie düe awer schun so güet Yo-Yo spiele kannsch ? »

          
",31,weber-yo-yo
96,comedy,Germaine,F,,,,"
            
Germaine

            
(ist schon wieder an der Türe):

            
« D'Maman turnt ganz sicher. 
            
(Kommt wieder zurück).
 Weisch Julot, diss neje Kleid geht mir wunderbar. Ich kumm grad
            vun de erschte Anprob. »

          
",32,weber-yo-yo
97,comedy,Jules Kleitz,M,,,upper_middle_class,"
            
Jules :

            
« Was isch diss füer e nejs Kleid ? »

          
",32,weber-yo-yo
98,comedy,Germaine,F,,,,"
            
Germarne :

            
« Ei s'Modell YO-YO! D'Maman wurd sicher e Plaisir dran han, gar wo sie mir g'saat het, dass ich's
            nämme soll. Un dir wurd's au sicher g'falle. »

          
",32,weber-yo-yo
99,comedy,Jules Kleitz,M,,,upper_middle_class,"
            
Jules :

            
« Miiiir ? »

          
",33,weber-yo-yo
100,comedy,Germaine,F,,,,"
            
Germaine :

            
« Nädierlich dir au. »

          
",33,weber-yo-yo
101,comedy,Jules Kleitz,M,,,upper_middle_class,"
            
Jules :

            
« Ich glaub nit, dass es mir g'falle wurd. »

          
",33,weber-yo-yo
102,comedy,Germaine,F,,,,"
            
Germaine :

            
« Ja un werum denn nit ? »

          
",34,weber-yo-yo
103,comedy,Jules Kleitz,M,,,upper_middle_class,"
            
Jules :

            
« Werum ? »

          
",34,weber-yo-yo
104,comedy,Germaine,F,,,,"
            
Germaine :

            
« Ja? »

          
",34,weber-yo-yo
105,comedy,Jules Kleitz,M,,,upper_middle_class,"
            
Jules :

            
« Will ich ewe genüej hab, wenn dinni Maman do hinne alles kummediert. Ich hab's satt noch ihre
            Pfiff ze danze. »

          
",35,weber-yo-yo
106,comedy,Germaine,F,,,,"
            
Germaine :

            
« Awer d'Maman meint's jo numme güet mit uns. »

          
",35,weber-yo-yo
107,comedy,Jules Kleitz,M,,,upper_middle_class,"
            
Jules :

            
« Ah sie meint's au noch güet mit uns ? Ja siehsch düe denn nit, was ich immer füer Wüet schlucke
            müess ? »

          
",35,weber-yo-yo
108,comedy,Germaine,F,,,,"
            
Germaine :

            
« Wüet? Ja wie so denn ? »

          
",36,weber-yo-yo
109,comedy,Jules Kleitz,M,,,upper_middle_class,"
            
Jules :

            
« Saa Germaine, könne mir zwei do hinne noch mache wie mir wölle, zitter dass dinni Mamman by
            uns isch ? Han mir zwei viellicht eini Minüd im Daa, wo mir saawe könne, sie isch unser ? »

          
",36,weber-yo-yo
110,comedy,Germaine,F,,,,"
            
Germaine

            
(weint) :

            
Düe kannsch einfach minni Maman nit liede ! »

          
",36,weber-yo-yo
111,comedy,Jules Kleitz,M,,,upper_middle_class,"
            
Jules :

            
« Vun dem isch jetzt nit d'Redd. »

          
",37,weber-yo-yo
112,comedy,Germaine,F,,,,"
            
Germaine :

            
« Doch, doch. »

          
",37,weber-yo-yo
113,comedy,Jules Kleitz,M,,,upper_middle_class,"
            
Jules :

            
« Güet nämme mir aan, ich kann dinni Maman nit liede wie düe saasch. Hesch düe viellicht awer
            schun gemerigt, dass dinni Maman mich güet liede kann ? »

          
",37,weber-yo-yo
114,comedy,Germaine,F,,,,"
            
Germaine :

            
« Sie het ewe so e Charakter. »

          
",38,weber-yo-yo
115,comedy,Jules Kleitz,M,,,upper_middle_class,"
            
Jules :

            
« Ah so, sie het e so e Charakter . »

          
",38,weber-yo-yo
116,comedy,Germaine,F,,,,"
            
Germaine :

            
« Ja, sie isch au immer mit'm Papa so g'sinn, wo er noch geläbt het. »

          
",38,weber-yo-yo
117,comedy,Jules Kleitz,M,,,upper_middle_class,"
            
Jules :

            
« Un wohrschint's vorhere au mit dene andere zwei Männer, wo sie vor dim Papa uff de Gottsacker
            gebrocht het ! »

          
",39,weber-yo-yo
118,comedy,Germaine,F,,,,"
            
Germaine

            
(tritt mit dem Fuss auf den Boden) :

            
« Jules, düe beleidigsch minni Maman ! »

          
",39,weber-yo-yo
119,comedy,Jules Kleitz,M,,,upper_middle_class,"
            
Jules :

            
« Ich ? »

          
",39,weber-yo-yo
120,comedy,Germaine,F,,,,"
            
Germaine :

            
« Ja düe ! » 
            
(Geht schnell hinten ab).

          
",40,weber-yo-yo
121,comedy,Jules Kleitz,M,,,upper_middle_class,"
            
Jules :

            
« Hopplaa, do hammer's jo schun wieder. Hesch g'hört Roby ? »

          
",40,weber-yo-yo
122,comedy,Dokter Robert Schmitt,M,,,,"
            
Robert

            
(kommt hinter dem Paravent hervor) :

            
« Ja Jules. » 
            
(lacht).

          
",40,weber-yo-yo
123,comedy,Jules Kleitz,M,,,upper_middle_class,"
            
Jules :

            
« Düe lachsch ? »

          
",41,weber-yo-yo
124,comedy,Dokter Robert Schmitt,M,,,,"
            
Robert :

            
« Düe hesch ewe malchance g'het mit dinnere Schwejermamme. Was! un au schun 3 Männer het sie
            g'het ? »

          
",41,weber-yo-yo
125,comedy,Jules Kleitz,M,,,upper_middle_class,"
            
Jules :

            
« Ja denk emol. Ich bin viellicht ihr viert's Opfer. »

          
",41,weber-yo-yo
126,comedy,Dokter Robert Schmitt,M,,,,"
            
Robert :

            
« Do kann numme e Gewaltkür helfe. »

          
",42,weber-yo-yo
127,comedy,Jules Kleitz,M,,,upper_middle_class,"
            
Jules :

            
« Diss isch s'richtige Wort. Ich will jetzt emol die Schwejeres mit Gewalt
            küriere. »

          
",42,weber-yo-yo
128,comedy,Dokter Robert Schmitt,M,,,,"
            
Robert :

            
« No will ich awer schnell verschwinde, denn ich will uff keine Fall Zeje sinn. »

          
",42,weber-yo-yo
129,comedy,Jules Kleitz,M,,,upper_middle_class,"
            
Jules :

            
« Düe kummsch awer wieder ? »

          
",43,weber-yo-yo
130,comedy,Dokter Robert Schmitt,M,,,,"
            
Robert :

            
« Wie lang witt düe die Komedie triewe ? »

          
",43,weber-yo-yo
131,comedy,Jules Kleitz,M,,,upper_middle_class,"
            
Jules :

            
« Meinsch langt e halb Stund ? »

          
",43,weber-yo-yo
132,comedy,Dokter Robert Schmitt,M,,,,"
            
Robert :

            
« Uewerüss. »

          
",44,weber-yo-yo
133,comedy,Jules Kleitz,M,,,upper_middle_class,"
            
Jules :

            
« Güet, ze fange mir glich aan, denn weisch es wurd nit lang düüre ze steht sie schun
            do. »

          
",44,weber-yo-yo
134,comedy,Dokter Robert Schmitt,M,,,,"
            
Robert :

            
« Also no bonne chance ! »

          
",44,weber-yo-yo
135,comedy,Jules Kleitz,M,,,upper_middle_class,"
            
Jules :

            
« Kumm geh grad durich de Garde, un druck mir de Dümme. »

          
",45,weber-yo-yo
136,comedy,Dokter Robert Schmitt,M,,,,"
            
Robert :

            
« Do hesch düe erecht. Allez salüt. » 
            
(geht rechts ab).

          
",45,weber-yo-yo
137,comedy,Jules Kleitz,M,,,upper_middle_class,"
            
Jules :

            
« Salüt Robes! »

          
",45,weber-yo-yo
138,comedy,Jules Kleitz,M,,,upper_middle_class,"
            
Jules :

            
« Ja, wie fang ich jetzt diss Theäterle aan ? Halt, ich glaub, ich setz mich am beschte nuff
            uff de Tisch. Do kummt sie nit so schnell züe mir 
            
(stellt einen Stuhl auf den Tisch, setzt sich auf diesen Stuhl und beginnt Yo-Yo zu
            spielen)
 Yo-Yo! Ja, jo, jo! So jetzt fehlt numme noch..... aha, ich glaub es kummt
            jemand. »

          
",46,weber-yo-yo
139,comedy,Henriette Fleischmann,F,,,,"
            
Henriette

            
(draussen) :

            
« Ja, wo steckt er denn ? »

          
",46,weber-yo-yo
140,comedy,Henriette Fleischmann,F,,,,"
            
Henriette

            
(kommt hinten herein — spielt während der ganzen Scene Yo-Yo):

            
« Wo isch denn minner Herr Schwejersohn, wo so Sache üwer mich saat ? 
            
(sieht J. auf dem Tisch).
 Ja was sinn denn diss anfangs füer Maniere ? »

          
",46,weber-yo-yo
141,comedy,Jules Kleitz,M,,,upper_middle_class,"
            
Jules

            
(spielt auch während der ganzen Scene, d.h. bis Robert wieder kommt Yo-Yo):

            
« Yo-Yo! »

          
",47,weber-yo-yo
142,comedy,Henriette Fleischmann,F,,,,"
            
Henriette :

            
« Müen denn Sie uff de Tisch für Yo-Yo ze spiele ? »

          
",47,weber-yo-yo
143,comedy,Jules Kleitz,M,,,upper_middle_class,"
            
Jules :

            
« Yo-Yo! »

          
",47,weber-yo-yo
144,comedy,Henriette Fleischmann,F,,,,"
            
Henriette :

            
« Herr Kleitz, sie brüche nit mit Gewalt die Möwel kapütt ze mache, wo ich minere Doochter
            kauft hab, wo sie Sie g'hyrot het, verstehn Sie mich ? »

          
",48,weber-yo-yo
145,comedy,Jules Kleitz,M,,,upper_middle_class,"
            
Jules

            
(lacht) :

            
« Yo-Yo! »

          
",48,weber-yo-yo
146,comedy,Henriette Fleischmann,F,,,,"
            
Henriette :

            
« Ja sinn Sie denn gebickt ? Mösjö Kleitz, mache Sie, dass Sie sofort do vun dem Stüehl un
            dem Tisch erunter kumme, sunscht hol ich Sie eijehändig erunter, sie Daadieb !! »

          
",48,weber-yo-yo
147,comedy,Jules Kleitz,M,,,upper_middle_class,"
            
Jules :

            
« Yo-Yo! »

          
",49,weber-yo-yo
148,comedy,Henriette Fleischmann,F,,,,"
            
Henriette :

            
« Do hört doch alles uff ! So e Frechheit. » 
            
(Geht nahe an den Tisch heran).

          
",49,weber-yo-yo
149,comedy,Jules Kleitz,M,,,upper_middle_class,"
            
Jules :

            
« Yo-Yo ! 
            
(macht das Yo-Yo Henriette direckt vor der Nase herum tanzen).

            
(Lacht)
 « Yo-Yo! »

          
",49,weber-yo-yo
150,comedy,Henriette Fleischmann,F,,,,"
            
Henriette

            
(brüllt) :

            
« Herr... Kleitz !!! » 
            
(reisst das Yo-Yo Jules aus der Hand und geht vom Tisch weg).

          
",50,weber-yo-yo
151,comedy,Jules Kleitz,M,,,upper_middle_class,"
            
Jules :

            
« Ooooh!! » 
            
(holt ein anderes Yo-Yo aus der Tasche und spielt weiter)
: « Yo-Yo, isch wieder doooo
            ! Bravoooo ! 
            
(lacht)

          
",50,weber-yo-yo
152,comedy,Henriette Fleischmann,F,,,,"
            
Henriette

            
(sieht nun, dass Jules wieder ein Yo-Yo hat):

            
« Ja was isch denn diss? ? »

          
",50,weber-yo-yo
153,comedy,Jules Kleitz,M,,,upper_middle_class,"
            
Jules :

            
« Yo-Yo! »

          
",51,weber-yo-yo
154,comedy,Henriette Fleischmann,F,,,,"
            
Henriette

            
(geht schnell an die Türe hinten).

          
",51,weber-yo-yo
155,comedy,Jules Kleitz,M,,,upper_middle_class,"
            
Jules

            
(für sich) :

            
« Es schinnt ze zeje ! »

          
",51,weber-yo-yo
156,comedy,Henriette Fleischmann,F,,,,"
            
Henriette :

            
« Marie! ..... Marie ! ! 
            
(bleibt an der Türe stehen).
 Marie ! ! »

          
",52,weber-yo-yo
157,comedy,Marie,F,domestic_worker,elementary_professions,lower_class,"
            
Marie

            
(draussen) :

            
« Ja Madame Fleischmann. »

          
",52,weber-yo-yo
158,comedy,Henriette Fleischmann,F,,,,"
            
Henriette :

            
« Hole sie emol schnell minni Doochter do here. »

          
",52,weber-yo-yo
159,comedy,Marie,F,domestic_worker,elementary_professions,lower_class,"
            
Marie :

            
« Ja Madame Fleischmann. »

          
",53,weber-yo-yo
160,comedy,Henriette Fleischmann,F,,,,"
            
Henriette

            
(kommt wieder nach vorn) :

            
« Un diss will e Mann sinn ? »

          
",53,weber-yo-yo
161,comedy,Jules Kleitz,M,,,upper_middle_class,"
            
Jules :

            
« Yo-Yo! »

          
",53,weber-yo-yo
162,comedy,Henriette Fleischmann,F,,,,"
            
Henriette

            
(geht wieder nach hinten):

            
« Wo bliet numme s'Germaine ? »

          
",54,weber-yo-yo
163,comedy,Germaine,F,,,,"
            
Germaine

            
(kommt aufgeregt hinten herein — ohne Hut — hat ein Taschentuch in der Hand — sie hat
            geweint) :

            
Was soll denn sin Maman ? »

          
",54,weber-yo-yo
164,comedy,Henriette Fleischmann,F,,,,"
            
Henriette

            
(zeigt auf Jules) :

            
« Do luej emol ! »

          
",54,weber-yo-yo
165,comedy,Jules Kleitz,M,,,upper_middle_class,"
            
Jules

            
(spielt immer weiter) :

            
« Yo-Yo! »

          
",55,weber-yo-yo
166,comedy,Germaine,F,,,,"
            
Germaine :

            
« Ja was isch denn diss ? »

          
",55,weber-yo-yo
167,comedy,Jules Kleitz,M,,,upper_middle_class,"
            
Jules :

            
« Yo-Yo! »

          
",55,weber-yo-yo
168,comedy,Henriette Fleischmann,F,,,,"
            
Henriette :

            
« Dim Mann isch e Rädel im Kopf luck worre. »

          
",56,weber-yo-yo
169,comedy,Germaine,F,,,,"
            
Germaine

            
(am Tisch) :

            
« Ja Jules, was machsch denn do ? »

          
",56,weber-yo-yo
170,comedy,Jules Kleitz,M,,,upper_middle_class,"
            
Jules :

            
« Yo-Yo! »

          
",56,weber-yo-yo
171,comedy,Germaine,F,,,,"
            
Germaine :

            
« Jules, Jules ! »

          
",57,weber-yo-yo
172,comedy,Henriette Fleischmann,F,,,,"
            
Henriette :

            
« Loss düe ne numme, er wurd schun wieder züe sich kumme. »

          
",57,weber-yo-yo
173,comedy,Jules Kleitz,M,,,upper_middle_class,"
            
Jules

            
(lacht ganz laut) :

            
« Yo-Yo!! »

          
",57,weber-yo-yo
174,comedy,Germaine,F,,,,"
            
Germaine

            
(bittend) :

            
« Jules was hesch düe denn um de Gotteswille ? »

          
",58,weber-yo-yo
175,comedy,Jules Kleitz,M,,,upper_middle_class,"
            
Jules

            
(lacht und singt — holt aus seiner Tasche ein weiteres Yo-Yo und spielt nun mit
            beiden).

          
",58,weber-yo-yo
176,comedy,Henriette Fleischmann,F,,,,"
            
Henriette :

            
« Ja was isch denn diss ? Die Yo-Yo sin jo alli mine. Do het sie also d'Katz doch nit verschleift,
            wie's immer g'heisse het. Miner Schwejersohn vergrifft sich also au noch an mim Eijetum ! Es kummt jo
            immer scheener do hinne ! ! ».

          
",58,weber-yo-yo
177,comedy,Jules Kleitz,M,,,upper_middle_class,"
            
Jules

            
(steht nun auf den Stuhl und spielt weiter):

            
: « Yo-Yo! »

          
",59,weber-yo-yo
178,comedy,Germaine,F,,,,"
            
Germaine :

            
« Maman, Maman er fallt ganz sicher noch erunter. Mir müen ne erunterhole. »

          
",59,weber-yo-yo
179,comedy,Henriette Fleischmann,F,,,,"
            
Henriette :

            
« Los düe numme, wenn sich sini Nerve berüehigt han, no kummt er schun ellein erunter. »

          
",59,weber-yo-yo
180,comedy,Jules Kleitz,M,,,upper_middle_class,"
            
Jules :

            
« Yo-Yo! »

          
",60,weber-yo-yo
181,comedy,Germaine,F,,,,"
            
Germaine :

            
« Jules, min liewer Jules, kumm düe doch do erunter. »

          
",60,weber-yo-yo
182,comedy,Henriette Fleischmann,F,,,,"
            
Henriette :

            
« Ja was isch denn diss mit dir Germaine ? Schämmsch düe dich nit so by'm e Mann anzehalte,
            wo nit wert isch, dass m'r numme e Finger wäje ihm rührt ! »

          
",60,weber-yo-yo
183,comedy,Germaine,F,,,,"
            
Germaine :

            
« Awer Maman ! »

          
",61,weber-yo-yo
184,comedy,Henriette Fleischmann,F,,,,"
            
Henriette :

            
« Blie stille! Er isch e Nixnutz, e Füllenzer. E Mann wie sinere lieb Schwejermame ihri Sache
            nimmt isch züe allem fähig. »

          
",61,weber-yo-yo
185,comedy,Jules Kleitz,M,,,upper_middle_class,"
            
Jules :

            
« Yo-Yo! »

          
",61,weber-yo-yo
186,comedy,Henriette Fleischmann,F,,,,"
            
Henriette :

            
« Ich bin sicher er markiert numme. »

          
",62,weber-yo-yo
187,comedy,Germaine,F,,,,"
            
Germaine :

            
« Un wenn's awer nit wohr wär Maman ? Wenn er awer krank wär ? »

          
",62,weber-yo-yo
188,comedy,Henriette Fleischmann,F,,,,"
            
Henriette :

            
« Krank ? » 
            
(lacht).
 « Der un krank ? »

          
",62,weber-yo-yo
189,comedy,Germaine,F,,,,"
            
Germaine :

            
« So ebs het er doch noch nie gemacht. »

          
",63,weber-yo-yo
190,comedy,Henriette Fleischmann,F,,,,"
            
Henriette :

            
« Do isch e kalti Dusch d'allerbescht Medizin füer ihne 
            
(geht an die Türe — öffnet und ruft hinaus)
 Marie,bringe sie emol sofort e Eimer ganz
            kalts Wasser. ».

          
",63,weber-yo-yo
191,comedy,Jules Kleitz,M,,,upper_middle_class,"
            
Jules :

            
« Yo-Yo. »

          
",63,weber-yo-yo
192,comedy,Germaine,F,,,,"
            
Germaine :

            
« Was witt düe denn mache, Maman ? »

          
",64,weber-yo-yo
193,comedy,Henriette Fleischmann,F,,,,"
            
Henriette :

            
« De Kopf will ich ihm in kalts Wasse dunke, dass er wieder züe sich kummt. »

          
",64,weber-yo-yo
194,comedy,Jules Kleitz,M,,,upper_middle_class,"
            
Jules

            
(für sich):

            
« Zersch müesch hesch ! Yo-Yo! »

          
",64,weber-yo-yo
195,comedy,Germaine,F,,,,"
            
Germaine :

            
« Nein Maman, so ebs lied ich nit. »

          
",65,weber-yo-yo
196,comedy,Henriette Fleischmann,F,,,,"
            
Henriette :

            
« Diss liedsch düe nit ? »

          
",65,weber-yo-yo
197,comedy,Germaine,F,,,,"
            
Germaine :

            
« Nein Maman ! »

          
",65,weber-yo-yo
198,comedy,Henriette Fleischmann,F,,,,"
            
Henriette :

            
« Was bisch doch düe füer e dumms Kind ! Wenn düe au emol de dritt od'r de viert Mann hesch, no
            wursch düe au andersch mit ne. Die Männer müess m'r immer mit Gewalt in Zucht un Ordnung halte. So
            Plän wie er do macht derf m'r einfach nit uffkumme lonn. Merik düe dir diss, düe Gänsel ! »

          
",66,weber-yo-yo
199,comedy,Jules Kleitz,M,,,upper_middle_class,"
            
Jules :

            
« Yo-Yo! »

          
",66,weber-yo-yo
200,comedy,Marie,F,domestic_worker,elementary_professions,lower_class,"
            
Marie

            
(kommt mit einem Eimer hinten herein) :

            
So Madame Fleischmann ! 
            
(sieht Jules)
: Oh Jesses, d'r Herr!! »

          
",66,weber-yo-yo
201,comedy,Jules Kleitz,M,,,upper_middle_class,"
            
Jules :

            
« Yo-Yo! »

          
",67,weber-yo-yo
202,comedy,Marie,F,domestic_worker,elementary_professions,lower_class,"
            
Marie :

            
« Er isch doch vorhere noch by sich g'sin ! »

          
",67,weber-yo-yo
203,comedy,Germaine,F,,,,"
            
Germaine :

            
« Marie, hole sie sofort e Dokter. »

          
",67,weber-yo-yo
204,comedy,Henriette Fleischmann,F,,,,"
            
Henriette :

            
« Diss het noch Zytt. »

          
",68,weber-yo-yo
205,comedy,Marie,F,domestic_worker,elementary_professions,lower_class,"
            
Marie :

            
« Ja der Herr Dokter Schmitt isch jo schun bym Herr g'sin. »

          
",68,weber-yo-yo
206,comedy,Germaine,F,,,,"
            
Germaine :

            
« De Herr Dokter Schmitt ? »

          
",68,weber-yo-yo
207,comedy,Marie,F,domestic_worker,elementary_professions,lower_class,"
            
Marie :

            
« Ja Madame. »

          
",69,weber-yo-yo
208,comedy,Germaine,F,,,,"
            
Germaine :

            
« Sott er am End g'spiert han, dass er krank isch ? »

          
",69,weber-yo-yo
209,comedy,Henriette Fleischmann,F,,,,"
            
Henriette :

            
« Plän vun Paris. Marie hälfe sie mir de Herr do runter hole. »

            
(Es klingelt.)

          
",69,weber-yo-yo
210,comedy,Germaine,F,,,,"
            
Germaine :

            
« Wer isch jetzt diss ? »

          
",70,weber-yo-yo
211,comedy,Henriette Fleischmann,F,,,,"
            
Henriette :

            
« Marie lüeje sie schnell, un lonn sie niemes do eriin. »

          
",70,weber-yo-yo
212,comedy,Marie,F,domestic_worker,elementary_professions,lower_class,"
            
Marie :

            
« Güet Madame. »

          
",70,weber-yo-yo
213,comedy,Henriette Fleischmann,F,,,,"
            
Henriette :

            
« Madame Fleischmann heiss ich. »

          
",71,weber-yo-yo
214,comedy,Marie,F,domestic_worker,elementary_professions,lower_class,"
            
Marie :

            
« Ja Madame Fleischmann. » 
            
(hinten ab).

          
",71,weber-yo-yo
215,comedy,Jules Kleitz,M,,,upper_middle_class,"
            
Jules :

            
« Yo-Yo! »

          
",71,weber-yo-yo
216,comedy,Germaine,F,,,,"
            
Germaine

            

            
(am Tisch:)
 « Jules, liewer Jules. Was hesch dü denn? Kumm doch do
            erunter. »

          
",72,weber-yo-yo
217,comedy,Henriette Fleischmann,F,,,,"
            
Henriette :

            
« Ich hol ne no schun erunter. Warte sie numme, sie min liewer Schwejersohn. »

          
",72,weber-yo-yo
218,comedy,Jules Kleitz,M,,,upper_middle_class,"
            
Jules :

            
« Yo-Yo! »

          
",72,weber-yo-yo
219,comedy,Germaine,F,,,,"
            
Germaine

            
(weint, setzt sich auf's Canapé).

          
",73,weber-yo-yo
220,comedy,Henriette Fleischmann,F,,,,"
            
Henriette :

            
« Ich glaub düe hielsch au noch! So einer wie der bekummsch düe immer noch. Ich süech dir
            emol sälwer einer, wenns e so witt isch. »

          
",73,weber-yo-yo
221,comedy,Jules Kleitz,M,,,upper_middle_class,"
            
Jules :

            
« Yo-Yo! »

          
",73,weber-yo-yo
222,comedy,Marie,F,domestic_worker,elementary_professions,lower_class,"
            
Marie

            
(kommt hinten herein).

          
",74,weber-yo-yo
223,comedy,Henriette Fleischmann,F,,,,"
            
Henriette :

            
« Wer isch's denn ? »

          
",74,weber-yo-yo
224,comedy,Marie,F,domestic_worker,elementary_professions,lower_class,"
            
Marie :

            
« Ei der Herr Dokter Schmitt isch noch emol kumme. »

          
",74,weber-yo-yo
225,comedy,Germaine,F,,,,"
            
Germaine :

            
« Er soll glich eriinkumme. »

          
",75,weber-yo-yo
226,comedy,Henriette Fleischmann,F,,,,"
            
Henriette :

            
« Füer was denn ? »

          
",75,weber-yo-yo
227,comedy,Germaine,F,,,,"
            
Germaine :

            
« Marie gehn sie. »

          
",75,weber-yo-yo
228,comedy,Marie,F,domestic_worker,elementary_professions,lower_class,"
            
Marie :

            
« Güet Madame. » 
            
(geht hinten ab).

          
",76,weber-yo-yo
229,comedy,Henriette Fleischmann,F,,,,"
            
Henriette :

            
« Düe wursch dinner läbdes Daa nit g'schejt. »

          
",76,weber-yo-yo
230,comedy,Jules Kleitz,M,,,upper_middle_class,"
            
Jules :

            
« Yo-Yo ! »

          
",76,weber-yo-yo
231,comedy,Marie,F,domestic_worker,elementary_professions,lower_class,"
            
Marie

            
(macht die Türe auf und lässt Robert herein — kommt dann auch herein).

          
",77,weber-yo-yo
232,comedy,Dokter Robert Schmitt,M,,,,"
            
Robert :

            
« Bonjour Mesdames. »

          
",77,weber-yo-yo
233,comedy,Germaine,F,,,,"
            
Germaine :

            
« Güet, dass sie kumme sinn Herr Dokter. Minner Mann... o Gott! »

          
",77,weber-yo-yo
234,comedy,Jules Kleitz,M,,,upper_middle_class,"
            
Jules :

            
« Yo-Yo ! »

          
",78,weber-yo-yo
235,comedy,Dokter Robert Schmitt,M,,,,"
            
Robert :

            
« Ich hab's doch vorhin schun gedenkt, wo ich do bin g'sinn. Ich bin dorum au noch emol
            kumme. »

          
",78,weber-yo-yo
236,comedy,Germaine,F,,,,"
            
Germaine :

            
« Gälle sie, er isch krank? »

          
",78,weber-yo-yo
237,comedy,Dokter Robert Schmitt,M,,,,"
            
Robert :

            
« Sicher e schlimmer Fall, Madame Kleitz. »

          
",79,weber-yo-yo
238,comedy,Germaine,F,,,,"
            
Germaine :

            
« O Gott! » 
            
(setzt sich weinend auf das Canapé).

          
",79,weber-yo-yo
239,comedy,Dokter Robert Schmitt,M,,,,"
            
Robert

            
(geht an den Tisch) :

            
« Jules... Jules! Zeij hör emol. Ich hab dich ebs fröje wölle. »

          
",79,weber-yo-yo
240,comedy,Jules Kleitz,M,,,upper_middle_class,"
            
Jules

            
(betrachtet Robert).

          
",80,weber-yo-yo
241,comedy,Dokter Robert Schmitt,M,,,,"
            
Robert :

            
« Kumm doch emol do erunter. »

          
",80,weber-yo-yo
242,comedy,Jules Kleitz,M,,,upper_middle_class,"
            
Jules :

            
« Ja ich kumm glich. Yo-Yo ! 
            
(geht vom Tisch herunter)
 Yo-Yo! »

          
",80,weber-yo-yo
243,comedy,Dokter Robert Schmitt,M,,,,"
            
Robert

            
(zu Henriette) :

            
« Mir müen arich vorsichtig mit ihm sinn. »

          
",81,weber-yo-yo
244,comedy,Germaine,F,,,,"
            
Germaine

            
(steht auf):

            
« Nadierlich. »

          
",81,weber-yo-yo
245,comedy,Dokter Robert Schmitt,M,,,,"
            
Robert

            
(führt Jules an das Canapé — macht ihn sitzen):

            
« Bringe sie mir doch schnell e kalts Tüch füer um de Kopf. »

          
",81,weber-yo-yo
246,comedy,Marie,F,domestic_worker,elementary_professions,lower_class,"
            
Marie

            
(holt schnell ein grosses Tuch).

          
",82,weber-yo-yo
247,comedy,Dokter Robert Schmitt,M,,,,"
            
Robert

            
(fühlt in der Zwischenzeit den Puls von Jules) :

            
« De Puls isch ganz normal. »

          
",82,weber-yo-yo
248,comedy,Germaine,F,,,,"
            
Germaine :

            
« Isch's denn schlimm, Herr Dokter? »

          
",82,weber-yo-yo
249,comedy,Dokter Robert Schmitt,M,,,,"
            
Robert :

            
« Ich kann noch nix saawe. »

          
",83,weber-yo-yo
250,comedy,Marie,F,domestic_worker,elementary_professions,lower_class,"
            
Marie

            
(bringt nun das Tuch).

          
",83,weber-yo-yo
251,comedy,Dokter Robert Schmitt,M,,,,"
            
Robert

            
(bindet das Tuch Jules um den Kopf — lässt Jules dann sitzen — geht auf die andere Seite —
            winkt Germaine).

          
",83,weber-yo-yo
252,comedy,Henriette Fleischmann,F,,,,"
            
Henriette

            
(zu Marie):

            
Sie könne jetzt gehn. »

          
",84,weber-yo-yo
253,comedy,Marie,F,domestic_worker,elementary_professions,lower_class,"
            
Marie

            
(geht hinten ab).

          
",84,weber-yo-yo
254,comedy,Germaine,F,,,,"
            
Germaine

            
(geht zu Robert):

            
« Was meine Sie, Herr Dokter ? »

          
",84,weber-yo-yo
255,comedy,Henriette Fleischmann,F,,,,"
            
Henriette

            
(zu Robert):

            
« Wurd er nimmi güet ? »

          
",85,weber-yo-yo
256,comedy,Dokter Robert Schmitt,M,,,,"
            
Robert :

            
« Unter Umstände kann der Züstand lang anhalte. »

          
",85,weber-yo-yo
257,comedy,Henriette Fleischmann,F,,,,"
            
Henriette :

            
« No müesch düe dich ewe scheide lonn. Düe kannsch nit din ganze Läwe bym e Narr
            sinn. »

          
",85,weber-yo-yo
258,comedy,Germaine,F,,,,"
            
Germaine :

            
« Awer Maman ! »

          
",86,weber-yo-yo
259,comedy,Dokter Robert Schmitt,M,,,,"
            
Robert :

            
« Hett er sich denn in de letschte Zyt viel uffgerejt ? »

          
",86,weber-yo-yo
260,comedy,Germaine,F,,,,"
            
Germaine :

            
« Ja manichmol. »

          
",86,weber-yo-yo
261,comedy,Henriette Fleischmann,F,,,,"
            
Henriette :

            
« Wie kannsch düe numme so dumm babble. Ich hab mich mit ihm als uffreje müen. Er isch ewe krank.
            Wenn ich nit immer nochgänn hät, ze wär jo nie in dem Hüss Friede g'sinn. »

          
",87,weber-yo-yo
262,comedy,Germaine,F,,,,"
            
Germaine

            
(geht zu Jules — betrachtet ihn — geht wieder zu Robert) :

            
« Er schlooft jetzt. »

          
",87,weber-yo-yo
263,comedy,Dokter Robert Schmitt,M,,,,"
            
Robert :

            
« Um so besser. Ich mach ihne jetzt folgender Vorschlaa. Ich hab doch noch e 
            
Commission un geh no glich bym'e Spezialischt füer Nerve durich. Ich bring ne glich mit.
            Sott sich de Züstand nit bal bessere no mien mir ne in d'Nerveklinik mache. Ich will uff alli Fäll au
            s'Auto b'stelle. »

          
",87,weber-yo-yo
264,comedy,Henriette Fleischmann,F,,,,"
            
Henriette :

            
« Zäll wurd üwerhaupt s'beschte sinn. »

          
",88,weber-yo-yo
265,comedy,Dokter Robert Schmitt,M,,,,"
            
Robert :

            
« Also ich bin bal wieder do. » 
            
(geht hinten ab).

          
",88,weber-yo-yo
266,comedy,Henriette Fleischmann,F,,,,"
            
Henriette :

            
« So hesch düe müen niinfalle ! Hesch e Mann un doch keiner. S'bescht wär, wenn er bal sterwe
            dät. »

          
",88,weber-yo-yo
267,comedy,Germaine,F,,,,"
            
Germaine :

            
« Wie kannsch düe numme so redde, Maman. »

          
",89,weber-yo-yo
268,comedy,Henriette Fleischmann,F,,,,"
            
Henriette :

            
« Ja, was witt düe denn mit-eme Mann wo narrisch isch ? »

          
",89,weber-yo-yo
269,comedy,Germaine,F,,,,"
            
Germaine :

            
« Viellicht wurd er doch wieder guet. »

          
",89,weber-yo-yo
270,comedy,Henriette Fleischmann,F,,,,"
            
Henriette :

            
« So Kranki wäre nie wieder ganz guet. 
            
(geht nach hinten)
 Ich hab weijer diss Johr kein scheeni Ferie by dir. » 
            
(hinten ab).

          
",90,weber-yo-yo
271,comedy,Germaine,F,,,,"
            
Germaine

            
(geht zu Jules — setzt sich neben ihn) :

            
« Jules min liewer Jules! Un ich hab vorhin au noch wäje de Maman mit dir so dischpetiert ! Was
            isch doch e Mensch ? Eini Minüd isch m-r g'sund un lacht un glich druff kann m'r schwer krank sinn.
            Wie wurd die Krankheit üssgehn. »

            
(nimmt Jules in ihre Arme).

          
",90,weber-yo-yo
272,comedy,Jules Kleitz,M,,,upper_middle_class,"
            
Jules

            
(lehnt seinen Kopf an die Schulter von Germaine).

          
",90,weber-yo-yo
273,comedy,Germaine,F,,,,"
            
Germaine :

            
Un ich hab dich doch so arich gern g'het. 
            
(küsst Jules)
 Min liewer Jules ! 
            
(küsst Jules).

          
",91,weber-yo-yo
274,comedy,Jules Kleitz,M,,,upper_middle_class,"
            
Jules

            
(küsst Germaine).

          
",91,weber-yo-yo
275,comedy,Germaine,F,,,,"
            
Germaine :

            
« Er het mir e Schmutz gänn. Isch am End die Krankheit doch nit so schimm wie de Dokter meint
            ? Jules! 
            
(küsst Jules wieder auf den Mund). »

          
",91,weber-yo-yo
276,comedy,Jules Kleitz,M,,,upper_middle_class,"
            
Jules

            
(küsst Germaine).

          
",92,weber-yo-yo
277,comedy,Germaine,F,,,,"
            
Germaine :

            
« Jetzt schun wieder. »

          
",92,weber-yo-yo
278,comedy,Jules Kleitz,M,,,upper_middle_class,"
            
Jules

            
(öffnet die Augen — stöhnt — schaut nun Germaine an):

            
« Germaine ! »

          
",92,weber-yo-yo
279,comedy,Germaine,F,,,,"
            
Germaine :

            
« Kennsch mich Jules ? »

          
",93,weber-yo-yo
280,comedy,Jules Kleitz,M,,,upper_middle_class,"
            
Jules :

            
« Ja. » 
            
(macht das Tuch vom Kopfe weg).

          
",93,weber-yo-yo
281,comedy,Germaine,F,,,,"
            
Germaine :

            
« Loss, Jules, loss. »

          
",93,weber-yo-yo
282,comedy,Jules Kleitz,M,,,upper_middle_class,"
            
Jules :

            
« Werum denn ? »

          
",94,weber-yo-yo
283,comedy,Germaine,F,,,,"
            
Germaine :

            
« loss diss Tuech Jules. »

          
",94,weber-yo-yo
284,comedy,Jules Kleitz,M,,,upper_middle_class,"
            
Jules :

            
« Ich brüch's jetzt nimmi. »

          
",94,weber-yo-yo
285,comedy,Germaine,F,,,,"
            
Germaine :

            
« Doch Jules, min liewer Jules. »

          
",95,weber-yo-yo
286,comedy,Jules Kleitz,M,,,upper_middle_class,"
            
Jules :

            
« Min liebs Germaine, min herzigs Kind. »

          
",95,weber-yo-yo
287,comedy,Germaine,F,,,,"
            
Germaine :

            
« Was denn ? »

          
",95,weber-yo-yo
288,comedy,Jules Kleitz,M,,,upper_middle_class,"
            
Jules :

            
« Mir zwei han uns doch gern ? »

          
",96,weber-yo-yo
289,comedy,Germaine,F,,,,"
            
Germaine. :

            
« Nadierlich Jules ! »

          
",96,weber-yo-yo
290,comedy,Jules Kleitz,M,,,upper_middle_class,"
            
Jules :

            
« No soll dinni Mamman widder heime gehn. »

          
",96,weber-yo-yo
291,comedy,Germaine,F,,,,"
            
Germaine :

            
« Awer Jules. »

          
",97,weber-yo-yo
292,comedy,Jules Kleitz,M,,,upper_middle_class,"
            
Jules

            
(sitzt aufrecht) :

            
« Ja Germaine, es isch besser, wenn sie widder geht. Düe wursch doch jetzt au iinsehn wie mich
            dinni Maman liede kann. Hesch düe nit g'hört, was sie alles üwer mich g'saat het ? »

          
",97,weber-yo-yo
293,comedy,Germaine,F,,,,"
            
Germaine :

            
« Ja bisch dûe denn nit krank ? »

          
",97,weber-yo-yo
294,comedy,Jules Kleitz,M,,,upper_middle_class,"
            
Jules :

            
« Nein Liebs. Die Komedie hab ich ewe numme g'spielt füer dir emol ze zeije, wie dinni Maman vun
            mir denkt. »

          
",98,weber-yo-yo
295,comedy,Germaine,F,,,,"
            
Germaine :

            
« Meinsch, wenn sie alles merigt ? »

          
",98,weber-yo-yo
296,comedy,Jules Kleitz,M,,,upper_middle_class,"
            
Jules :

            
« Jetzt, wo ich weiss, dass düe endlich fescht züe mir haltsch, hab ich kein Angscht meh. Los düe
            sie numme kumme ! Ich saa ihre no schun emol mini Meinung. » 
            
(Beide küssen sich lange.)

          
",98,weber-yo-yo
297,comedy,Henriette Fleischmann,F,,,,"
            
Henriette

            
(von hinten — hat Hut auf — ist fertig zum Ausgehen — sieht wie sich Germaine und Jules so
            lange küssen — erstaunt) :

            
Ja was isch denn mit euch zwei do los ? »

          
",99,weber-yo-yo
298,comedy,Jules Kleitz,M,,,upper_middle_class,"
            
Jules

            
(steht auf):

            
« Sie wölle furt Schwejermame ? »

          
",99,weber-yo-yo
299,comedy,Henriette Fleischmann,F,,,,"
            
Henriette :

            
« Ich will mit inne no in d'Nerveklinik fahre, wenn de Dokter mit-m Auto kummt. »

          
",99,weber-yo-yo
300,comedy,Jules Kleitz,M,,,upper_middle_class,"
            
Jules :

            
« Zäll wurd nit notwendig sin, denn ich bin jo gar nit krank. »

          
",100,weber-yo-yo
301,comedy,Henriette Fleischmann,F,,,,"
            
Henriette :

            
« Germaine, hab ich dir nit g'saat, er spielt Theater ! Schämme Sie sich, Mösjö Kleitz. Eine eso
            aanzelüeje. »

          
",100,weber-yo-yo
302,comedy,Jules Kleitz,M,,,upper_middle_class,"
            
Jules :

            
« Werum denn, Madame Fleischmann ? »

          
",100,weber-yo-yo
303,comedy,Henriette Fleischmann,F,,,,"
            
Henriette :

            
« Düe losch dich scheide Germaine. De Dokter isch dir Zeje, dass er krank isch. So simeliere kann
            kein Mensch. »

          
",101,weber-yo-yo
304,comedy,Germaine,F,,,,"
            
Germaine :

            
« Nein Maman, diss niemols, ich hab de Jules viel ze gern un er mich jo au. »

          
",101,weber-yo-yo
305,comedy,Jules Kleitz,M,,,upper_middle_class,"
            
Jules :

            
« Mit dem Dokter als Zeje han sie kein Chance, liewi Schwejermamme. Er isch minner Frind un
            het alles gewüsst. Sie könne hyt noch lang warte, bis er mit'm Auto kummt. »

          
",101,weber-yo-yo
306,comedy,Henriette Fleischmann,F,,,,"
            
Henriette :

            
« Die ganz Affaire glicht jo ihne emol widder, Mösjö Kleitz. »

          
",102,weber-yo-yo
307,comedy,Jules Kleitz,M,,,upper_middle_class,"
            
Jules

            
(geht an die Türe — öffnet — ruft):

            
« Marie. »

          
",102,weber-yo-yo
308,comedy,Henriette Fleischmann,F,,,,"
            
Henriette

            
« Ja was soll's denn jetzt noch gänn ? »

          
",102,weber-yo-yo
309,comedy,Jules Kleitz,M,,,upper_middle_class,"
            
Jules :

            
« Ein Moment, chère Madame Fleischmann. »

          
",103,weber-yo-yo
310,comedy,Marie,F,domestic_worker,elementary_professions,lower_class,"
            
Marie

            
(kommt hinten herein) :

            
« Was beliebt Mösjö ? Sinn sie nimmi krank ? »

          
",103,weber-yo-yo
311,comedy,Jules Kleitz,M,,,upper_middle_class,"
            
Jules :

            
« Nit g'sinn un wur's hoffentlich au nie wäre. »

          
",103,weber-yo-yo
312,comedy,Marie,F,domestic_worker,elementary_professions,lower_class,"
            
Marie :

            
« Gott sej Dank. »

          
",104,weber-yo-yo
313,comedy,Jules Kleitz,M,,,upper_middle_class,"
            
Jules :

            
« Also Marie, sie packe jetzt sofort alli Köffer vun de Madame Fleischmann. Sie will bis in
            10 Minüde verreise. »

          
",104,weber-yo-yo
314,comedy,Marie,F,domestic_worker,elementary_professions,lower_class,"
            
Marie :

            
« Mitem gröschte Vergnüeje. In fünef Minüde bin ich schun ferti. »

          
",104,weber-yo-yo
315,comedy,Jules Kleitz,M,,,upper_middle_class,"
            
Jules :

            
« Je schneller, je liewer. 
            
(holt aus seiner Tasche einige Yo-Yo).
 Un die do packe sie au mit ihn. »

          
",105,weber-yo-yo
316,comedy,Marie,F,domestic_worker,elementary_professions,lower_class,"
            
Marie

            
(nimmt die Yo-Yo) :

            
« Diss sinn jo alles Yo-Yo! »

          
",105,weber-yo-yo
317,comedy,Jules Kleitz,M,,,upper_middle_class,"
            
Jules :

            
« Ja, ja. Diss sinn de chère Madame Fleischmann ihri Yo-Yo!! »

          
",105,weber-yo-yo
