Unnamed: 0,drama_type,speaker,sex,job,job_category,social_class,text,progress,short_name
0,comedy,Lucie,F,,,,"
            
LUCIE :

            
(verstimmt)

            
Dü bes Mænner, ze witt de mich also denne Oowe schun widder allei lonn ?

          
",0,jost-dr-erscht-handel
1,comedy,Pierre,M,,,,"
            
PIERRE :

            
(wichtig)

            
Ich muess, lieb’s Lucie ! Mir hann in d'r Societät e pressanti Vorstandssitzung.

          
",0,jost-dr-erscht-handel
2,comedy,Lucie,F,,,,"
            
LUCIE :

            
Pierre, wo mir awer noch fianciert sinn g’sinn, hesch de als g’saat: «Die in d'r
              Societät solle mir de buckel nuffkrawle!» Jetzt awer, wo mir kümm acht Wuche g’hyroot
              sinn, bisch de schier keine Oowe meh heim : g'scheit Stammdisch-Daa, hytt
              Vorstandssitzung, Morjen Wahlversammlung, iwerMorjen weiss d'r Gücksel was! Ich glabb
              als, ass de mich nimmi lieb hesch unn dich drüsse Amüsiere dhuesch !
                
(Hyllt.)

          
",1,jost-dr-erscht-handel
3,comedy,Pierre,M,,,,"
            
PIERRE :

            
(umarmt s’e)

            
Wo denksch dü anne, dü Närrele ? Ich habb dich noch gradi so lieb wie am erschte Daa.
              Awer dü muesch bedenke, ass’s dato üf d’Fescht- unn Wahlperiod losgeht unn ass ich
              die diverse Aemtle, wo ich akzeptiert habb, au gewissenhafte üssiewe muess. Diss
              Friehjohr awer gibb ich iwerall myni Demission unn no kann ich alle Oowe widder by mym
              goldiche Wyewele sinn! Gell, myn Schatzele ?

          
",1,jost-dr-erscht-handel
4,comedy,Lucie,F,,,,"
            
LUCIE :

            
Wie wär diss doch so schen, myn lieb’s Mannele, unn gar noch, wenn mir ’s gross Los
              im Crédit National Gewinne d’häte !

          
",2,jost-dr-erscht-handel
5,comedy,Pierre,M,,,,"
            
PIERRE:

            
Ah, dü meinsch, wyll ich vor vierzeh Daa so e Babierele kauft habb !

          
",2,jost-dr-erscht-handel
6,comedy,Lucie,F,,,,"
            
LUCIE :

            
Ja‚, unn Morjen isch d’Tirasch 
(trage - Ziehung)
! Was meinsch, Pierre,
              wenn unseri Nummer als erschti erüss käm ! E ganzi, bari Million dhäte mir üssbezahlt
              bekomm ! Wie kennte mir do glückliche lab !

          
",3,jost-dr-erscht-handel
7,comedy,Pierre,M,,,,"
            
PIERRE:

            
Liawe’s Kind, mir hann au ohne e Million, was mir zuem Läwe brüche. Unn wenn dü mich
              dezue noch arich lieb hesch, ze pfyff ich üf alli Millione vun d'r Welt !

          
",3,jost-dr-erscht-handel
8,comedy,Lucie,F,,,,"
            
LUCIE :

            
O, dü Liawe ! 
(Gitt'm e Verschmutze.)
 Awer nitt wohrer, m'r därf doch devun
              redde, was m'r in so e’me Fal macht ? Ich habb mir schun üssgedenkt, was ich alles
              anfang, wenn mir ’s grosse Los Gewinne.

          
",4,jost-dr-erscht-handel
9,comedy,Pierre,M,,,,"
            
PIERRE :

            
(laachter)

            
Jetzert isch die Frau wajer schun am Gewinne unn hett erscht noch vor zwei Minütte
              vum « Gewinne- dhäte» geredd! Unn unterm grosse Los macht s’e’s au noch hitt emool
              !

          
",4,jost-dr-erscht-handel
10,comedy,Lucie,F,,,,"
            
LUCIE :

            
Warum au nitt ? Zue mym grosse Glüeck in d'r Liawe passt numme ’s gross Los im Crédit
              National! Jetzt saa awer emool, Alterle, wie dü diss viele Gald anleije dhätsch ?

          
",5,jost-dr-erscht-handel
11,comedy,Pierre,M,,,,"
            
PIERRE:

            
Na, Lucie, dir zelieb will ich emool annahme, ’s wär so wytt! Uff jede Fal dhät ich
              mir defur bombe- sicheri Staats- unn Indüschtriebabierer kaufe.

          
",5,jost-dr-erscht-handel
12,comedy,Lucie,F,,,,"
            
LUCIE :

            
Diss will ich gelte lonn.

          
",6,jost-dr-erscht-handel
13,comedy,Pierre,M,,,,"
            
PIERRE:

            
Unn no e massiver Coffre-Fort, fur die Wärt- babierer drinne fyer- unn ynbruchssicher
              uffzehewe.

          
",6,jost-dr-erscht-handel
14,comedy,Lucie,F,,,,"
            
LUCIE :

            
(vergelschtert)

            
Ynbruchssecher ? Um’s Gott's Will, so e Kischt kummt nitt in unseri Wohnung ! Der
              dhät jo directement d’Raiwer unn d’Möerder ins Ilüss locke ! Do wärde mir jo unser Läwe
              nimmi secher !

          
",7,jost-dr-erscht-handel
15,comedy,Pierre,M,,,,"
            
PIERRE:

            
Dü hesch erächt, Lucie! M'r läst jo dato nix meh als wie vun Ynbrich, Möerder unn
              Doodschlaa! Do isch’s am End besser, mir lehne uns e Bankfach, wo mir drinne unseri
              Wärtsache uffhewe kenne ! 
(Ohne ’s ze wisse, isch er jetzt langsam sälwer
                begeistert worre vum Gedanke, ’s gross Los schun Gewinne ze hann.)

          
",7,jost-dr-erscht-handel
16,comedy,Lucie,F,,,,"
            
LUCIE:

            
Gewiss, Pierre, diss isch’s sicherscht Middel! So wurd’s gemachti ! 
(Sie isch
                noch begeistert als wie ihre Mænner.)
 Awer was Fange mir mit de Zinse vun
              dem viele Gald numme an ?

          
",8,jost-dr-erscht-handel
17,comedy,Pierre,M,,,,"
            
PIERRE :

            
Diss will Guten iwerleijt sinn !

          
",8,jost-dr-erscht-handel
18,comedy,Lucie,F,,,,"
            
LUCIE :

            
Arich Guten sogar !

          
",9,jost-dr-erscht-handel
19,comedy,Pierre,M,,,,"
            
PIERRE :

            
Verbulvert därf nix wäre !

          
",9,jost-dr-erscht-handel
20,comedy,Lucie,F,,,,"
            
LUCIE:

            
Gar nix sogar!

          
",10,jost-dr-erscht-handel
21,comedy,Pierre,M,,,,"
            
PIERRE :

            
Bekanntlich lab d’amerikanische Millionär au ganz eenfach !

          
",10,jost-dr-erscht-handel
22,comedy,Lucie,F,,,,"
            
LUCIE :

            
Ei, ’s isch jo wohrer ! Mir zehl jo au zue de Mil- lionär !

          
",11,jost-dr-erscht-handel
23,comedy,Pierre,M,,,,"
            
PIERRE :

            
Unn wie die, so mache mir’s au ! D’r wohrer Rych- dum zeijt sich in d'r Einfachheit
              !

          
",11,jost-dr-erscht-handel
24,comedy,Lucie,F,,,,"
            
LUCIE :

            
Awer so alle Johr e Kläiner Erholungsreis kenne mir uns doch gunne ?

          
",12,jost-dr-erscht-handel
25,comedy,Pierre,M,,,,"
            
PIERRE:

            
Worum denn nitt, Frau! Awer mir fahre heech- schtens zweiter Klass — ’s wurd nix
              verschwend !

          
",12,jost-dr-erscht-handel
26,comedy,Lucie,F,,,,"
            
LUCIE:

            
Do bin ich d'accord mit dir, Mænner. Awer weisch, Liawe Pierre, e bissel Guten angedohn
              muess m'r doch sinn, wemm’r üf Räis geht. Gell, herzigi’s Mannele, dü kaufsch mir
              denne wunderbari Belzmantel, wo mir g'scheit in d'r Stadt g’sähn hann ?

          
",13,jost-dr-erscht-handel
27,comedy,Pierre,M,,,,"
            
PIERRE :

            
Denne kennte mir uns im Notfall noch läischte !

          
",13,jost-dr-erscht-handel
28,comedy,Lucie,F,,,,"
            
LUCIE:

            
Unn au denne schick Syedehuet, wo ich by d'r Modiste vorgescht admiriert habb ?

          
",14,jost-dr-erscht-handel
29,comedy,Pierre,M,,,,"
            
PIERRE :

            
Lucie, ich bin zwar fur’s Sparren, awer zue’me Belzmantel g’heert nadierlich e
              anständiger Huet.

          
",14,jost-dr-erscht-handel
30,comedy,Lucie,F,,,,"
            
LUCIE :

            
Unn denne syedich Morjerock muess ich partout au hann! Ich Schwarm schun langer defur.
              Was meinsch, wie ich dir no erscht g’falle wurr, wenn d’weiche Syed so um mich erum
              rüeschde unn kracht !

          
",15,jost-dr-erscht-handel
31,comedy,Pierre,M,,,,"
            
PIERRE:

            
Frau, heer üf! Meinsch denn dü, myni Million isch ohne End oder e Schlange, wo sich
              in de Waddel bysst ?

          
",15,jost-dr-erscht-handel
32,comedy,Lucie,F,,,,"
            
LUCIE :

            
(als yefriger)

            
Unn e grösseren Wohnung miehn mir jetzt au hann — numme so sechs, siwe Zimmer meh,
              drunter au e salon mit antike Meewel unn e Boudoir fur mich — ganz mit rosaroter Syed
              tapeziert, unn no noch...

          
",16,jost-dr-erscht-handel
33,comedy,Pierre,M,,,,"
            
PIERRE :

            
(verzwiefelt)

            
Frau, du rüiniersch mich jo noch! 
(Er druckt syni Frau, wo’m bis do anne
                g’flattiert hett, vun sich.)
 Hesch dü am End noch meh so Winsch ?

          
",16,jost-dr-erscht-handel
34,comedy,Lucie,F,,,,"
            
LUCIE :

            
(als noch begeistert)

            
E Automobil muess nadier- lich au noch fur mich here !

          
",17,jost-dr-erscht-handel
35,comedy,Pierre,M,,,,"
            
PIERRE :

            
(Wüat)

            
So? Isch diss jetzt andlig alles, was de witt ? Diss fangt jo schun schen an ! Ja‚,
              unn ich, unn ich ? Ich bin wohler Essi !

          
",17,jost-dr-erscht-handel
36,comedy,Lucie,F,,,,"
            
LUCIE :

            
(erniechtert)

            
Awer Pierre! In was fur eme Ton reddsch denn dü üf’s Mool mit mir ?

          
",18,jost-dr-erscht-handel
37,comedy,Pierre,M,,,,"
            
PIERRE :

            
’s isch au heechschti Zytt, ass ich üf myn Gald acht gibb! E grösseren Wohnung wurd
              schun gar nitt gelehnt ! Au noch ! Die schen Zinse fur e Hüffe Zim- mer verschwende,
              wo m'r doch d’halb Zytt nitt brücht. Do, wo mir jetzt loschiere, hann mir Platz genue
              !

          
",18,jost-dr-erscht-handel
38,comedy,Lucie,F,,,,"
            
LUCIE :

            
Mir miehn awer doch als vun Zytt ze Zytt G’sell- schafte gen ?

          
",19,jost-dr-erscht-handel
39,comedy,Pierre,M,,,,"
            
PIERRE:

            
Nix do! Mir sinn Millionär unn lab waje dem ganz eenfach ! Uess dem Grund wurd au
              kein Automobil ang’schafft — diss isch e ganz zweckloser Kram, wo nümme e Hüffe Gald
              fresse dhuet. Awer e grosser Ra- dio-Apperat kummt mir ins Huus !

          
",19,jost-dr-erscht-handel
40,comedy,Lucie,F,,,,"
            
LUCIE :

            
E Radio-Apperat ?

          
",20,jost-dr-erscht-handel
41,comedy,Pierre,M,,,,"
            
PIERRE :

            
Gewiss, Kind! Weisch, ich bin Allewil arich müsikalisch g’sinn ! Wie schen unn
              gemüedli muess diss sinn, wenn mir no z’oowes de Apperat laufe hann unn ’r par
              exemple spielt 
(singt)
:

          
",20,jost-dr-erscht-handel
42,comedy,Lucie,F,,,,"
            
LUCIE :

            
(schiebt'ne no vum sich ; ungewillig)

            
Ach geh! Loss mich gehn ! So e bleeder Babbelkaschte ! Ich will iwer- haupt kein
              Musiken heere !

          
",21,jost-dr-erscht-handel
43,comedy,Pierre,M,,,,"
            
PIERRE :

            
(mild)

            
Awer Lucie !

          
",21,jost-dr-erscht-handel
44,comedy,Lucie,F,,,,"
            
LUCIE:

            
Unn no, wo solle mir denne Apperat iwerhaupt annestelle? Mir hann jo schun so kein
              rachte Platz fur unseri Meewel! In dem Fal miehn mir jo doch noch e Zimmer meh hann
              !

          
",22,jost-dr-erscht-handel
45,comedy,Pierre,M,,,,"
            
PIERRE :

            
(ung'halte, halb grobi)

            
Babbel nitt so daub, Lucie! Am Platz fahlt’s nitt. Im Notfall wärfe mir eenfach denne
              alt Grimpel, wo dort steht, nüss! 
(Er zeijt üf’s Kommod bezw. üf de
                Kischt.)

          
",22,jost-dr-erscht-handel
46,comedy,Lucie,F,,,,"
            
LUCIE :

            
(aufgeregter, Beleidigt)

            
Was saasch dü do, Pierre ? alter Grimpel? Was meinsch dü mit dem Üssdruck ? Doch nitt
              am End gar...

          
",23,jost-dr-erscht-handel
47,comedy,Pierre,M,,,,"
            
PIERRE :

            
(ironisch)

            
Sej doch nitt so komischer, Lucie! Na- dierlich meinen ich dyni beruehmt, Heiligi Kommod
                
(odder «Kischt»)
, wo noch vun dynere Ürgrossmamme stammt. Anfangs
              hett uns jo diss Stickel Mewel ganz Guten g’falle — awer numme anstandshalwer unn
              dynere Mame zelieb ; ’s isch halte emool do g’sinn, unn mir hann nix andrs defur kaufe
              brüche, wo mir uns yngericht hann.

          
",23,jost-dr-erscht-handel
48,comedy,Lucie,F,,,,"
            
LUCIE :

            
(boshaftigi)

            
Ah, jetzt erfahrt m'r erscht, ass der Herr andersch redd, als wie’r denke dhuet !
              Diss hätt ich vor d'r Huchzytt wisse sotte !

          
",24,jost-dr-erscht-handel
49,comedy,Pierre,M,,,,"
            
PIERRE :

            
Geh, Lucie, verstell dich nitt so! Dü denksch jo au nitt andersch als wie ich ! De
              Alterdum in Ehren, awer fur so moderni Lytt wie mir isch’r nix. Mir lab Liawe

          
",24,jost-dr-erscht-handel
50,comedy,Lucie,F,,,,"
            
LUCIE :

            
(aufgeregter)

            
Was ? E alti, wacklichti Kischt ? Grum- beerekischt ? 
(Geht üf diss Meewel
                zue unn streichelt’s.)
 So e barbarisch! Was verstehsch dü drucketer Bureaukrat
              vun g’erbte Sache ? was vun Pietät ? was vun Suwönir 
(souvenir)
 ? Mit
              dem ehrwirdige Meewel hängt myni ganz Kinderzytt mit z’samme !

          
",25,jost-dr-erscht-handel
51,comedy,Pierre,M,,,,"
            
PIERRE :

            
(Wüat)

            
Herrgott ! Wär numme nitt au noch senti- mental, Lucie ! Stell myntwäje denne Plunder
              anne, wo de witt, wenn de meinsch, ass syner B’sitz dich selige macht! Hett m'r schun
              emool so e Iwerspanntheit er- läbt !

          
",25,jost-dr-erscht-handel
52,comedy,Lucie,F,,,,"
            
LUCIE :

            
(kryscht)

            
Was ? Iwerspanntheit ?

          
",26,jost-dr-erscht-handel
53,comedy,Pierre,M,,,,"
            
PIERRE :

            
(dito)

            
Ja‚, Iwerspanntheit ! E Radio-Apperat wurd ang’schafft, und die Arche Noah dort
              verschwind, unn dodemit basta !

          
",26,jost-dr-erscht-handel
54,comedy,Lucie,F,,,,"
            
LUCIE :

            
(als wietiger)

            
Unn die Kommod 
(oder « Kischt »)
 blyet do stehn! Do! An dem Platz
              do!

          
",27,jost-dr-erscht-handel
55,comedy,Pierre,M,,,,"
            
PIERRE :

            
Was dü dir nitt ynbildsch !

          
",27,jost-dr-erscht-handel
56,comedy,Lucie,F,,,,"
            
LUCIE :

            
Unn e Radio-Apperat kummt nitt iwer myni Schwell ! Punktum !

          
",28,jost-dr-erscht-handel
57,comedy,Pierre,M,,,,"
            
PIERRE:

            
Dyni Schwell? Dyni? Na, ich will dir zeije, wer dohinne ze kummediere hett !
                
(Haut üf de Disch.)
 Diss isch myni Wohnung ! Ich bin do Herr unn
              Meischter im Huus! Unn ich will mir e Radio-Apperat kaufe, unn ich will, ass diss
              wurmstichig Stickel Meewel dort furtkummt, unn ich, will, ass mir g’foljt wurd!

          
",28,jost-dr-erscht-handel
58,comedy,Lucie,F,,,,"
            
LUCIE :

            
Dü do Herr unn Meischter ? Dü machsch mich jo Lache! Wo wohnsch denn dü iwerhaupt? By
              mir wohnsch dü! In myne Meewel wohnsch dü! Myn Gald hann se koscht! Ich habb’s Gald
              mitgebroocht ! 50 000 Franke sinn’s g’sinn !

          
",29,jost-dr-erscht-handel
59,comedy,Pierre,M,,,,"
            
PIERRE :

            
(ironisch)

            
Nein, numme 49 999 Franke, denn e Franke hett d'r Quittungstimbre koscht, wo mir dyni
              Mamme abgeknepft hett! LUCIE ! O, dü Undankbarer !

          
",29,jost-dr-erscht-handel
60,comedy,Pierre,M,,,,"
            
PIERRE:

            
Nein, diss bin ich nitt; awer hirnverbrennt bin ich g’sinn, ass ich dir nitt schun
              ehnder de Meischter ge- zeijt habb ! Awer diss wurd jetzt andersch ! Dü hättsch jo
              myni Million schun in acht Daa verbutzt, dü Ver- schwendere ! O, hätt ich doch numme
              nie g’hyroot !

          
",30,jost-dr-erscht-handel
61,comedy,Lucie,F,,,,"
            
LUCIE :

            
So? Witt dü mit dem am End saawe, ass ich dir noochgeloffe bin ?

          
",30,jost-dr-erscht-handel
62,comedy,Pierre,M,,,,"
            
PIERRE:

            
Hm! Hm! D’Müsfall lauft m d'r Müs au nitt nooch unn s’e fangt s’e doch !

          
",31,jost-dr-erscht-handel
63,comedy,Lucie,F,,,,"
            
LUCIE :

            
O, dü Schlächti! Awer myni Mamme hett mich jo allewyll vor dir gewarnt !

          
",31,jost-dr-erscht-handel
64,comedy,Pierre,M,,,,"
            
PIERRE:

            
Allewäj ? Die Guten Frau! Ich hätt nie gedenkt, ass sie’s so Guten mit mir meint!
                
(Ab nooch hinte unn schlaat d’Dier zue.)

          
",32,jost-dr-erscht-handel
65,comedy,Lucie,F,,,,"
            
LUCIE :

            
(fallt üf e Stuehl unn hyllt)

            
O, wie bin ich doch so arich ungluecklicher ! Unn so harzlos verfahrt myner Mænner mit mir
              — jetzt schun, wo mir kümm rachte g’hy- root sinn ? Wie soll diss erscht später wäre
              !

          
",32,jost-dr-erscht-handel
66,comedy,Pierre,M,,,,"
            
PIERRE :

            
(streckt numme de Kopf zue d'r Dier hinte eryn)

            
Unn nitt ass de dich jetzt stundelang annehucksch unn plärrsch ! Die Ärwet kannsch
              dü dir Sparren. So e Lychte- hyllere kann mir ganz unn gar nitt imponiere ! 
(Ab
                unn schlaat d’Dier zue.)

          
",33,jost-dr-erscht-handel
67,comedy,Lucie,F,,,,"
            
LUCIE :

            
(fahrt energischi in d’Heeche)

            
Oho-o-o! Unn diss soll ich mir biete lonn ! So redd myn Mænner mit mir — der Mænner, wo
              ich iwer alles lieb habb g’hett? So e Tyrann ! Unn an so e brütal Mensch soll ich
              fur myn Läbdesdaa gebunde sinn ? Nein, diss isch furchtbaren ! 
(Hyllt in ihre
                Nasdiechel nyn; nooch’re Wyll)
: Unn was hett’r mich g’heisse? E
              Lychtehelre? Unn do soll ich noch hel ! Nein, so e barbarisch isch myni Thrane gar nitt
              wärt! 
(Sie isch iwerdem im Zimmer üf unn ab gange.)
 Hoffetlich isch’r
              schun furtgange ! Ich will’ne nimmi sähne ! 
(Sie schlycht an d’Dier hinte unn
                gückt durich’s Schlisselloch.)
 Ah, er isch noch drüsse — er steht am
              Fenschter unn denkt iwer ebbs nooch — jetzt drähjt’r sich erum unn luejt dohere — er
              kummet! 
(Sie setzt sich g’schwind widder üf de Stuehl ; erwartungs-
                vol)
: Gewiss hett’r jetzt syn Unrächt yng’sähn unn will Abbitt läischte!
              Na, Guten, ich will’m gern exküsiere; im Grund genumme isch’r jo doch e Liawe, Gutener
              Mænner, unn e Meinungsverschiedeheit gitt’s schliesslig in jedere Ehenen emool. «Sie isch
              d'r bescht Kitt, wo z’sammehebbt d’Ehenenlytt !», hett als myner Bäbbe selige g’sät.
                
(Hinter d’Scène heert m'r, wie e Dier zueg’schlaawe wurd.)
 Was haw
              ich g’heert ? 
(Springt üf.)
 Diss isch jo d’Huusdier g’sinn, wo ich
              habb gehn heere! Er isch furt! Awer nein, diss kann nitt sinn ! So gröusam kann doch
              myner Pierre nitt sinn ! 
(Geht üfgerejt üf unn ab.)
 Er wurd mich doch
              nitt in mym Weh allei lonn ? Er hett gewiss numme so gemachti, wie wenn’r furtgängt
              unn streckt jetzt glych de Kopf eryn unn gitt mir e lieb’s Woorte! 
(Sie isch
                iwerdem ans Fenschter kummee unn gückt nüss'; fahrt vergelschtert zeruck)
:
              Mon Dieu, mich trefft de schläuj ! Dort unde geht’r jo schun ! So e Be- nämme isch
              eenfach ordinär, meh ass wie ordinär ! 
(Als wietiger.)
 Awer diss loss
              ich mir nitt g’falle! So loss ich mich nitt behandeln ! Jetzt bin ich’s sät! So e Mei-
              nungsverschiedeheit därf in keinere Ehenen vorkummee ! «Sie isch e bes Müs, wo naat am
              Glüeck im Huus! », sät als myni lieb Mamme. Awer ich will mich schun rewanschiere !
              Awer wie? Soll ich au furtgehn ? Zue mynere Mamme ? Nein, im Läwe nie! Do blyeh ich
              unn do stärb ich ! Unn wer weiss, ob’r’s am End nitt gar pro- woziere will, ass ich
              geh ? Nadierlich isch’s so! Denn so wie’r mich b’handelt hett, isch’s secher, ass’r
              mich nimmi lieb hett. Schunscht dhät’r mich au nitt alle Oowe allei lonn ! Wer weiss,
              wo’r sich do allewyll erum- tryebt ! Gewiss hett’r au noch e anderi, denn schunscht
              wär er nitt so lieblos mit mir Verfahre ! Na, ich kumme schun noch dehinter ! — Nein,
              was muess ich nitt alles erläwe ! Ich kann schun gar nimmi hel. Na, wenn’r die Nacht
              heime kummet, soll’r sähn, ass’r mir jetzt au Wurscht isch ! 
(energischi ab nooch
                rächts.)

          
",33,jost-dr-erscht-handel
68,comedy,Albert,M,,,,"
            
ALBERT:

            
(noochdem er paar Mool geklopit hett, kummt mit eme Handkifferle eryn)

            
Na, isch denn by mym Schweschterle niemes d’heim ? Steckt am End ’s Jungi, Verlobten
              Ehpärel noch odder schun widder in de Feddere? Ah, do kummt schynnt’s ebber !

          
",34,jost-dr-erscht-handel
69,comedy,Lucie,F,,,,"
            
LUCIE :

            
(fur sich, ohne de Albert ze sähn)

            
Worum kann denn ich nitt au emool im salon odder im Fremdezimmer schloofe ! Ja‚, ja,
              Monsieur Pierre, ich bin jetzt langer genue Ihre Sklave g’sinn ! 
(Sie sieht de
                Albert; vergelschtert)
: Herrjeh, bin ich jetzt verschreck ! 
(Sie
                losst ’s Bettdings falla unn stirmt üf de Albert los, wo s'e um- armt)
: Ah,
              dü bisch’s, Liawe Brüeder! Wo kummsch denn dü so unverhofft here ?

          
",34,jost-dr-erscht-handel
70,comedy,Albert,M,,,,"
            
ALBERT:

            
Direkt üss Amerika, lieb’s Schweschterle ! Unser Schiff isch dato uff’re Europa-Reis,
              unn so haw ich andlig emool e paar Daa Permission bekomm. ’s hett mir jo lid genue
              gedohn, ass ich nitt by dynere Hoch- zytt habb kenne sinn !

          
",35,jost-dr-erscht-handel
71,comedy,Lucie,F,,,,"
            
LUCIE :

            
(fur sich)

            
Wär ich doch numme au nitt deby g’sinn !

          
",35,jost-dr-erscht-handel
72,comedy,Albert,M,,,,"
            
ALBERT :

            
Hoffetlich Lehra ich jetzt hytt dyne Mænner kenne ?

          
",36,jost-dr-erscht-handel
73,comedy,Lucie,F,,,,"
            
LUCIE :

            
(fur sich)

            
Ich habb’ ne au erscht hytt kenne gelehrt !

          
",36,jost-dr-erscht-handel
74,comedy,Albert,M,,,,"
            
ALBERT :

            
Awer was sieh ich denn ? Dü hesch jo ganz ver- hyllti Aue! Hett’s am End e Gewitter
              gen am Ehen- standshimmel ?

          
",37,jost-dr-erscht-handel
75,comedy,Lucie,F,,,,"
            
LUCIE :

            
(verlegener)

            
Jo, Albert, wo denksch dü anne !

          
",37,jost-dr-erscht-handel
76,comedy,Albert,M,,,,"
            
ALBERT:

            
Na, na! Sej doch Ehenrli, Lucie ! Box gitt’s jo in jedere Ehen emool, unn zuedem isch
              jo ’s Box e ganz moderner, erlaubter unn au Guten bezahlter Sport !

          
",38,jost-dr-erscht-handel
77,comedy,Lucie,F,,,,"
            
LUCIE :

            
Geh, Albert, loss die Plan üf d'r Sytt !

          
",38,jost-dr-erscht-handel
78,comedy,Albert,M,,,,"
            
ALBERT:

            
Unn was soll do diss Bett-Inventar bedytte ? Maidl, ich root dir, mach Liawe dü
              kein Plan!

          
",39,jost-dr-erscht-handel
79,comedy,Lucie,F,,,,"
            
LUCIE :

            
Wo denksch dü anne ! kumme, setz dich Liawe unn verzehl, was dü alles erläbt hesch.
              Also z’letscht bisch de in Amerika g’sinn ? Diss soll e ganz modern’s Landen sinn. Dü,
              Albert, saa emool, was fur e Läwe fiehre denn dorte d’Fraue ?

          
",39,jost-dr-erscht-handel
80,comedy,Albert,M,,,,"
            
ALBERT :

            
Hm, sie sinn au nitt Schlächti, awer au nitt bes- ser als wie unseri.

          
",40,jost-dr-erscht-handel
81,comedy,Lucie,F,,,,"
            
LUCIE :

            
Diss will ich nitt wisse ! Ich meinen, wie s’e vun de Mænner b’handelt wäre ?

          
",40,jost-dr-erscht-handel
82,comedy,Albert,M,,,,"
            
ALBERT:

            
Ah so! Hm, wemm’r s’e lieb hett, arich Guten ; wenn nitt, ze gitt m'r sich iwerhaupt
              nitt mit’ne ab!

          
",41,jost-dr-erscht-handel
83,comedy,Lucie,F,,,,"
            
LUCIE :

            
(fur sich)

            
Diss letscht stimmt exakt üf de Pierre ! Kein Zwyefel meh, ass’r mich nimmi lieb
              hett ! 
(Lütt)
 : Unn was fur Frejheite genieße d’amerikanische Fraue
              ?

          
",41,jost-dr-erscht-handel
84,comedy,Albert,M,,,,"
            
ALBERT:

            
Ich Glöüwe jetzt doch ball, ass de mit dym Mænner Kippes hesch, Lucie ?

          
",42,jost-dr-erscht-handel
85,comedy,Lucie,F,,,,"
            
LUCIE :

            
(energischi)

            
Gibb mir Antwort üf myni Fröiij, Albert !

          
",42,jost-dr-erscht-handel
86,comedy,Albert,M,,,,"
            
ALBERT :

            
Wie d’Madamen kummediere kann ! Also, d’ameri- kanisch Frau hett’s nämlich Rechte als
              wie d'r Mænner.

          
",43,jost-dr-erscht-handel
87,comedy,Lucie,F,,,,"
            
LUCIE :

            
(fur sich)

            
Aha! Numme mir sinn noch zeh Stund hinter'm Mond d’heim ! 
(Lütt)
: Unn
              muess s’e au de Bossel mache in d'r Hüsshaltung so wie by uns ?

          
",43,jost-dr-erscht-handel
88,comedy,Albert,M,,,,"
            
ALBERT :

            
(laachter)

            
Na, ihr zwei miehn mir jo e wuescht Ba- taille g’schlawe hann!

          
",44,jost-dr-erscht-handel
89,comedy,Lucie,F,,,,"
            
LUCIE :

            
Albert, verzirn mich nitt noch meh !

          
",44,jost-dr-erscht-handel
90,comedy,Albert,M,,,,"
            
ALBERT:

            
Nitt noch meh? Diss G’ständnis langt mir ! Fur awer d’Wohret ze redde, ze muess ich
              g’stehn, ass d’amerikanisch Frau kein Hüssdier isch. Die schafft hytt genäuej diss, was
              d'r Mænner au schafft.

          
",45,jost-dr-erscht-handel
91,comedy,Lucie,F,,,,"
            
LUCIE :

            
Wenn’s awer alli Fraue so mache dhäte, wer gitt sich denn no mit d'r Hüsshaltung
              ab?

          
",45,jost-dr-erscht-handel
92,comedy,Albert,M,,,,"
            
ALBERT :

            
Au do hett sich in letschter Zytt e Usswäj g’funde. ’s gitt nämlich jetzt in Amerika
              männlichi Dienscht- maidle.

          
",46,jost-dr-erscht-handel
93,comedy,Lucie,F,,,,"
            
LUCIE :

            
(eifrig)

            
` Was dü nitt saasch, Albert !

          
",46,jost-dr-erscht-handel
94,comedy,Albert,M,,,,"
            
ALBERT:

            
Ja‚, so isch’s en effet''! Diss sinn Mænner üss’m Volk, wo sich, so wie by uns
              d’Dienschtmaidle, verdinge unn alli Ärwet in d'r Menasch mache, fur ass d’Ma- dame
              vum Huus zeije kann, ass s’e d'näm- liche Rechte hett als wie d'r Mænner, diss heisst,
              ass sie in d'r Menasch nitt de Bos- sell ze mache brücht, wie dü dich üssgedruckt
              hesch!

          
",47,jost-dr-erscht-handel
95,comedy,Lucie,F,,,,"
            
LUCIE :

            
(fur sich)

            
Ganzi erächt so!

          
",47,jost-dr-erscht-handel
96,comedy,Albert,M,,,,"
            
ALBERT:

            
Unn wer weiss, wie langer ass’s noch geht, bis der Mode au by uns yng’fiehrt wurd ! Ja‚,
              d’Welt wurd alle Daa verrückten, unn am e schen Daa halte d’Mam- selle um d’Hand vun
              de Mænner an !

          
",48,jost-dr-erscht-handel
97,comedy,Lucie,F,,,,"
            
LUCIE :

            
(wo iwerdem noochdenklich isch g'sinn, fur sich)

            
Halt, e'n Idee! Ja‚, so wurd’s gemachti ! Uff e letschter versuchen will ich’s noch
              annekumme lonn ! 
(Lütt)
: Albert, horich : Ich will dir offener bychte, ass
              ich mit mym Mænner unneins bin unn ass ich Glöüwe, ass er mich nimm lieb hett!

          
",48,jost-dr-erscht-handel
98,comedy,Albert,M,,,,"
            
ALBERT:

            
Diss wurd sich schun widder mache, Lucie !

          
",49,jost-dr-erscht-handel
99,comedy,Lucie,F,,,,"
            
LUCIE :

            
Diss will ich jo gradi sähn, unn waje dem sollsch dü mir hälfe deby.

          
",49,jost-dr-erscht-handel
100,comedy,Albert,M,,,,"
            
ALBERT :

            
(steht üf)

            
Ich? Ich mecht wisse, wie? Weisch, ’s isch allewyll gfährlich, wemm’r de Kopf
              zwische zwei Püfer streckt ! Unn, offener g’stande, haw ich iwerhaupt nitt viel Zytt !
                
(Fur sich)
 : Ich muess partout diss schen, herzigi Mamsellele
              üssfindisch mache, wo im nämliche Coupé mit mir üf hin g’fahre isch !

          
",50,jost-dr-erscht-handel
101,comedy,Lucie,F,,,,"
            
LUCIE :

            
Allons, Albert, fur so e Liewesdienscht hett m'r doch Allewil Zytt !

          
",50,jost-dr-erscht-handel
102,comedy,Albert,M,,,,"
            
ALBERT :

            
Na, myntwäje, Lucie ! Awer wie denksch dü dir’s, ass ich d’Friddesverhandlunge in
              ejrem Ehstandskriej ynleite soll ?

          
",51,jost-dr-erscht-handel
103,comedy,Lucie,F,,,,"
            
LUCIE :

            
Ganzi eenfach : Dü spielsch myn Dienschtmaidel !

          
",51,jost-dr-erscht-handel
104,comedy,Albert,M,,,,"
            
ALBERT :

            
(fallt vergelschtert in d’Kisse)

            
Wa-a-as soll ich ? Ich — dyn — Dienschtmaidel ?

          
",52,jost-dr-erscht-handel
105,comedy,Lucie,F,,,,"
            
LUCIE:

            
Worum nitt? Grad so wie in Amerika !

          
",52,jost-dr-erscht-handel
106,comedy,Albert,M,,,,"
            
ALBERT :

            
(hüpst üf unn will furt)

            
Nein, do mach ich nitt mit! Ich bin nitt so rächtshawerisch, ass ich, in andere Lytt
              ihri Rechte eweggnemm, nitt emool in de Fraue ihre Rechte üf Pflicht !

          
",53,jost-dr-erscht-handel
107,comedy,Lucie,F,,,,"
            
LUCIE :

            
(hebbt’ne jescht)

            
Albert, ich Bitt dich! ’s isch jo nitt fur langer, numme fur e Daa odder zwei. Bedenk,
              ass myn Läwes- unn Ehglick devun abhängt. Ich will myne Mænner numme üf d’Prob stella
              !

          
",53,jost-dr-erscht-handel
108,comedy,Albert,M,,,,"
            
ALBERT :

            
So? Unn wie diss ?

          
",54,jost-dr-erscht-handel
109,comedy,Lucie,F,,,,"
            
LUCIE :

            
Erschtens durch diss, ass ich wie d’Amerikanere mir e männlich’s Dienschtmaidel halte
              dhue, will ich’m zeije, ass ich d’nämliche Rechte habb als wie er. Zwei- tens will
              ich glychzyttig konschtatiere, ob’r mich noch lieb hett ; isch diss d'r Fal, ze
              wurd’r gewiss schallu 
(jaloux)
 üf myn männlich’s Dienschtmaidel sinn
              unn losst mich nitt mit’m allei !

          
",54,jost-dr-erscht-handel
110,comedy,Albert,M,,,,"
            
ALBERT:

            
Diss kann jo Möerder unn Doodschlaa gen !

          
",55,jost-dr-erscht-handel
111,comedy,Lucie,F,,,,"
            
LUCIE:

            
Loss mich numme mache, unn’s wurd schun nix bassiere ! D’Hauptroll haw ich ze spielen!
              kumme, ich will dir e Zimmer rüeschde ; iwerdem saa ich dir no, wie mir zwei uns ze
              verhalte hann.

          
",55,jost-dr-erscht-handel
112,comedy,Albert,M,,,,"
            
ALBERT :

            
Mir an! Mir soll awer noch emool einer saawe, ass numme Amerika allei ’s Landen vun de
              unbegrenzte Mejlichkeite isch! Nein, iwerall do, wo e Frau isch; gitt’s kein
              Unmejlichkeite ! 
(Geht im Lucie nooch, wo mit’m Bettdings nooch links abgange
                isch.)

              
(Schluss vum erschte Akt.)

          
",56,jost-dr-erscht-handel
113,comedy,Pierre,M,,,,"
            
PIERRE :

            
(hett e wysses Nasdiechel um de Kopf gebunde)

            
heilich, wie dhuet mir d'r Kopf brumme ! Diss isch mir g'scheit oowe widder emool e
              langer unn e Schwer Sitzunge g’sinn ! Unn dezue haw ich noch in de zornig nyn ge- drunke
              waje dere kaiwe Gross-Los-Debatt mit mynere Frau! Na, do haw ich schynnt’s in e
              scheens Weschpel- nescht nyng’stoche ! Unser erscht Krach, zytter ass mir g’hyroot
              sinn! ’s Resultate devun isch, ass myni Frau die Nacht im salon g’schloofe hett ! — Au,
              myner Kopf ! Wie der nooch eme Häri miaue dhuet! — Unn kein blick, kein Woorte hett mir
              ’s Lucie gegunnt, wo ich heime bin kumme. Wenn ich numme wisst, wie ich s’e widder
              versehne kennt, ohne ass ich mir ebbs vergibb, denn ich habb s'e jo doch gar ze lieb !
              — Jetzt wär’s awer Zytt, ass ich myne Café bekäm ! Odder schlooft d'Madamen Lucie am
              End noch, odder will s’e mich durch’s Üsshungere zahm mache ? 
(Geht an de Disch
                unn nemmt e Blatt Babier, wo dorte lejt.)
 Was isch denn diss fur e Zettel?
              Ah, vum Lucie! 
(Läst)
: « Mein Herr! » 
(Fur sich)
: Hu,
              wie zeremoniell! 
(Läst wyddersch)
 : „Wenn Sie etwas wünsche, läuten
              Sie dem Dienst- mädchen ! Lucie. » 
(Fur sich, baff unn halwer Wüat)
:
              Was soll denn jetzt diss häise ! Zytter wenn hann mir denn e Dienschtmaidel ? Ah,
              diss hett’s Lucie anga- schiert, fur mir ze zeije, ass sie dohinne ze kummediere hett!
              Na, do redd ich au noch e Wertel mit ! Vorerscht will ich mir awer emool denne
              Kichedragünner angücke! 
(Schellt.)
 ’s Lucie hätt mich doch s’wennischt
              fröje kenne, wenn s’e mit d'r Ärwet nimmi allei ferti wurd unn e Hilf brücht !

          
",56,jost-dr-erscht-handel
114,comedy,Albert,M,,,,"
            
ALBERT :

            
(isch e bissel Ängstlich)

            
Guten Morjen, Herr!

          
",57,jost-dr-erscht-handel
115,comedy,Pierre,M,,,,"
            
PIERRE :

            
(fahrt zeruck)

            
Was isch denn diss? Wie kummt diss Mannsbild in myni Wohnung ? Bin ich denn im Kopf
              noch nitt ganz klär ?

          
",57,jost-dr-erscht-handel
116,comedy,Albert,M,,,,"
            
ALBERT :

            
Do bring ich de Café, Herr !

          
",58,jost-dr-erscht-handel
117,comedy,Pierre,M,,,,"
            
PIERRE:

            
Ja‚, wer sinn Sie denn iwerhaupt? Sinn Sie e Maidl, wo Hosse an hett, oder sinn Sie e
              Bue, wo d’hoor g’schnitte hett ? Wie häise Sie denn ?

          
",58,jost-dr-erscht-handel
118,comedy,Albert,M,,,,"
            
ALBERT :

            
Albert, Herr !

          
",59,jost-dr-erscht-handel
119,comedy,Pierre,M,,,,"
            
PIERRE:

            
Also doch e Mannsstick ! Ja‚, Mensch, was suche Sie denn no do in mynere
              Gerechtigkeit ?

          
",59,jost-dr-erscht-handel
120,comedy,Albert,M,,,,"
            
ALBERT:

            
Ei, ich bin ’s nej Dienschtmaidel, Herr !

          
",60,jost-dr-erscht-handel
121,comedy,Pierre,M,,,,"
            
PIERRE :

            
Jetzt schlaat’s dryzeh ! Wenn’r s’wennischt noch « Dienschtmann » g’saat hätt!
                
(Fur sich)
: Entweder isch jetzt der Mensch e Narr odder e Gauner, wo
              sich by mir yng’schliche hett ! 
(Lütt)
 : Uff d'r G’stell mache Sie, ass
              Sie mir zuem Dembel nüsskumme !

          
",60,jost-dr-erscht-handel
122,comedy,Albert,M,,,,"
            
ALBERT:

            
’s dhuet mir lid. awer ich folj numme in d’r Madamen, wo mich angaschiert hett.

          
",61,jost-dr-erscht-handel
123,comedy,Pierre,M,,,,"
            
PIERRE:

            
Wie? Was? Angaschiert? Sie — als Mænner ?

          
",61,jost-dr-erscht-handel
124,comedy,Albert,M,,,,"
            
ALBERT:

            
Nein, Herr, nitt als Mænner, awer als Dienschtmaidel, wie ich jo vorig schun g’saat
              habb.

          
",62,jost-dr-erscht-handel
125,comedy,Pierre,M,,,,"
            
PIERRE :

            
(nemmt e Stuehl unn geht mit üf de Albert los)

            
Jetzt isch awer Hei genue hunte! Nüss, saa ich, als nüss !

          
",62,jost-dr-erscht-handel
126,comedy,Albert,M,,,,"
            
ALBERT :

            
(losst’s Tablett falla)

            
Jetzt heisst’s laufe ! 
(Gschwind ab nooch links.)

          
",63,jost-dr-erscht-handel
127,comedy,Pierre,M,,,,"
            
PIERRE :

            
Diss kapier, wer will! — Au, myner Kopf ! — Ich wurr nitt schlöij drüss ! Der Fitzer
              hett jo, weiss Gott, gemachti, wie wenn’r im Rechte wär ! Ich muess partout mit’m Lucie
              redde — ah, do kummt s’e jo!

          
",63,jost-dr-erscht-handel
128,comedy,Lucie,F,,,,"
            
LUCIE :

            
(fur sich)

            
Kein Liawe blick unn kein Guten’s Woorte gunn ich’m, bis ich ne so wytt habb !

          
",64,jost-dr-erscht-handel
129,comedy,Pierre,M,,,,"
            
PIERRE :

            
Lucie, horich, was isch diss fur e G’schicht mit eme Dienschtmaidel, wo dü
              angaschiert hesch ?

          
",64,jost-dr-erscht-handel
130,comedy,Lucie,F,,,,"
            
LUCIE :

            
Ich habb’s jo üf diss Babier g’schriwe, also stimmt’s au!

          
",65,jost-dr-erscht-handel
131,comedy,Pierre,M,,,,"
            
PIERRE :

            
Wenn dü e Hilf brüchsch, ze will ich jo nix geje hann .....

          
",65,jost-dr-erscht-handel
132,comedy,Lucie,F,,,,"
            
LUCIE :

            
(fur sich)

            
Aha, er isch schun e bissel zahm !

          
",66,jost-dr-erscht-handel
133,comedy,Pierre,M,,,,"
            
PIERRE :

            
..... awer saa mir, was diss fur e Kerl isch, wo sieh do in unsrer Wohnung erumtryebt
              ?

          
",66,jost-dr-erscht-handel
134,comedy,Lucie,F,,,,"
            
LUCIE :

            
Monsieur, diss isch jo gradi myn Dienschtmaidel !

          
",67,jost-dr-erscht-handel
135,comedy,Lucie,F,,,,"
            
LUCIE:

            
Ass ich verrückten bin, meinen Sie, Monsieur ? Nitt ass Sie sich drumbiere ! Zwische
              g'scheit unn hytt isch e grossi Differenz! Mir sinn d’Aue uffgange, unn ich bin nimmi so
              verrückten, ass ich mich vum e Mænner unde- drücen loss. Mir Fraue hann gradi so viell
              Rechte als wie ihr Mænner!

          
",67,jost-dr-erscht-handel
136,comedy,Pierre,M,,,,"
            
PIERRE:

            
Gewiss, liewi Lucie, myn Guten’s Wyewele, ich gibb jo...

          
",68,jost-dr-erscht-handel
137,comedy,Lucie,F,,,,"
            
LUCIE:

            
So Zärtlichkeit kenne Sie wo andersch ver- schwende, Monsieur !

          
",68,jost-dr-erscht-handel
138,comedy,Pierre,M,,,,"
            
PIERRE :

            
Allons, Lucie, ze sej doch verninftig unn .....

          
",69,jost-dr-erscht-handel
139,comedy,Lucie,F,,,,"
            
LUCIE :

            
Ah, Sie meinen, ich bin unverninftig ? Gewiss, ich bin’s g’sinn, so langer als wie ich
              gemeint habb, d’Frau wär d'r Sklave vum Mænner! Awer was e Amerikanere kann, diss kann
              ich au !

          
",69,jost-dr-erscht-handel
140,comedy,Pierre,M,,,,"
            
PIERRE:

            
Guten, ich gibb jo alles zue, awer was hett diss alles mit dem Mannsbild im Huus ze
              schaffe ?

          
",70,jost-dr-erscht-handel
141,comedy,Lucie,F,,,,"
            
LUCIE :

            
Was ? Ei, ich habb min halte wie alli moderni Ameri- kanere e männlich’s
              Dienschtmaidel zuegeleijt !

          
",70,jost-dr-erscht-handel
142,comedy,Pierre,M,,,,"
            
PIERRE :

            
Hett m'r schun emool so ebbs g’heert ! Diss dulden ich nitt ! Uff d'r G’stell fliejt’r
              mir nüss !

          
",71,jost-dr-erscht-handel
143,comedy,Lucie,F,,,,"
            
LUCIE :

            
Mir allei isch’r G’horsam Schuldige.

          
",71,jost-dr-erscht-handel
144,comedy,Pierre,M,,,,"
            
PIERRE:

            
Ich bin Herr im Huus !

          
",72,jost-dr-erscht-handel
145,comedy,Lucie,F,,,,"
            
LUCIE:

            
Unn ich habb gradi so viell Rechte als wie d'r Mænner !

          
",72,jost-dr-erscht-handel
146,comedy,Pierre,M,,,,"
            
PIERRE :

            
So e Dienschtbott schiekt sich nitt fur e Frau !

          
",73,jost-dr-erscht-handel
147,comedy,Lucie,F,,,,"
            
LUCIE :

            
(fur sich)

            
Aha, er wurd schun schalu! 
(Lütt)
: ’s schickt sich au nitt, ass Sie
              ganzi Nächt drüsse rumflieje !

          
",73,jost-dr-erscht-handel
148,comedy,Pierre,M,,,,"
            
PIERRE :

            
Ich werf ejch alli zwei zuem Huus nüss !

          
",74,jost-dr-erscht-handel
149,comedy,Lucie,F,,,,"
            
LUCIE :

            
Do bin ich d’heim, Monsieur !

          
",74,jost-dr-erscht-handel
150,comedy,Pierre,M,,,,"
            
PIERRE :

            
No geh eenfach ich !

          
",75,jost-dr-erscht-handel
151,comedy,Lucie,F,,,,"
            
LUCIE :

            
Wie d'r Herr will ! 
(hochmiatige ab nooch links.)

          
",75,jost-dr-erscht-handel
152,comedy,Pierre,M,,,,"
            
PIERRE :

            
Mir steht d'r Vrstand stilli! Ich habb iwer myni Frau schynnt’s alli gewaltige verloren !
              Ja‚, ’s schynnt so- gar, ass sie nix meh fur mich iwrig hett ! Diss wär mir e schen
              B’scherung! Bin ich am End g'scheit doch ze hart geje s’e g’sinn ? Na, egal; üf alli
              Fal gibb ich's Lucie nitt üf, unn ich wych unn wank nitt, bis ass diss Herr
              Dienschmaidel mit Manier abg’schüfelt isch worre. Der Mensch kennt mir jo noch by
              mynere Frau g’fähr- lich wäre — schun e manichi Frau isch mit ihrem Chauf- feur odder
              mit ihrem Kocha durch de Räps gange. Uff alli Fal wurd’s Guten sinn, wenn ich d’Aue
              offener b’halt !

          
",76,jost-dr-erscht-handel
153,comedy,Albert,M,,,,"
            
ALBERT :

            
(fur sich)

            
Do haw ich mich jo in e natt Affär yn- gelonn ! 
(Lütt)
: Do isch
              d’Poscht, Herr !

          
",76,jost-dr-erscht-handel
154,comedy,Pierre,M,,,,"
            
PIERRE :

            
(geht Wüat uff’'ne los)

            
Was, dü bisch als noch do ? Wart, dir will ich zeije, wo d'r Zimmermann ’s Loch
              gelonn hett ! 
(Er will’ne packe ; d’r Albert losst d’Brief falla unn wycht
                zeruck.)

          
",77,jost-dr-erscht-handel
155,comedy,Albert,M,,,,"
            
ALBERT:

            
Ich habb au emool laufe gelehrt! 
(G’schwind links ab.)

          
",77,jost-dr-erscht-handel
156,comedy,Pierre,M,,,,"
            
PIERRE:

            
Dü hesch gradi noch Zytt g’hett, Birschtel ! Ich will numme sähn, was diss noch fur e
              End nemmt ? 
(Er hebbt d’Brief üf.)
 Was sinn denn diss fur Schryewes ?
                
(Läst)
: «Heute Nachmittag 5 Ühre wichtig Parteiver sammlung —
              unbedingtes Erscheinen erforderlich !» Unn diss ? 
(Läst)
: « Heute Abend
              8 Ühre dringende Auf- sichtsratsitzung. Fehlende werden mit einer Geldstrafe belegt!» —
              Do muess ich unbedingt anne — nein, üf keine Fal — ich blyeh d’heim ! Ich loss myni
              Frau nitt allei mit dem Wasserstein-Kavallerischt! Mir kenne jetzt alli Societäte de
              buckel nabbrutsche ! 
(’s klopft.)
 Wer kann jetzt diss sinn ? — Entrez
              !

          
",78,jost-dr-erscht-handel
157,comedy,Alice,M,,,,"
            
ALICE:

            
Bonjour, Cousin Pierre !

          
",78,jost-dr-erscht-handel
158,comedy,Pierre,M,,,,"
            
PIERRE :

            
Was ? Dü bisch’s, Cousinel Alice ? Wie kummsch denn dü üf hin ? 
(Sie
                begriesse sich.)

          
",79,jost-dr-erscht-handel
159,comedy,Alice,M,,,,"
            
ALICE :

            
Ei, mit d'r Ysebahn nadierlich, wyll mir d’Fliejerej doch noch nitt secher genue
              isch. Ich bin schun g'scheit annekumme unn wohn bym Unkel Jacques, denn jungver- hyrooti
              Lytt soll m'r allei lonn. Wo isch denn, du reste, dyni femme ? Ich mecht s’e doch au
              gern emool kenne Lehr.

          
",79,jost-dr-erscht-handel
160,comedy,Pierre,M,,,,"
            
PIERRE :

            
(fur sich)

            
Diss isch jetzt gradi dr rachte Moment dezue !

          
",80,jost-dr-erscht-handel
161,comedy,Alice,M,,,,"
            
ALICE :

            
Na, was machsch de denn fur e G'sicht ? Isch dyni Frau dehn nitt do ?

          
",80,jost-dr-erscht-handel
162,comedy,Pierre,M,,,,"
            
PIERRE :

            
Ich glabb, sie kummt gradi ! 
(Fur sich)
: Halt, en Idee! «räche ist
              Blutwurst!» 
(Lütt)
: Horich, lieb Cousinel, mach m'r de G'falle unn saa
              mir jetzt zue allem «ja» unn « Amen », egal was bassiert !

          
",81,jost-dr-erscht-handel
163,comedy,Alice,M,,,,"
            
ALICE:

            
Was soll diss häise, Pierre ?

          
",81,jost-dr-erscht-handel
164,comedy,Pierre,M,,,,"
            
PIERRE :

            
stilli, sie kummt! Ich explizier's dir noochher. Dü begehsch kein Verbreche ; ’s isch
              numme fur myn Glüeck !

          
",82,jost-dr-erscht-handel
165,comedy,Lucie,F,,,,"
            
LUCIE :

            
(unde d'r Dier, baff, fur sich)

            
Was sieh ich denn do ? Wer isch denn die Person, wo so Verlobten mit mym Mænner ze
              büschbre hett ?

          
",82,jost-dr-erscht-handel
166,comedy,Pierre,M,,,,"
            
PIERRE :

            
(dätschelt im Alice d’Bäckle)

            
Wie mich diss Fräid, lieb’s Kind, ass dü kumme bisch ! Hesch dü mich denn au noch
              gern ?

          
",83,jost-dr-erscht-handel
167,comedy,Alice,M,,,,"
            
ALICE :

            
Gewiss, Pierre ! 
(Fur sich)
: Liawe awer haw ich e’n andere !

          
",83,jost-dr-erscht-handel
168,comedy,Lucie,F,,,,"
            
LUCIE :

            
(lätt)

            
Nein, diss iwerläw ich nitt! 
(Sie hyllt unn stirmt üf de Pierre
              zue.)

          
",84,jost-dr-erscht-handel
169,comedy,Pierre,M,,,,"
            
PIERRE :

            
(macht, wie wenn’r s’e erscht jetzt sieht)

            
Wie meinen Sie, Madamen ?

          
",84,jost-dr-erscht-handel
170,comedy,Lucie,F,,,,"
            
LUCIE :

            
Ich will wisse, was diss fur e Pupp isch, wo dir de Kopf verdrähjt hett ?

          
",85,jost-dr-erscht-handel
171,comedy,Alice,M,,,,"
            
ALICE :

            
Awer Madamen !

          
",85,jost-dr-erscht-handel
172,comedy,Pierre,M,,,,"
            
PIERRE:

            
Madamen, diss isch myn Kammerdiener ! 
(Fur sich)
: Ich will s’e schun
              weiche mache !

          
",86,jost-dr-erscht-handel
173,comedy,Lucie,F,,,,"
            
LUCIE:

            
Nein, diss geht ze witt! Liawe Pierre, myn Guten’s Mannele, ich gibb jo zue, ass
              .....

          
",86,jost-dr-erscht-handel
174,comedy,Pierre,M,,,,"
            
PIERRE :

            
Madamen, so Zärtlichkeit kenne Sie sich Sparren ! 
(Fur sich)
: Aha, sie
              wurd schun zahm !

          
",87,jost-dr-erscht-handel
175,comedy,Lucie,F,,,,"
            
LUCIE :

            
Allons, Pierre, ze sej doch verninftig unn .....

          
",87,jost-dr-erscht-handel
176,comedy,Pierre,M,,,,"
            
PIERRE:

            
O, ich bin ganz verninftig ! Ich bin ’s numme so- langer nitt g’sinn, wo ich noch
              gemeint habb, ass alli Fraue Angele sinn. LUGIE : Ich dulden awer eenfach kein andrs
              Wibsbild im Huus ! Uff d'r G’stell fliejt s’e mir nüss !

          
",88,jost-dr-erscht-handel
177,comedy,Pierre,M,,,,"
            
PIERRE :

            
Mir allei isch s’e G’horsam Schuldige !

          
",88,jost-dr-erscht-handel
178,comedy,Lucie,F,,,,"
            
LUCIE :

            
So e Dienschtbott schickt sich nitt fur e Mænner !

          
",89,jost-dr-erscht-handel
179,comedy,Pierre,M,,,,"
            
PIERRE:

            
Was sich fur e Amerikanere schickt, wurd sich doch au fur e Amerikaner schicke !
                
(Fur sich)
 : Aha, sie wurd schun schallu !

          
",89,jost-dr-erscht-handel
180,comedy,Lucie,F,,,,"
            
LUCIE :

            
Ich werf ejch alli zwei zuem Huus nüss !

          
",90,jost-dr-erscht-handel
181,comedy,Pierre,M,,,,"
            
PIERRE:

            
Do bin ich d’heim, Madamen !

          
",90,jost-dr-erscht-handel
182,comedy,Lucie,F,,,,"
            
LUCIE:

            
No geh eenfach ich !

          
",91,jost-dr-erscht-handel
183,comedy,Pierre,M,,,,"
            
PIERRE :

            
Wie d’Madamen will !

          
",91,jost-dr-erscht-handel
184,comedy,Alice,M,,,,"
            
ALICE :

            
(fur sich)

            
Mon Dieu, was muess ich denn do erläwe?

          
",92,jost-dr-erscht-handel
185,comedy,Lucie,F,,,,"
            
LUCIE:

            
Diss d’hät ejch zwei so g’falle! Nein, ich wych unn wank nitt. Unn Ihnne, Sie
              üfgebutzti Pupp, will ich schun bybringe, ass Sie myn Mænner nix angeht! 
(Geht
                Wüat üf d'Alice los, wo sich hinter de Pierre retiriert.)

          
",92,jost-dr-erscht-handel
186,comedy,Alice,M,,,,"
            
ALICE :

            
Oh, Madamen, ich habb au e Rechte am Pierre !

          
",93,jost-dr-erscht-handel
187,comedy,Pierre,M,,,,"
            
PIERRE :

            
(fur sich)

            
Diss hett s’e Guten g’saat! 
(Lütt)
: So isch’s, Madamen, ich kenn die
              Mamsell schun langer als wie Sie.

          
",93,jost-dr-erscht-handel
188,comedy,Lucie,F,,,,"
            
LUCIE :

            
(hyllt)

            
O, ich habb’s jo schun langer g’ahnt, ass dü mich hintergehsch ! Dü hesch so e Guten,
              brava unn treji Frau wie mich gar nitt verdient! 
(Lüttersch wie
                schunscht.)

          
",94,jost-dr-erscht-handel
189,comedy,Albert,M,,,,"
            
ALBERT :

            
(ohne d'andere ze sähn)

            
Lucie, ich habb jetzt d’Nas vol! Dü hebbsch mich kein Minütt meh ! Dyner Alt isch jo
              ..... allmächtiger, do isch’r jo! 
(Rysst ver- gelschtert noch links ab üss.
                )

          
",94,jost-dr-erscht-handel
190,comedy,Pierre,M,,,,"
            
PIERRE :

            
(baff)

            
Was heer ich do! «Lucie » unn «dü »? Ah, do lehrt m'r jo die treua Madamen kenne! Ich
              bring’ ne um, denne miserawel Gauner! 
(Rennt im Al- bert nooch links ab
                nooch.)

          
",95,jost-dr-erscht-handel
191,comedy,Lucie,F,,,,"
            
LUCIE :

            
(vergelschtert)

            
Grosser Gott, er wurd’m doch nix andhuen ! 
(G’schwind links ab.)

          
",95,jost-dr-erscht-handel
192,comedy,Alice,M,,,,"
            
ALICE :

            
(baff)

            
Diss soll mir kein Theater sinn in dem Huus ! Awer was haw ich denn g’sähn ! Diss
              isch jo der nett Monsieur g’sinn, wo im nämliche Coupé mit mir isch g’fahre! Wie kummt
              denn der ins Huus vun mym Cousin ?

          
",96,jost-dr-erscht-handel
193,comedy,Lucie,F,,,,"
            
LUCIE :

            
Mon Dieu, ich kann die zwei Mænner im ganze Huus nierigs finde ! Wenn diss numme e
              Guten’s End nemme dhuet ! 
(Wüat zuem Alice)
: Awer do sinn numme Sie
              dran Schuldige, Sie gewisselosi Person ! 
(Geht üf s’e los.)

          
",96,jost-dr-erscht-handel
194,comedy,Alice,M,,,,"
            
ALICE :

            
(rennt Ängstlich nooch hinte ab)

            
Die bringt mich noch um in ihrem Röjes! Pierre, hälfe m'r! 
(Ab nooch
                hinte.)

          
",97,jost-dr-erscht-handel
195,comedy,Lucie,F,,,,"
            
LUCIE :

            
(lauft’re nooch)

            
Wart, dü Lueder, dich will ich « be- pierrele » ! 
(Ab nooch
              hinte.)

          
",97,jost-dr-erscht-handel
196,comedy,Pierre,M,,,,"
            
PIERRE:

            
Wo steckt’r denn, mynere Frau ihre Galan ? Er soll mir’s biesse ! 
(Ab nooch
                hinte.)

          
",98,jost-dr-erscht-handel
197,comedy,Albert,M,,,,"
            
ALBERT :

            
(unde d'r Dier)

            
andlig haw ich’ne kenne ab- schittle !

          
",98,jost-dr-erscht-handel
198,comedy,Alice,M,,,,"
            
ALICE :

            
(unde d'r Dier)

            
Luft! Ich kann nimmi !

          
",99,jost-dr-erscht-handel
199,comedy,Albert,M,,,,"
            
ALBERT :

            
(im Moment, wo’r mitm Alice z’sammerennt, also jetzt erscht sieht)

            
Ja‚ — ja — was isch denn diss ? Sieh ich denn erächt ?

          
",99,jost-dr-erscht-handel
200,comedy,Alice,M,,,,"
            
ALICE :

            
(gradi so)

            
Mon Dieu, wie bin ich jetzt verschreck !

          
",100,jost-dr-erscht-handel
201,comedy,Albert,M,,,,"
            
ALBERT :

            
(fur sich)

            
Diss isch jo die nett Mamsell, wo g'scheit mit mir g’fahre isch !
              
(Lütt)
: Mademoiselle, Sie Glöüwe nitt, wie ich mich freia, ich Sie
              widdersieh ! In eim furt haw ich an Sie denke miehn !

          
",100,jost-dr-erscht-handel
202,comedy,Alice,M,,,,"
            
ALICE:

            
Unn diss soll ich Glöüwe nooch dem allem, was ich do in dem Huus erläbt habb ?

          
",101,jost-dr-erscht-handel
203,comedy,Albert,M,,,,"
            
ALBERT :

            
Ich schweer’s'ne, Mademoiselle ! D’r Schynn isch jo allerdings geje mich, awer ich
              will’ne g’schwind ex- pliziere, wie alles kumme isch. Awer nitt do; ich mecht mich
              nitt verwitsche lonn, ebb ass alles klär g’stellt isch.

          
",101,jost-dr-erscht-handel
204,comedy,Alice,M,,,,"
            
ALICE :

            
Unn ich au nitt.

          
",102,jost-dr-erscht-handel
205,comedy,Albert,M,,,,"
            
ALBERT :

            
Unn no mecht ich au gern erfahreni, wellem Glicks- stern ass ich’s ze verdanke habb,
              Sie do so unverhofft ze finde.

          
",102,jost-dr-erscht-handel
206,comedy,Alice,M,,,,"
            
ALICE :

            
(fur sich)

            
Wenn’s numme kein Unglicksstern isch !

          
",103,jost-dr-erscht-handel
207,comedy,Albert,M,,,,"
            
ALBERT:

            
Ich glabb, mir gehn am beschte in de Garte. Dorte isch’s noch g’hyer ! 
(Beidi
                ab nooch hinte.)

          
",103,jost-dr-erscht-handel
208,comedy,Pierre,M,,,,"
            
PIERRE :

            
Der Schuft isch rein wie verschwind !

          
",104,jost-dr-erscht-handel
209,comedy,Lucie,F,,,,"
            
LUCIE:

            
Ich mecht numme wisse, wo sich diss raffiniert Mensch verstekelt hett !

          
",104,jost-dr-erscht-handel
210,comedy,Pierre,M,,,,"
            
PIERRE :

            
(fur sich)

            
Ah, do isch jo myni suufer Frau !

          
",105,jost-dr-erscht-handel
211,comedy,Lucie,F,,,,"
            
LUCIE :

            
(dito)

            
Ah, do isch jo myn proprer Mænner ! 
(Pierre unn Lucie laufe im Lauf vun dere
                Scène wie achtlos anenand durch unn in d'r Stubb üf unn ab ; sie redde also « fur
                sich ».)

          
",105,jost-dr-erscht-handel
212,comedy,Pierre,M,,,,"
            
PIERRE :

            
So ebbs hätt ich nie vun’re gedenkt !

          
",106,jost-dr-erscht-handel
213,comedy,Lucie,F,,,,"
            
LUCIE:

            
Hieser hätt ich üf’ne geböjt! bedrachte sich im e anderi hett kenne vergaffe — ich
              bin! doch kein wuescht Frau! 
(Geht widder üf unn ab.)

          
",106,jost-dr-erscht-handel
214,comedy,Pierre,M,,,,"
            
PIERRE:

            
D’bescht Frau isch nix nutz. 
(bedrachte sich im Spiejel.)
 Wie s’e sich
              numme an so e Kerl hett kenne hänke ! Ich bin doch, ma foi, e ganz schen Mænner !
                
(Geht widder üf unn ab.)
 Was soll ich numme mache ?

          
",107,jost-dr-erscht-handel
215,comedy,Lucie,F,,,,"
            
LUCIE :

            
Wenn ich mir numme e Rot wisst !

          
",107,jost-dr-erscht-handel
216,comedy,Pierre,M,,,,"
            
PIERRE :

            
Denn was nutzt’s au, wenn ich’re bycht, ass’s Alice myn Cousinel unn alles numme e
              Farce isch ! Die Affär mit ihrem Liebhawer blyet jo no doch b’stehn !

          
",108,jost-dr-erscht-handel
217,comedy,Lucie,F,,,,"
            
LUCIE :

            
’s hett jo doch kein Wärt, wenn ich’m g’steh, ass d'r Albert myne Brüeder isch unn
              ass ich’ne numme schallu habb welle mache! Mit dem wurd die Affär mit dem Bibbele doch
              nitt üss d'r Welt g’schafft !

          
",108,jost-dr-erscht-handel
218,comedy,Pierre,M,,,,"
            
PIERRE :

            
(läuten, energischi)

            
Ja‚, Madamen, mir mache am beschte Schluss !

          
",109,jost-dr-erscht-handel
219,comedy,Lucie,F,,,,"
            
LUCIE :

            
’s isch au heechschti Zytt, ass mir anfang, Schluss ze mache, Monsieur! Ich geh zue
              mynere Mammel 
(Hyllt.)

          
",109,jost-dr-erscht-handel
220,comedy,Pierre,M,,,,"
            
PIERRE:

            
Unn ich zue mym Bäbbe !

          
",110,jost-dr-erscht-handel
221,comedy,Lucie,F,,,,"
            
LUCIE :

            
Ich V’rlang Trennung vun Disch unn Bett!

          
",110,jost-dr-erscht-handel
222,comedy,Pierre,M,,,,"
            
PIERRE :

            
No schloof ich üf’m Divan unn ess üf'm Kommod!

          
",111,jost-dr-erscht-handel
223,comedy,Lucie,F,,,,"
            
LUCIE :

            
Ich loss mich scheide !

          
",111,jost-dr-erscht-handel
224,comedy,Pierre,M,,,,"
            
PIERRE:

            
Mit Fräide !

          
",112,jost-dr-erscht-handel
225,comedy,Pierre,M,,,,"
            
PIERRE :

            
(unde d'r Dier zuem Alice)

            
Gott sej Danke, ass alles so kumme isch !

          
",112,jost-dr-erscht-handel
226,comedy,Alice,M,,,,"
            
ALICE :

            
O, wie bin ich so glückliche !

          
",113,jost-dr-erscht-handel
227,comedy,Pierre,M,,,,"
            
PIERRE :

            
(fur sich, baff)

            
Ja‚, Traim ich denn ?

          
",113,jost-dr-erscht-handel
228,comedy,Lucie,F,,,,"
            
LUCIE :

            
(dito)

            
Sieh ich denn erächt ?

          
",114,jost-dr-erscht-handel
229,comedy,Albert,M,,,,"
            
ALBERT :

            
(wie vorig)

            
So? Unn worum sinn Sie denn glick- lich, Mamsell Alice ?

          
",114,jost-dr-erscht-handel
230,comedy,Alice,M,,,,"
            
ALICE :

            
(verlegener)

            
Ei — ei — wyll...

          
",115,jost-dr-erscht-handel
231,comedy,Albert,M,,,,"
            
ALBERT :

            
..... wyll Sie mir velicht e bissel Guten kennte sinn ? 
(Alice
                nickt.)
 Juchhu, jetzt bin au ich glückliche ! 
(Er umarmt
              s’e.)

          
",115,jost-dr-erscht-handel
232,comedy,Pierre,M,,,,"
            
PIERRE :

            
(läuten)

            
Nein, diss geht jetzt doch ze wytt!

          
",116,jost-dr-erscht-handel
233,comedy,Lucie,F,,,,"
            
LUCIE :

            
(dito)

            
Mir steht d'r Vrstand stilli !

          
",116,jost-dr-erscht-handel
234,comedy,Pierre,M,,,,"
            
PIERRE :

            
(zuem Lucie unn zeijt üf de Albert; ironisch)

            
Sähn Sie, Madamen, was fur e trejer Galan ass Sie hann !

          
",117,jost-dr-erscht-handel
235,comedy,Lucie,F,,,,"
            
LUCIE :

            
(zuem Pierre unn zeijt uffs Alice; ironisch)

            
Sähn Sie, Monsieur, wie ufirichte ass’s die Mamsell do mit Ihnne meint !

          
",117,jost-dr-erscht-handel
236,comedy,Albert,M,,,,"
            
ALBERT :

            
Awer ich Bitt Sie, Monsieur ! ’s isch andlig Zytt, ass...

          
",118,jost-dr-erscht-handel
237,comedy,Pierre,M,,,,"
            
PIERRE :

            
(Wüat)

            
..... ass ich mit Ihnne abreche dhue: Was fallt Ihnne erschtens yn, mir Herner
              uffzesetze ?

          
",118,jost-dr-erscht-handel
238,comedy,Alice,M,,,,"
            
ALICE :

            
Lonn uns doch numme üssredde !

          
",119,jost-dr-erscht-handel
239,comedy,Lucie,F,,,,"
            
LUCIE :

            
(zuem Alice, Wüat)

            
Diss hett’s ball: Was fallt Ihnne erschtens yn, mir Herner uffzesetze ?

          
",119,jost-dr-erscht-handel
240,comedy,Pierre,M,,,,"
            
PIERRE :

            
(zuem Albert)

            
Was fallt Ihnne zweitens yn, myni Frau mit dere Mamsell do ze hintergehn ?

          
",120,jost-dr-erscht-handel
241,comedy,Lucie,F,,,,"
            
LUCIE :

            
(zuem Alice)

            
Was fallt Ihnne zweitens yn, myne Mænner mit dem Monsieur do ze hintergehn ?

          
",120,jost-dr-erscht-handel
242,comedy,Albert,M,,,,"
            
ALBERT :

            
(laachter)

            
O, Lucie, wie hesch dü dich vun dym Mænner am Narreseil erumfiehre lonn !

          
",121,jost-dr-erscht-handel
243,comedy,Alice,M,,,,"
            
ALICE :

            
(laachter au)

            
O, Pierre, dü hesch dich vun dynere Frau schen nynleije lonn !

          
",121,jost-dr-erscht-handel
244,comedy,Lucie,F,,,,"
            
PIERRE, LUCIE:

            
E Diss weiss ich sälwer zytter hytt !

          
",122,jost-dr-erscht-handel
245,comedy,Pierre,M,,,,"
            
PIERRE, LUCIE:

            
E Diss weiss ich sälwer zytter hytt !

          
",122,jost-dr-erscht-handel
246,comedy,Albert,M,,,,"
            
ALBERT :

            
(zuem Pierre)

            
Awer nitt, ass ich d'r Brüeder vum Lucie bin !

          
",123,jost-dr-erscht-handel
247,comedy,Alice,M,,,,"
            
ALICE :

            
(zuem Lucie)

            
Unn ich d’Cousine vum Pierre !

          
",123,jost-dr-erscht-handel
248,comedy,Albert,M,,,,"
            
ALBERT :

            
Ja‚, unn myni lieb fiancée !

          
",124,jost-dr-erscht-handel
249,comedy,Lucie,F,,,,"
            
LUCIE :

            
(starr sich an, baff)

            
PIERRE unn Isch’s denn mej- lich ? Worum denn no diss ganz Theater ?

          
",124,jost-dr-erscht-handel
250,comedy,Lucie,F,,,,"
            
LUCIE :

            
(verlegener)

            
Ei, wyll ich dich schallu habb welle mache!

          
",125,jost-dr-erscht-handel
251,comedy,Pierre,M,,,,"
            
PIERRE:

            
Unn ich dich au, lieb’s Wyewele ! O, wie sinn mir alli zwei doch so arich dumma g’sinn
              ! Welle mir uns wieder vertraawe unn alles vergasse ?

          
",125,jost-dr-erscht-handel
252,comedy,Lucie,F,,,,"
            
LUCIE :

            
(umarmt de Pierre)

            
Vun Härze gern ! Mir welle uns awer au allewyll widder verdröje unn .....

          
",126,jost-dr-erscht-handel
253,comedy,Pierre,M,,,,"
            
PIERRE :

            
(umarmt s'e au)

            
..... unn numme noch’s Beschta vun enand denke ! 
(Blyewe in dere Pos
                stehn.)

          
",126,jost-dr-erscht-handel
254,comedy,Alice,M,,,,"
            
ALICE :

            
(zuem Albert ; neckisch)

            
Was isch, Liawe Albert, welle mir uns e Lehre dran nemme ?

          
",127,jost-dr-erscht-handel
255,comedy,Albert,M,,,,"
            
ALBERT:

            
Gewiss, denn ich mach’s jetzt au so, wie's die zwei dort mache ! 
(Er umarmt
                d’Alice iwermietig.)

          
",127,jost-dr-erscht-handel
256,comedy,E Facteur,M,messenger/deliverer/helper,service_and_sales,lower_class,"
            
FACTEUR :

            
(gitt im Pierre e Brief)

            
Bonjour, beisammen ! Do isch e Brief ! Au revoir ! 
(Ab.)

          
",128,jost-dr-erscht-handel
257,comedy,Pierre,M,,,,"
            
PIERRE :

            
(macht üf unn zejt e Zyttungsblatt erüss ; läst.)

          
",128,jost-dr-erscht-handel
258,comedy,Lucie,F,,,,"
            
LUCIE :

            
Was isch’s, Pierre ?

          
",129,jost-dr-erscht-handel
259,comedy,Pierre,M,,,,"
            
PIERRE :

            
D’Ziehungslischt isch’s, Frau !

          
",129,jost-dr-erscht-handel
260,comedy,Lucie,F,,,,"
            
LUCIE :

            
Unn ?

          
",130,jost-dr-erscht-handel
261,comedy,Pierre,M,,,,"
            
PIERRE :

            
(langsam)

            
Mir hann ’s gross Los — nitt Gewinne !

          
",130,jost-dr-erscht-handel
262,comedy,Lucie,F,,,,"
            
LUCIE :

            
Gott sej Danke ! Mir wäre d’unglicklichschte Mensche g’sinn, wenn mir Gewinne hätte
              !

          
",131,jost-dr-erscht-handel
263,comedy,Pierre,M,,,,"
            
PIERRE:

            
Dü hesch erächt, Lucie! ’s gitt numme ein gross Los üf dere Welt ! Der hett’s
              Gewinne, wo e brava Frau unn e Guten Mamme fur syni Kinder g’funde hett !

          
",131,jost-dr-erscht-handel
264,comedy,Albert,M,,,,"
            
ALBERT :

            
(zeijt üf’s Alice)

            
In dem Fal haw ich hytt in alle mejliche Lotterie vun d'r Welt Gewinne ! 
(D’r
                Vorhang fallt g’schwind.)

              
 FINIS.

          
",132,jost-dr-erscht-handel
