Unnamed: 0,drama_type,speaker,sex,job,job_category,social_class,text,progress,short_name,numTokens,numLexTokens,avgLexVal,lexRatio
0,comedy,group,sex_unknown,job_unknown,job_category_unknown,social_class_unknown,"
          
Chrischtian:

          
Nümmero 44: Marie Gäisele üs. Wisseburri. Nümmero 45: Schosaff Dunkeli üs Colmer. Nümmero 46: Hanriatt Plapsel üs Babe-Bade. Nümmero 47: Rudi Tschöjdi üs Basel. Nümmero 48: Emanüel Ochsekopf üs Strooßburri. Nümmero 49: Xaverie Klappri üs Offedorf.

        
",0,riff-d-schloofere,51,3,0.0,0.058823529411764705
1,comedy,group,sex_unknown,job_unknown,job_category_unknown,social_class_unknown,"
          
Chrischtian :

          
(immer weiter lesend)

          
Nümmero 50: Antoin Imbecile üs Nanzig.
 Nümmero 51: Emilie Kälwele üs Stroßburri. Nümmero 52: Otto Ratzeritzky üs Kattowitz, un Nümmero 53: Kathrin Galleräi üs Schilke. 
(Mariann nimmt am Tische Platz )
      
        
",0,riff-d-schloofere,47,1,0.0,0.02127659574468085
3,comedy,group,sex_unknown,job_unknown,job_category_unknown,social_class_unknown,"
          
Chrischtian:

          
Ja, dies warde sechs wenjer wie gescht.

        
",1,riff-d-schloofere,11,4,0.0,0.36363636363636365
5,comedy,group,sex_unknown,job_unknown,job_category_unknown,social_class_unknown,"
          
Chrischtian:

          
(wichtig)

          
Fuffzig mol fünf isch zwäi- hündertunfuffzig.

        
",2,riff-d-schloofere,13,2,0.0,0.15384615384615385
7,comedy,group,sex_unknown,job_unknown,job_category_unknown,social_class_unknown,"
          
Chrischtian:

          
Drejmol fünf isch fuffzehn, Däuwohrel.

        
",3,riff-d-schloofere,9,1,0.0,0.1111111111111111
9,comedy,group,sex_unknown,job_unknown,job_category_unknown,social_class_unknown,"
          
Chrischtian :

          
(wichtig)

          
Zyter daß d'r Schuelmäischter d'nöij Ortographie in ünserer Gemäin inggfüehrt het.

        
",4,riff-d-schloofere,18,3,0.0,0.16666666666666666
10,comedy,s Gassenhansels-Mariann,M,,,,"
          
Mariann:

          
Mit dene däuwe Anderunge allewiel.

        
",5,riff-d-schloofere,8,1,0.0,0.125
11,comedy,group,sex_unknown,job_unknown,job_category_unknown,social_class_unknown,"
          
Chrischtian :

          
Also, zwäihündertfuffzig un fuffzehn isch zwäihündertfünfesaachzig.

        
",5,riff-d-schloofere,10,1,0.0,0.1
12,comedy,s Gassenhansels-Mariann,M,,,,"
          
Mariann:

          
(steht auf)

          
Jaaa, jetzt kummt m'r aw'r äu grood ebs ing: inger danne drejefuffzig Patiante sin aw'r doch äu sechs dringer gewahn, wie fer e Sitzung nooch üswarts zwölf Mark oongerachent höön kriejt, statts fünf.

        
",6,riff-d-schloofere,44,2,1.6517631714906138,0.045454545454545456
13,comedy,group,sex_unknown,job_unknown,job_category_unknown,social_class_unknown,"
          
Chrischtian:

          
Ah jaso. — Dies warde halt no wied’r e paar Mark meh. Sechs mol siewe.

        
",6,riff-d-schloofere,20,3,0.0,0.15
15,comedy,group,sex_unknown,job_unknown,job_category_unknown,social_class_unknown,"
          
Chrischtian :

          
Isch zwäijevierzig. Zü dane zwäi- hündertunfünfesachzig Mark, isch : 
(rechnet schriftlich auf einem Blatt Papier)
 
 Zwäihündertunfünfesaachzig un Zwäijevierzig, Strich dringer. — So. — Zwäi un fünf isch siewe — schrieb siewe. — Vier und sechs isch zehn - schrieb Null un bhalt äins. — Zwäi, un äins bhalte, isch drej. — Dies warde also drejhündertunsiewe Mark.

        
",7,riff-d-schloofere,72,3,0.4186450801015249,0.041666666666666664
16,comedy,s Gassenhansels-Mariann,M,,,,"
          
Mariann:

          
Vun eem Däuej wied'r! — E scheens Stickel Gald! — So an eem Däuej ze v'rdiene! — M'r sott's wajer fascht nit fer möejli halte.

        
",8,riff-d-schloofere,32,3,0.5623778975810215,0.09375
17,comedy,group,sex_unknown,job_unknown,job_category_unknown,social_class_unknown,"
          
Chrischtian :

          
(lachend)

          
Do sell nocch emol Äiner säueje, ’s gabt noch däuwi Büüre !

        
",8,riff-d-schloofere,18,2,0.0,0.1111111111111111
18,comedy,s Gassenhansels-Mariann,M,,,,"
          
Mariann:

          
Drejhündertunsiewe Mark von eem Däuej! — E natts Stückel Gald!

        
",9,riff-d-schloofere,14,1,1.6871336927430647,0.07142857142857142
19,comedy,group,sex_unknown,job_unknown,job_category_unknown,social_class_unknown,"
          
Chrischtian:

          
Ob's natt isch ? Zall will ich mäine — Un was d’Häuptsach d'rbie isch: ’s stinkt nit!

        
",9,riff-d-schloofere,24,4,0.0,0.16666666666666666
21,comedy,group,sex_unknown,job_unknown,job_category_unknown,social_class_unknown,"
          
Chrischtian :

          
Ah jaso. — 
(blättert hastig in dem Anmeldebuch nach.)
 — Ja, do stehn sie jo: Melchior Dissi üs Wyrsche, Mamsall Simselewim üs Strooßburri un Hyronimüs Schlöijele üs Strooßburri.

        
",10,riff-d-schloofere,38,2,0.0,0.05263157894736842
22,comedy,s Gassenhansels-Mariann,M,,,,"
          
Mariann:

          
Worum hesch dann die noch uff hyt Owe bstellt ?

        
",11,riff-d-schloofere,12,1,0.0,0.08333333333333333
23,comedy,group,sex_unknown,job_unknown,job_category_unknown,social_class_unknown,"
          
Chrischtian:

          
Bstellt hawich se nit, oowiese höön sie sich aw'r äu nit loon, un d'rnoo hawich halt gedenkt: drejefuffzig un drej isch sechsefuffzig.

        
",11,riff-d-schloofere,29,3,0.0,0.10344827586206896
25,comedy,group,sex_unknown,job_unknown,job_category_unknown,social_class_unknown,"
          
Chrischtian :

          
(laut auflachend)

          
Denke un babble! — Hahaha! — Ich mäin, dini Sprüchle sottsch doch jetzt bööl üffewandi könne? — 
(in leierndem Tone)
 Ich bin im e Wald — bo sieh ich e blöijs Blüemele — dies isch Majoran — un d’rnawe wissi Ardbeerblüemele — —

          

        
",12,riff-d-schloofere,56,3,0.0,0.05357142857142857
26,comedy,s Gassenhansels-Mariann,M,,,,"
          
Mariann :

          
(lachend)

          
Halt's Mül! — Iwerhäupt: 's schloofe! — Mueß nit äu gschloofe ware d'rbie ? — Hein?

        
",13,riff-d-schloofere,27,3,0.0,0.1111111111111111
27,comedy,group,sex_unknown,job_unknown,job_category_unknown,social_class_unknown,"
          
Chrischtian :

          
Na höer, wann dini Arwäit iewerem schloofe maache kannsch, ze wursch doch nix ze kläueje höön.

        
",13,riff-d-schloofere,21,1,0.0,0.047619047619047616
29,comedy,group,sex_unknown,job_unknown,job_category_unknown,social_class_unknown,"
          
Chrischtian :

          
Laach doch nit eso däub!

        
",14,riff-d-schloofere,8,2,0.0,0.25
31,comedy,group,sex_unknown,job_unknown,job_category_unknown,social_class_unknown,"
          
Chrischtian :

          
Nee, vorläifi noch nit.

        
",15,riff-d-schloofere,8,1,0.0,0.125
33,comedy,group,sex_unknown,job_unknown,job_category_unknown,social_class_unknown,"
          
Chrischtian:

          
Ich mäin numme. — Wäisch, s'isch nit guet wenn m'r ze viel und ze früehj laacht.

        
",16,riff-d-schloofere,22,3,0.0,0.13636363636363635
34,comedy,s Gassenhansels-Mariann,M,,,,"
          
Mariann:

          
Dü maachsch allewiel e Gschaftswark ! — E Sternsappermant nochemolning! — De Schaddel loß i noch nit hanke!

        
",17,riff-d-schloofere,22,2,0.0,0.09090909090909091
35,comedy,group,sex_unknown,job_unknown,job_category_unknown,social_class_unknown,"
          
Chrischtian:

          
Äij jo — äij jo — — —

        
",17,riff-d-schloofere,10,1,0.0,0.1
36,comedy,s Gassenhansels-Mariann,M,,,,"
          
Mariann :

          
Wieviel Prozante zeje m'r dann dene Monet vun ünserem Drogischt fer Malaga ?

        
",18,riff-d-schloofere,15,1,3.1660098269870547,0.06666666666666667
37,comedy,group,sex_unknown,job_unknown,job_category_unknown,social_class_unknown,"
          
Chrischtian :

          
(im Kontobuch blätternd)

          
Do hinne hawich's zammegerachent. — So, do steht's jo. — V'rkäuft het'r in dem Monet fer drejhündertunachtzig Mark Malaga un fer zwäihündertfünfenynzig Mark v'rschiedeni Teesorte. Dies macht: Drejhündertunachtzig un zwäihündertunfünfenynzig isch sechshündertunfünfe- siewezig Mark. Uff üns falle damnoch, mit fünf Prozant gerachent: drejedrißig Mark un fünfesiewezig Pfanni.

          

        
",18,riff-d-schloofere,66,5,0.736619636071897,0.07575757575757576
39,comedy,group,sex_unknown,job_unknown,job_category_unknown,social_class_unknown,"
          
Chrischtian:

          
Numme als harzhaft Malaga v'r- schriewwe, d'rnoo gitts schun Prozante.

        
",19,riff-d-schloofere,16,1,0.0,0.0625
41,comedy,group,sex_unknown,job_unknown,job_category_unknown,social_class_unknown,"
          
Chrischtian:

          
Was hesch no gsäit?

        
",20,riff-d-schloofere,7,1,0.0,0.14285714285714285
43,comedy,group,sex_unknown,job_unknown,job_category_unknown,social_class_unknown,"
          
Chrischtian :

          
(lachend)

          
Na, do hesch doch wenigschtens äinmol in diem Lawe d'Wohrhäit geredt.

        
",21,riff-d-schloofere,19,4,0.7440374646354115,0.21052631578947367
44,comedy,s Gassenhansels-Mariann,M,,,,"
          
Mariann:

          
(schaut durch das Fenster)

          
Löij emole, Chrischtian, do hunte schlicht wied'r emol Äiner d' Strooß uff un oo un gickelt so v'rstohlenerwies an ünserem Hüs eruff. Wurd's äiner vun dane Dreje sin, wie hyt noch kumme welle?

        
",22,riff-d-schloofere,47,4,0.0,0.0851063829787234
45,comedy,group,sex_unknown,job_unknown,job_category_unknown,social_class_unknown,"
          
Chrischtian :

          
(schaut ebenfalls durch das Fenster)

          
Obs jetzt grood äiner vun ünsere Kliante isch, loßt sich halt uff die Art schwar kunstantiere, aw'r — uff alli Fäll — ebs Gschieds isch's juschtemand grood äu nit.

        
",22,riff-d-schloofere,42,6,0.0,0.14285714285714285
47,comedy,group,sex_unknown,job_unknown,job_category_unknown,social_class_unknown,"
          
Chrischtian:

          
Bisch v'rruckt ? Mariann; Wäisch nimmi, daß m'r gewarnt sin worre ?

		  

        
",23,riff-d-schloofere,16,3,0.0,0.1875
48,comedy,group,sex_unknown,job_unknown,job_category_unknown,social_class_unknown,"
          
Chrischtian:

          
Ich bloos d'r druff! — Un iewwer- häupt, dar wie üns gewarnt het sell numme guet Oocht geen, daß ihm d' Kriminalschutzlytt nit hinger d' Um- hängle löije!

        
",24,riff-d-schloofere,36,4,0.0,0.1111111111111111
49,comedy,s Gassenhansels-Mariann,M,,,,"
          
Mariann :

          
Mir isch's raacht. — 
(Geht vom Fenster weg)
. — Was ich säueje will: hesch de Käufkuntrakt biem Böijunternahmer ingerschriewwe?

        
",24,riff-d-schloofere,28,2,0.0,0.07142857142857142
50,comedy,group,sex_unknown,job_unknown,job_category_unknown,social_class_unknown,"
          
Chrischtian:

          
Ja, glich nooch d'r Noochmiddäuejs- sitzung. 's isch aw'r e Stierhäit gewahn.

        
",25,riff-d-schloofere,18,3,1.1011754476604092,0.16666666666666666
52,comedy,group,sex_unknown,job_unknown,job_category_unknown,social_class_unknown,"
          
Chrischtian:

          
Worum? — Erschtens kann üns jetzt e jeder Simpel sozesäueje in d' Karte ning gücke un kann's mit de Hange griffe, daß mir göönz häillos Gald v’rdiene muehn, un zwäitens malde sich ewwe uff dies anne äu d' Kunkürrante.

        
",26,riff-d-schloofere,46,8,0.21089171159288309,0.17391304347826086
53,comedy,s Gassenhansels-Mariann,M,,,,"
          
Mariann :

          
(geringschäzig)

          
Poh, d' Kunkürrante.

        
",26,riff-d-schloofere,10,1,0.0,0.1
54,comedy,group,sex_unknown,job_unknown,job_category_unknown,social_class_unknown,"
          
Chrischtian:

          
Ja, d' Kunkürrante! — Sie kumme danewaj schun. — 
(nimmt eine Zeitung vom Tisch)
 — Do löij, was do drinne steht. 
(liest.)
 — Heilmethode nach hypnotisch-sugestiver Grundlage! — Phänomenale Erfolge !

        
",27,riff-d-schloofere,44,6,0.0,0.13636363636363635
55,comedy,s Gassenhansels-Mariann,M,,,,"
          
Mariann:

          
Was fer Erfolge?

        
",27,riff-d-schloofere,6,1,0.0,0.16666666666666666
56,comedy,group,sex_unknown,job_unknown,job_category_unknown,social_class_unknown,"
          
Chrischtian:

          
Phänomenale. 
(kaut an den Finger- nägeln.)

        
",28,riff-d-schloofere,13,2,0.0,0.15384615384615385
58,comedy,group,sex_unknown,job_unknown,job_category_unknown,social_class_unknown,"
          
Chrischtian:

          
Ja ich v'rsteh's äu nit raacht. — 
(liest weiter.)
 Einzig in der Welt dastehend !

        
",29,riff-d-schloofere,22,4,0.0,0.18181818181818182
59,comedy,s Gassenhansels-Mariann,M,,,,"
          
Mariann:

          
Ach, jetzt v'rsteh ich's! — Dies isch aw’r Schwindel !

        
",29,riff-d-schloofere,15,1,0.0,0.06666666666666667
60,comedy,group,sex_unknown,job_unknown,job_category_unknown,social_class_unknown,"
          
Chrischtian:

          
Numme gemaach, ’s kummt noch besser, — 
(liest.)
 — Keine Berufsstörung! — Keine Arbeitsversäumnis! — Kein Krankenlager! — Keine Medizin! —

        
",30,riff-d-schloofere,32,2,1.8984859049856235,0.0625
61,comedy,s Gassenhansels-Mariann,M,,,,"
          
Mariann :

          
(gehässig)

          
Ja, salbschtv'rstandli! — Zerscht mueß m'r äu wisse, was ze v'rschriewe isch!

        
",30,riff-d-schloofere,21,1,0.0,0.047619047619047616
62,comedy,group,sex_unknown,job_unknown,job_category_unknown,social_class_unknown,"
          
Chrischtian :

          
(liest weiter)

          
Nur ein Besuch bei mir, und Jeder ist sofort geheilt! -

        
",31,riff-d-schloofere,19,2,0.0,0.10526315789473684
64,comedy,group,sex_unknown,job_unknown,job_category_unknown,social_class_unknown,"
          
Chrischtian :

          
(liest)

          
Nachweislich die größten Erfolge, selbst in komplizierten, veralteten, von allen Aerzten und Professoren aufgegebenen Fällen.

        
",32,riff-d-schloofere,24,4,0.0,0.16666666666666666
66,comedy,group,sex_unknown,job_unknown,job_category_unknown,social_class_unknown,"
          
Chrischtian :

          
(liest)

          
Mensch, erkenne und kuriere dich selbst! — Suche und hole Rettung bei Frau Schnatteri, zur Zeit in Straßburg auf die Dauer von nur drei Monaten. Sprechstunden vormittags 8—12 Uhr, nachmittags 2—6 Uhr im Hotel „Zum Teddybär“. — 
(legt die Zeitung weg.)
 Na, was säisch jetz do d'rzü ?

        
",33,riff-d-schloofere,70,7,0.4651297064635087,0.1
68,comedy,group,sex_unknown,job_unknown,job_category_unknown,social_class_unknown,"
          
Chrischtian :

          
(erschreckt)

          
Mariann, träuej hurtli die Büecher ewack! — Räij' di’. — E Starnsappermant !

        
",34,riff-d-schloofere,21,2,0.0,0.09523809523809523
69,comedy,s Gassenhansels-Mariann,M,,,,"
          
Mariann:

          
Still doch! — Maach doch ken so Laawesdäuj ! — 
(rafft rasch die Zeitung und Geschäfts- bücher zusammen.)
 
(Es klopft zum zweitenmale.)

        
",34,riff-d-schloofere,32,2,0.0,0.0625
70,comedy,group,sex_unknown,job_unknown,job_category_unknown,social_class_unknown,"
          
Chrischtian :

          
(drängend)

          
Los! — Los! — Los!

          

        
",35,riff-d-schloofere,13,4,4.779984724284315,0.3076923076923077
71,comedy,s Gassenhansels-Mariann,M,,,,"
          
Mariann:

          
Numme gemaach! — 
(eilt mit den Sachen rasch rechts ab.)
 
(Es klopft zum drittenmale.)

        
",35,riff-d-schloofere,23,1,0.0,0.043478260869565216
72,comedy,group,sex_unknown,job_unknown,job_category_unknown,social_class_unknown,"
          
Chrischtian :

          
Jaja! Numme ering! — entrez! 
(Mlles. Simselewim tritt in sichtlicher Erregung hastig durch die Mitte ein.)

        
",36,riff-d-schloofere,25,2,1.3243866870510326,0.08
73,comedy,Mlle. Simselewim,F,,,,"
          
Simselewim:

          
Bonjour Monsieur! — Ich kumm doch noch räecht ums Himmelswille? — Herrjesses bin ich uffgerejt! — Sie erlauwe doch, daß ich mich vor alle Dinge e bissel setze dhue ? — 
(setzt sich.)
 — Oh, sin Sie aw'r nett ingericht do hinne! — Aanfach, aw'r nett! — Mit aam Wort! — Dies mueß m'r saawe! — Un der groß scheen Garte um's Hüs erum! — E Prachtgarte! Un doch d'rbie so aanfach! — Aanfach, aw'r nett! — Was pflanze Sie denn do alles ?

        
",36,riff-d-schloofere,106,12,1.71977919006921,0.11320754716981132
74,comedy,group,sex_unknown,job_unknown,job_category_unknown,social_class_unknown,"
          
Chrischtian :

          
Krütt un Ruewe.

          

        
",37,riff-d-schloofere,6,1,0.0,0.16666666666666666
75,comedy,Mlle. Simselewim,F,,,,"
          
Simselewim:

          
(wieder munter drauflossprudelnd)

          
Soso. — Krütt un Ruewe. — Aanfach, aw'r nett! — Wer's eso han kann! — Unseraaner hätt’ halt au sini Wünsch, sich e gemüetlis Heim ze schaffe! — E gemüetlis Heim! — 
(seufzt.)
 — Großer Gott! — Wenn m'r's Geld hätt’ wie nit, was könnt m'r do Alles mache, wir könnt me'r sich do innischte un inrichte! — Aanfach, aw'r nett! — E Hiesele zem ellaanbewohne, ’s Hiesel mit eme Borgärtel — Blueme un Rosehecke —, am Hiesel in d' Höeh Rewe od'r Epheu, d' Wohnung Hoch- parterre — e Salon — e salle à manger — zwei scheeni Schloofzimmer — e Fremdezimmer — e Bad- zimmer — e Cabinet toillet — e Wintergarte — e Boudoir — e Herrezimmer — e fumoir — Alles aanfach, aw’r nett! — Vorne in d'r Mitte vum Hiesel e Veranda — 
(schöpft tief Atem)
 — geje d'r Strooß zü. — D’ Staffel, wie zue d'r Veranda nuffüehrt, müeßt mit ihrem Geländer de Yndruck uff aane mache, als däet aam Jemand mit hell uffjüchzender Stimm züruefe: bienvenu! — entrée seulment! — Jaaa, ich hab Gschmack! Aw'r, dü liewer Gott im Himmel, was kann aam d'r bescht Gschmack un d'scheenschte Illüssione nutze wenn m'r ’s nöetige Klaangeld nit d'rzü het? — Un was spielt hytzedas d' Hauptroll ? — ’s Geld! — Wer isch Hahn im Korb allewiel un iewwerall? — Wer Geld het! — Wo Geld isch, isch alles — wo kaan Geld isch, isch nix — nit emol Kredit! — Denn Kredit un Geld hängt zamme! — Hawi Räecht od'r nit?!

        
",37,riff-d-schloofere,316,42,1.9938007061027863,0.13291139240506328
76,comedy,group,sex_unknown,job_unknown,job_category_unknown,social_class_unknown,"
          
Chrischtian :

          
(ungeduldig)

          
Höere, Fräu — — —

        
",38,riff-d-schloofere,11,2,0.0,0.18181818181818182
78,comedy,group,sex_unknown,job_unknown,job_category_unknown,social_class_unknown,"
          
Chrischtian :

          
Noch?! — E Kräizdünderwadder! — Do sin’r aw’r e alti Mamsall!

        
",39,riff-d-schloofere,17,1,0.0,0.058823529411764705
79,comedy,Mlle. Simselewim,F,,,,"
          
Simselewim:

          
Alt? — Vierzig Jährle. — ’s gäbt m’r se aw'r noch Niemeds. — Nit wohr? — Jaaa, ich hab mich halt guet ghalte in mine junge Johre, un im gfetzte Alter solid gelebt.

        
",39,riff-d-schloofere,42,8,0.43600595427635114,0.19047619047619047
80,comedy,group,sex_unknown,job_unknown,job_category_unknown,social_class_unknown,"
          
Chrischtian:

          
Sin'r schun emol ghyroot gewahn ?

        
",40,riff-d-schloofere,8,1,0.0,0.125
82,comedy,group,sex_unknown,job_unknown,job_category_unknown,social_class_unknown,"
          
Chrischtian :

          
Ah jaso: — Na höere Se, Jumpfer —

        
",41,riff-d-schloofere,12,2,0.0,0.16666666666666666
83,comedy,Mlle. Simselewim,F,,,,"
          
Simselewim :

          
(verlegen)

          
Nit so saawe — — — nit Jumpfer — — — — Mamsel.

        
",41,riff-d-schloofere,19,2,0.0,0.10526315789473684
84,comedy,group,sex_unknown,job_unknown,job_category_unknown,social_class_unknown,"
          
Chrischtian:

          
Ah sooo. — Na, höere Sie Mamsall —

        
",42,riff-d-schloofere,12,1,0.0,0.08333333333333333
85,comedy,Mlle. Simselewim,F,,,,"
          
Simselewim:

          
Mamsel Simselewim isch miner Name.

        
",42,riff-d-schloofere,8,1,0.0,0.125
86,comedy,group,sex_unknown,job_unknown,job_category_unknown,social_class_unknown,"
          
Chrischtian:

          
Ah so, Ihr sin jetz die Mamsall Simselewim üs Stroßburri?

        
",43,riff-d-schloofere,14,1,0.0,0.07142857142857142
87,comedy,Mlle. Simselewim,F,,,,"
          
Simselewim:

          
Ja. — Ich hab mich angemeldt ghet.

        
",43,riff-d-schloofere,11,1,0.0,0.09090909090909091
88,comedy,group,sex_unknown,job_unknown,job_category_unknown,social_class_unknown,"
          
Chrischtian :

          
Ich wäiß's, ich wäiß's. — Ihr höön d' Nummer fünfefuffzig.

        
",44,riff-d-schloofere,17,1,0.0,0.058823529411764705
89,comedy,Mlle. Simselewim,F,,,,"
          
Simselewim:

          
Gerechter Gott im Himmel! — So viel Lyt sin d’rnoo hyt schun do gsin?

        
",44,riff-d-schloofere,19,3,3.393177012450274,0.15789473684210525
90,comedy,group,sex_unknown,job_unknown,job_category_unknown,social_class_unknown,"
          
Chrischtian:

          
Dies isch noch gar nyx. — Mir höön goor e gueter Ruef. — Was ich aw'r säuje will: wo fahlt’s dann Uch äu? — Ihr schyne m'r doch nit krank ze sin, od’r?

        
",45,riff-d-schloofere,42,5,0.0,0.11904761904761904
91,comedy,Mlle. Simselewim,F,,,,"
          
Simselewim :

          
Ich? Naan. — Gottsejdank ! — Mir fehlt nix. — Ich bin iewwerhaupt miener Lewe noch nie krank gsin.

        
",45,riff-d-schloofere,25,3,0.924472434829188,0.12
92,comedy,group,sex_unknown,job_unknown,job_category_unknown,social_class_unknown,"
          
Chrischtian :

          
Allewaj! — Do wär’ demnoch öijer Mann krank.

        
",46,riff-d-schloofere,12,3,0.0,0.25
93,comedy,Mlle. Simselewim,F,,,,"
          
Simselewim:

          
Mann?!? — Ich hab'ne doch jetzt schun e paarmal gsaat, daß ich noch Mamsell bin.

        
",46,riff-d-schloofere,22,1,0.0,0.045454545454545456
94,comedy,group,sex_unknown,job_unknown,job_category_unknown,social_class_unknown,"
          
Chrischtian :

          
Ah jaso. — ’s will m'r halt gar nit in de Kopf. — Bie üns kannt m'r halt nix eso. —
        
		  

        
",47,riff-d-schloofere,26,3,0.0,0.11538461538461539
95,comedy,Mlle. Simselewim,F,,,,"
          
Simselewim :

          
(verlegen)

          
Naan.

        
",47,riff-d-schloofere,7,1,0.0,0.14285714285714285
96,comedy,group,sex_unknown,job_unknown,job_category_unknown,social_class_unknown,"
          
Chrischtian :

          
(lachend)

          
Nix fer unguet! — Was fahlt dann öijerem Patron äijetli ?

        
",48,riff-d-schloofere,17,4,0.9062376319259312,0.23529411764705882
97,comedy,Mlle. Simselewim,F,,,,"
          
Simselewim :

          
(verlegen)

          
Er het's im Kryz — — eijetli meh im Rückkroode.

        
",48,riff-d-schloofere,17,1,0.0,0.058823529411764705
98,comedy,group,sex_unknown,job_unknown,job_category_unknown,social_class_unknown,"
          
Chrischtian :

          
Aha. — Isch'r schun alt.

        
",49,riff-d-schloofere,9,1,0.0,0.1111111111111111
100,comedy,group,sex_unknown,job_unknown,job_category_unknown,social_class_unknown,"
          
Chrischtian:

          
Ja do, do isch halt bees Mahl an de Knöepfle in dane Johre. — Was het'r fer e Poschtür ?

        
",50,riff-d-schloofere,24,4,0.0,0.16666666666666666
102,comedy,group,sex_unknown,job_unknown,job_category_unknown,social_class_unknown,"
          
Chrischtian :

          
Gröiji Hoor het'r äu schun, nit wohr ? Simselewim; Gröiji Hoor? — Naan, die het'r schun lang nimmi. — Er traat e Bluttkopf, e veritawler Bluttkopf.

        
",51,riff-d-schloofere,35,5,0.0,0.14285714285714285
103,comedy,group,sex_unknown,job_unknown,job_category_unknown,social_class_unknown,"
          
Chrischtian:

          
Hm. — Soso. — Un, wo wohne-n-'r dann?

        
",51,riff-d-schloofere,16,1,0.0,0.0625
105,comedy,group,sex_unknown,job_unknown,job_category_unknown,social_class_unknown,"
          
Chrischtian:

          
Soso. — Naja, m'r welle-n-emole sahne, was sich do mache loßt. 
(Es klopft.)

        
",52,riff-d-schloofere,24,1,0.0,0.041666666666666664
107,comedy,group,sex_unknown,job_unknown,job_category_unknown,social_class_unknown,"
          
Chrischtian:

          
Nee, die isch dert driewe. — 
(weist nach rechts.)

        
",53,riff-d-schloofere,16,1,0.0,0.0625
109,comedy,group,sex_unknown,job_unknown,job_category_unknown,social_class_unknown,"
          
Chrischtian :

          
Aw'r sicher. 
(Es klopft zum zweitenmale.)

        
",54,riff-d-schloofere,12,2,0.0,0.16666666666666666
110,comedy,group,sex_unknown,job_unknown,job_category_unknown,social_class_unknown,"
          
Chrischtian :

          
Harräin! 
(Dissi tritt mit einer komisch wirkenden Verbeugung durch die Mitte ein.)

        
",55,riff-d-schloofere,18,2,0.0,0.1111111111111111
111,comedy,Meurs. Dissi,M,,,,"
          
Dissi:

          
Bonjour bisamme, hawi gsaat.

        
",55,riff-d-schloofere,8,1,0.0,0.125
112,comedy,group,sex_unknown,job_unknown,job_category_unknown,social_class_unknown,"
          
Chrischtian :

          
Simfelewim: } Bonjour monsieur!

        
",56,riff-d-schloofere,8,1,0.0,0.125
113,comedy,Meurs. Dissi,M,,,,"
          
Dissi:

          
Dissi isch miner Name, Dissi. — Ich kann aw'r nix d'rfüer. — D' Hauptsach isch, wenn ich do räecht bin bie d'r Schloofere ?

        
",56,riff-d-schloofere,31,2,0.0,0.06451612903225806
114,comedy,group,sex_unknown,job_unknown,job_category_unknown,social_class_unknown,"
          
Chrischtian :

          
Ihr sin nit latz geloffe, Harr Dissi. — Rahme Platz! — Sitze-n-e weng!

        
",57,riff-d-schloofere,21,3,0.0,0.14285714285714285
115,comedy,Meurs. Dissi,M,,,,"
          
Dissi:

          
Merci! — 
(setzt sich Mlle. Simselewim gegen- über.)
 — Wisse Sie, Madam Schloofere — —

        
",57,riff-d-schloofere,24,2,0.0,0.08333333333333333
116,comedy,group,sex_unknown,job_unknown,job_category_unknown,social_class_unknown,"
          
Chrischtian :

          
D' Fräu Dokter... isch noch nit do, sie isch momantan noch dert driewwe. 
(weist nach rechts.)

        
",58,riff-d-schloofere,24,2,1.8956433003800415,0.08333333333333333
117,comedy,Meurs. Dissi,M,,,,"
          
Diffi:

          
Ah so? — Pardon. — Was ich saawe hab welle: ich kann mich aw’r nit lang uffhalte, sunscht kriej ich de Anschluß nimmi mit'm Zug vun Strooßburri uff Wyrsche.

        
",58,riff-d-schloofere,37,3,0.0,0.08108108108108109
118,comedy,group,sex_unknown,job_unknown,job_category_unknown,social_class_unknown,"
          
Chrischtian :

          
Numme ken Angscht, Ihr kreije noch de Zug vorem Letschte.

        
",59,riff-d-schloofere,14,3,0.0,0.21428571428571427
119,comedy,Meurs. Dissi,M,,,,"
          
Dissi:

          
Isch d' Schloofere aw'r au sicher dhaame?

        
",59,riff-d-schloofere,10,1,0.0,0.1
120,comedy,group,sex_unknown,job_unknown,job_category_unknown,social_class_unknown,"
          
Chrischtian:

          
D' Fräu Dokter... wurd glich kumme. — Wo fahlt's Uch dann ?

          

        
",60,riff-d-schloofere,17,4,0.9478216501900207,0.23529411764705882
121,comedy,Meurs. Dissi,M,,,,"
          
Dissi:

          
Ich weiß's selwer nit, un kaan Dokter-findt ebs, un doch bin ich krank.

        
",60,riff-d-schloofere,19,1,0.0,0.05263157894736842
122,comedy,Mlle. Simselewim,F,,,,"
          
Simselewim:

          
M'r däet aw'r nit maane, daß Sie krank wärde.

        
",61,riff-d-schloofere,13,1,0.0,0.07692307692307693
123,comedy,Meurs. Dissi,M,,,,"
          
Dissi:

          
Worum ? — Wiel ich de Kopf nit henke loß? — Solang m'r zell nit helft, traa ich 'ne frank un frey in d'r Höeh, allem Wind un Wetter üsgsezt. — Wäeje was v’rzwiefle? — Solang d'r Mensch schnüüfe kann sell'r d' Hoffnung nit v'rliere.

        
",61,riff-d-schloofere,53,2,0.0,0.03773584905660377
124,comedy,group,sex_unknown,job_unknown,job_category_unknown,social_class_unknown,"
          
Chrischtian:

          
Höön'r als Weh?

        
",62,riff-d-schloofere,6,2,0.0,0.3333333333333333
125,comedy,Meurs. Dissi,M,,,,"
          
Dissi:

          
Weh? Abah, 's isch kaan Weh dirrekt, 's isch aw'r au kaan — — enfin, dies isch's jo ewwe — — 's isch als manischsmol e Gfüehl, ich weiß nit wie ich's bschriewe sell un was ich d'rzü saawe sell. — ’s macht mich so nieddergschlaawe manichsmol, so v’rdrießli un maßleidi, daß ich doch trotzallem tatsächli e manichsmol schun am liebschte nüs wär’ wo kaan Loch isch.

        
",62,riff-d-schloofere,81,5,0.736619636071897,0.06172839506172839
126,comedy,group,sex_unknown,job_unknown,job_category_unknown,social_class_unknown,"
          
Chrischtian :

          
Do sin'r ewwe gemüetskrank.

        
",63,riff-d-schloofere,7,1,0.0,0.14285714285714285
127,comedy,Meurs. Dissi,M,,,,"
          
Dissi:

          
Naan, ’s Gemüet isch gsund. Ich glaab ehnder ’s mueß im Bluet leje.

        
",63,riff-d-schloofere,18,3,0.32539238453388647,0.16666666666666666
128,comedy,group,sex_unknown,job_unknown,job_category_unknown,social_class_unknown,"
          
Chrischtian:

          
Im Bluet. — Hm. — ’s isch möejli. — Na, dies finge m'r schun. — Jetz will ich aw'r doch emol löije, wo d' Fräu Dokter isch. — Ihr exküsiere mich doch e weng?

        
",64,riff-d-schloofere,44,3,1.263762200253361,0.06818181818181818
130,comedy,group,sex_unknown,job_unknown,job_category_unknown,social_class_unknown,"
          
Chrischtian:

          
M'r sin glich do. 
(ab rechts.)

        
",65,riff-d-schloofere,12,1,0.0,0.08333333333333333
131,comedy,Mlle. Simselewim,F,,,,"
          
Simselewim:

          
Pardon, monsieur, Sie kumme mir so bekannt vor?

        
",65,riff-d-schloofere,13,2,0.0,0.15384615384615385
132,comedy,Meurs. Dissi,M,,,,"
          
Dissi:

          
’s kann sin, denn ich hab langi Johre in Strooßburri gewohnt.

        
",66,riff-d-schloofere,15,1,0.0,0.06666666666666667
133,comedy,Mlle. Simselewim,F,,,,"
          
Simselewim:

          
Gelte Sie?

        
",66,riff-d-schloofere,5,1,3.2436310932273837,0.2
135,comedy,Mlle. Simselewim,F,,,,"
          
Simselewim:

          
Sehn Sie? — Wo han Sie denn do gewohnt ghet, wenn m'r fröije derf ?

        
",67,riff-d-schloofere,19,1,0.0,0.05263157894736842
138,comedy,Meurs. Dissi,M,,,,"
          
Dissi :

          
(erstaunt)

          
V'rruefe? — Do isch mir nyx bekannt devun. — au contrair, in dene zwölf Johr wie ich drinne gewohnt hab, han daadäejli d' beschte Familje drinne v'rkehrt. Un, merkwüerdiger Wies : do wo d' Läde am kääbschte zü sin gsin, sin d' meischte Lyt üs-un-in gange. — Un luschti un amesant mueß's dert drinne als zügange sin. — Gelächter, Gsang un Mandolinemüsik alle Nacht bis in de Daa nin. Obdach- losi Maidle selle in dene Hieser gewohnt han, Maidle wie kaan Unterschlupf, kaan Heimet un kaan Familie meh ghet han, aw'r e deschto gröeßerer Bekanntekreis. Un, wie gsaat, als Bekannti üs de beschte Familje.

        
",69,riff-d-schloofere,130,11,0.331362294952952,0.08461538461538462
140,comedy,Meurs. Dissi,M,,,,"
          
Dissi:

          
Wenn m'r emol zwölf Johr in aam Hüs wohnt, ze wurd m'r doch minsex wisse, mit wem daß d' Noochberschaft v'rkehrt! — Hein? — Od'r maane Sie nit?

        
",70,riff-d-schloofere,35,1,0.0,0.02857142857142857
141,comedy,Mlle. Simselewim,F,,,,"
          
Simselewim :

          
(schnippisch)

          
's kummt halt druff an, je noochdem wie m'r sich fer so Vorgäng intressiert.

        
",70,riff-d-schloofere,21,1,0.0,0.047619047619047616
142,comedy,Meurs. Dissi,M,,,,"
          
Dissi:

          
So? — Na, ich saa Ihne: wenn Sie in minere günschti geläejene Wohnung gewohnt hätte, ze hätte Sie au e manchsmal hinterem Umhängel nüs ins Gässel gelinzt, viellicht noch meh wie ich.

        
",71,riff-d-schloofere,40,3,1.3015695381355468,0.075
144,comedy,Meurs. Dissi,M,,,,"
          
Dissi:

          
Pardon, ich red üs Erfahrung. — Un die Erfahrung hawich in dene zwölf Johr gemacht: die Lyt, wie am meischte d' Nas gerümpfelt han, die han nie genuej könne gickle un genuej könne sehne, un anderi wied'r, wie ganz elend iewwer d' Schamlosigkeit un d' V'rworfeheit vun ere gewisse Sort Wybslyt los- gezöije han, sin am stärkschte in unser Gässel kumme ze springe! — Ja, so isch's halt emol. — Mir kann Niemeds ebs v'rzähle! — Ich weiß Bscheid!

        
",72,riff-d-schloofere,96,11,0.5300198899795783,0.11458333333333333
145,comedy,Mlle. Simselewim,F,,,,"
          
Simselewim :

          
(tief aufseufzend)

          
Ja, d' Welt isch schläecht un v'rdorwe hytzedaas.

        
",72,riff-d-schloofere,16,2,0.0,0.125
146,comedy,Meurs. Dissi,M,,,,"
          
Dissi:

          
Pardon, Madam, d' Welt nit, d' Lyt. Wieviel isch nit schun gepreddit un gschriewwe worre iewwer „Die Heiligkeit der Ehe!“ — Ja do, dü liewer Alle- daa! — Do hyroothe Zwei, schwöere sich am Altar vor Gott un de Mensche ewigi Trey, loon vier Wuche lang fünf grad sin — bis am e scheene Daa dies Lewe ze langwieli wurd, un e gewirfelter Hüsfrind fer angenehmi Abwechslung sorje mueß. — Dies heißt m'r no e drejeckeds V'rhältnis. — Dies V'rhältnis bringt Lewe in d' Büdick. Hiewwe wie driewwe. Bis am e scheene Daa im guete Schorsch d' Auue uff gehn. No isch d'r Krach ferti. — D'r Anfang isch aw'r gemacht gsin, un d'noo geht's halt au so wyttersch, denn, wenn emol's Kätzel e Begriff vum müüse het, ze kann's ’s nimmi miede. — Un wie kummts d’rnoo? — Geht „sie“ räechts nüs, ze geht „er“ ewwe links nüs! — Was in Aam räecht isch, isch im Andere billi! — Uff die Art kann d'rnoo au kaans im andere meh ebs vorschmisse.

        
",73,riff-d-schloofere,214,26,0.6963690529319588,0.12149532710280374
147,comedy,Mlle. Simselewim,F,,,,"
          
Simselewim :

          
(etwas verlegen)

          
Un d'r Hüsfrind ?

        
",73,riff-d-schloofere,10,1,0.0,0.1
148,comedy,Meurs. Dissi,M,,,,"
          
Dissi :

          
(höhnisch auflachend)

          
Haha! — D'r Hüs- frind! — Wenn der nimmi ins Hüs derf kumme, ze bliet'r doch noch bis in d' Hälft Frind. — Ze was het m'r denn d' Poscht, de Telephon un d' rote Radler?! — Wenn Zwei zammekumme welle, ze finde se sich! — Sehn Se, dies isch e Bild vun dem viel- gerüehmte „heilige Ehstand“. — Do halt' ich bal noch meh vun dene, wie bienand hucke wie d' Spatze. — Pardon, Madam, Sie sin doch ghyrooth ?

        
",74,riff-d-schloofere,106,12,0.0,0.11320754716981132
149,comedy,Mlle. Simselewim,F,,,,"
          
Simselewim :

          
(verlegen)

          
Ob ich — — — ob ich v’rhyrooth bin ?

        
",74,riff-d-schloofere,15,1,0.0,0.06666666666666667
150,comedy,Meurs. Dissi,M,,,,"
          
Dissi :

          
Ja? 
(Lautes Gelächter erschallt aus dem Zimmer rechts.)

		  

        
",75,riff-d-schloofere,14,1,0.0,0.07142857142857142
151,comedy,Mlle. Simselewim,F,,,,"
          
Simselewim :

          
(erleichtert aufatmend)

          
Endli schient emol Jemand ze kumme. 
(steht auf.)
 
(Durch die Türe rechts treten Mariann und Chrischtian laut lachend ein.)

        
",75,riff-d-schloofere,32,7,0.0,0.21875
152,comedy,group,sex_unknown,job_unknown,job_category_unknown,social_class_unknown,"
          
Chrischtian :

          
(noch unter der Türe)

          
M'r welle-n- emole sahne war Raacht het, Dü od'r ich? — 
(zu den Uebrigen)
 So, do warde m'r jetzt. 
(vorstellend)
 D' Mamsall Simselewim. — D'r Harr Dissi — D' Fräu Doktere.

        
",76,riff-d-schloofere,50,5,0.0,0.1
153,comedy,s Gassenhansels-Mariann,M,,,,"
          
Mariann :

          
(welche in stolzer, majestätischer Haltung  hereingerauscht kam, herablassend)

          
D' Schloofere. 
(Dissi und Mlle. Simselewim verbeugen sich respektvoll.)

        
",76,riff-d-schloofere,28,5,1.4984368917629654,0.17857142857142858
154,comedy,s Gassenhansels-Mariann,M,,,,"
          
Mariann :

          
(lächelnd)

          
Jetz mueß ich hyt noch e Extra- Sitzung maache.

        
",77,riff-d-schloofere,16,2,1.6517631714906138,0.125
155,comedy,Mlle. Simselewim,F,,,,"
          
Simselewim :

          
(äußerst devot)

          
Sie muehn exküsiere, Frau Dokter, ’s het sich aw'r absolüma nit anderscht inrichte loon.

        
",77,riff-d-schloofere,23,3,1.263762200253361,0.13043478260869565
156,comedy,Meurs. Dissi,M,,,,"
          
Dissi :

          
(sich mehrmals verbeugend)

          
Exküse, Frau Dokter, ’s isch bie mir ’s nämli. — Wenn m'r halt allewiel mache könnt, wie m'r grad wott — — —

          

        
",78,riff-d-schloofere,34,4,0.9478216501900207,0.11764705882352941
157,comedy,s Gassenhansels-Mariann,M,,,,"
          
Mariann :

          
(gnädig abwinkend)

          
Reje-n-Uch numme nit uff d'rwaje. — Wann d' Pflicht rueft, hawich äinfach ze kumme.

        
",78,riff-d-schloofere,26,3,0.0,0.11538461538461539
158,comedy,group,sex_unknown,job_unknown,job_category_unknown,social_class_unknown,"
          
Chrischtian:

          
Zall mäin ich doch äu! — Wann d' Pflicht rueft, ze sin mir do! — Mittle-n-in d'r Noocht, wann's müeßt sin! — Un züdam: Ihr Zwäi kumme nit elläin, ’s kummt noch Jemeds.

        
",79,riff-d-schloofere,46,5,0.0,0.10869565217391304
160,comedy,Mlle. Simselewim,F,,,,"
          
Simselewim:

          
} Noch Jemeds? Mariann? Ja ’s het sich noch Jemeds fer hyt Owe oongemaldt.

        
",80,riff-d-schloofere,19,1,0.0,0.05263157894736842
161,comedy,group,sex_unknown,job_unknown,job_category_unknown,social_class_unknown,"
          
Chrischtian :

          
E Harr üs Strooßburri.

        
",80,riff-d-schloofere,7,1,0.0,0.14285714285714285
162,comedy,Mlle. Simselewim,F,,,,"
          
Simselewim :

          
(freudig)

          
Na, do hawich jo Reise- begleitung genuej uff d'r Haamfahrt ?

        
",81,riff-d-schloofere,18,4,0.7901677874428071,0.2222222222222222
163,comedy,Meurs. Dissi,M,,,,"
          
Dissi :

          
(lachend)

          
Aw'r sicher !

        
",81,riff-d-schloofere,8,2,0.0,0.25
164,comedy,s Gassenhansels-Mariann,M,,,,"
          
Mariann :

          
(zu Chrischtian)

          
M'r welle oonfange. 
(setzt sich ziemlich umständlich, mit gewählter Pose nieder.)

        
",82,riff-d-schloofere,22,4,0.0,0.18181818181818182
165,comedy,group,sex_unknown,job_unknown,job_category_unknown,social_class_unknown,"
          
Chrischtian:

          
Äij jo. — 
(mit wichtiger Miene zu den Übrigen.)
 — Jetz e weng stille, wann ’s beliebt, orig stille. 
(Dissi und Mlle. Simselewim verfolgen mit an- gehaltenem Atem gespannt den sich nun abspielenden Vorgang.)
 
(Chrischtian stellt sich vor Mariann, schaut derselben mit starrem Blick in die Augen, erhebt beide Hände, und spricht langsam in befehlendem Tone.)

          
        
		
",82,riff-d-schloofere,76,10,0.4327321894319553,0.13157894736842105
166,comedy,group,sex_unknown,job_unknown,job_category_unknown,social_class_unknown,"
          
Chrischtian :

          
Mariann, nimm oon de Bann! Hilf de Lyt üs ihrer Not! Jäuej ewack, was sie bedroht! Riß se üs d'r Angscht un Sorje! Maach se gsünd von hyt uff morje! Hilf, wo kener halfe kann! Ingersuech die Lyt, Mariann! Äins — — zwäij — — un drej!

        
",83,riff-d-schloofere,61,7,0.0,0.11475409836065574
169,comedy,group,sex_unknown,job_unknown,job_category_unknown,social_class_unknown,"
          
Chrischtian:

          
Aw'r sicher !

        
",84,riff-d-schloofere,5,2,0.0,0.4
170,comedy,Mlle. Simselewim,F,,,,"
          
Simselewim:

          
Herrjesses, ’s wurd m'r jo ganz Angscht!

        
",85,riff-d-schloofere,11,2,0.0,0.18181818181818182
171,comedy,group,sex_unknown,job_unknown,job_category_unknown,social_class_unknown,"
          
Chrischtian:

          
Bscht, stille jetzt. — Do, setze-n-Uch uff dene Saasel. 
(Mlle. Simselewim, am ganzen Körper zitternd wie Espenlaub, nimmt Mariann gegenüber Platz. — Chrischtian setzt sich hinter den Tisch, und notiert die Antworten seiner Schwägerin eifrig auf die Blätter des Rezeptblocks.)

        
",85,riff-d-schloofere,56,6,0.38665788330373235,0.10714285714285714
172,comedy,group,sex_unknown,job_unknown,job_category_unknown,social_class_unknown,"
          
Chrischtian:

          
Mariann, geh uff Strooßburri.

        
",86,riff-d-schloofere,8,2,0.0,0.25
173,comedy,s Gassenhansels-Mariann,M,,,,"
          
Mariann :

          
(nach kurzer Pause)

          
Ich bin derte.

        
",86,riff-d-schloofere,11,1,0.0,0.09090909090909091
174,comedy,group,sex_unknown,job_unknown,job_category_unknown,social_class_unknown,"
          
Chrischtian:

          
Geh in de Garwergrawe Nümero zwäihündertoochtefuffzig, ins Hingerhüs.

        
",87,riff-d-schloofere,12,1,0.0,0.08333333333333333
175,comedy,s Gassenhansels-Mariann,M,,,,"
          
Mariann :

          
(nach kurzer Pause)

          
Ich bin derte.

        
",87,riff-d-schloofere,11,1,0.0,0.09090909090909091
176,comedy,group,sex_unknown,job_unknown,job_category_unknown,social_class_unknown,"
          
Chrischtian:

          
Was siehsch Dü derte?

        
",88,riff-d-schloofere,7,1,0.0,0.14285714285714285
177,comedy,s Gassenhansels-Mariann,M,,,,"
          
Mariann :

          
(eintönig)

          
Ich sieh e kläins Mannele — ar geht e weng gebuckelt — — ar isch arig, arig mäuejer — — — müäuejer wie e Baachschyttt — — — d'r Kopf vum glanzt wie e Tomat — — aw'r — — ar het's im Kryz — — — harrjesses, wie het’s dar Mann im Kryz! Simselewim 
(erschauernd)
 : Aw'r, Aw'r, Aw'r!

          

        
",88,riff-d-schloofere,75,3,0.0,0.04
178,comedy,group,sex_unknown,job_unknown,job_category_unknown,social_class_unknown,"
          
Chrischtian:

          
Bscht, stille! — Mariann, was kann dam Mann halfe ?

        
",89,riff-d-schloofere,15,4,0.0,0.26666666666666666
179,comedy,s Gassenhansels-Mariann,M,,,,"
          
Mariann:

          
Dar Mann het Waaser inger de Rippe, grood wie ünserer Gückelhahn. — Ich sieh's jetz göönz genäu. — Do mueß m'r Plapperrose, Vejlotte, Äiche- rind, Furkekrütt, Zimmet, Brunsblueme, Kanztistriewel- blatter, Süürampfer un Baredrak im e Liter Malaga vonsetze, vierzehn Daaj uffem Feenschtersimse in d'r Sunn stehn loon — — — Dissi 
(schüchtern)
 : Wenn aw'r kaan Sunn schient ?

        
",89,riff-d-schloofere,77,6,0.0,0.07792207792207792
180,comedy,group,sex_unknown,job_unknown,job_category_unknown,social_class_unknown,"
          
Chrischtian:

          
Hesch ghöert, Mariann : wann aw'r ken Sunn schient ?

        
",90,riff-d-schloofere,13,2,0.0,0.15384615384615385
181,comedy,s Gassenhansels-Mariann,M,,,,"
          
Mariann:

          
No muß dam Mann sini Hüshaltere z' noochts die Budall mit ins Bett nahme un d' Füeß droon stelle. 
(Dissi schaut Mlle. Simselewim vielsagend von der Seite an.)

        
",90,riff-d-schloofere,35,2,0.0,0.05714285714285714
182,comedy,group,sex_unknown,job_unknown,job_category_unknown,social_class_unknown,"
          
Chrischtian :

          
Un wie lang jo?

        
",91,riff-d-schloofere,7,2,0.0,0.2857142857142857
183,comedy,s Gassenhansels-Mariann,M,,,,"
          
Mariann:

          
Bis dar Tee oonfangt ze gahre. D'rnoo friejt d'r Patiant alle Däuej zmorjeds nüechtere e Schnapsglasel voll vun dare Essanz ze trinke. — Dies butzt.

          
        
		
",91,riff-d-schloofere,31,1,0.0,0.03225806451612903
184,comedy,group,sex_unknown,job_unknown,job_category_unknown,social_class_unknown,"
          
Chrischtian:

          
(reißt das beschriebene Rezept vom  Block ab und überreicht dasselbe der Mlle. Simselewim.)

          
So — voilà — do steht Alles drowwe.

        
",92,riff-d-schloofere,28,2,0.0,0.07142857142857142
186,comedy,group,sex_unknown,job_unknown,job_category_unknown,social_class_unknown,"
          
Chrischtian :

          
D’ Visit fünf Mark. — Fer de Jewwer- rascht giebt Uch d'r Drogischt schun d' Rachnung. Sinselewim: D'r Abbedeeker, nit wohr ?

        
",93,riff-d-schloofere,29,3,0.0,0.10344827586206896
187,comedy,group,sex_unknown,job_unknown,job_category_unknown,social_class_unknown,"
          
Chrischtian:

          
Nee, d'r Drogischt. — D' Adraß steht uffem Rezapt.

        
",93,riff-d-schloofere,14,2,0.0,0.14285714285714285
189,comedy,group,sex_unknown,job_unknown,job_category_unknown,social_class_unknown,"
          
Chrischtian:

          
Ob's halft? — Ha ! — E kranks Roß daat jo vun dam Tee gsüünd ware! — So, Harr Dissi, jetz kamte Ihr an d' Räihj. — Ihr könne noch e weng dobliewe, Mamsall Simselewim. — Sitze grood dert hingere. — 
(geschieht.)
 — Un ihr, Harr Dissi, Ihr sitze jetz do hare uff dene Saasel.

        
",94,riff-d-schloofere,72,3,0.0,0.041666666666666664
191,comedy,group,sex_unknown,job_unknown,job_category_unknown,social_class_unknown,"
          
Chrischtian :

          
Dies läijt sich schun wied'r. — Mariann, was fahlt dam Mann?

        
",95,riff-d-schloofere,16,3,0.0,0.1875
192,comedy,s Gassenhansels-Mariann,M,,,,"
          
Mariann:

          
Dar Mann het Würm.

        
",96,riff-d-schloofere,7,2,0.0,0.2857142857142857
193,comedy,Meurs. Dissi,M,,,,"
          
Dissi :

          
(schüttelt sich fröstelnd)

          
Brrrrrr! — Würm?!

        
",96,riff-d-schloofere,13,1,0.0,0.07692307692307693
194,comedy,group,sex_unknown,job_unknown,job_category_unknown,social_class_unknown,"
          
Chrischtian :

          
Bscht, stille! — Wo sitze die Würm ?

        
",97,riff-d-schloofere,12,3,0.0,0.25
195,comedy,s Gassenhansels-Mariann,M,,,,"
          
Mariann:

          
Die Würm sitze uffem Mäuejebodde.

        
",97,riff-d-schloofere,8,1,0.0,0.125
197,comedy,group,sex_unknown,job_unknown,job_category_unknown,social_class_unknown,"
          
Chrischtian :

          
Bscht, stille, stille, stille! — Mariann, isch dies Alles? —

		  

        
",98,riff-d-schloofere,18,4,0.0,0.2222222222222222
198,comedy,s Gassenhansels-Mariann,M,,,,"
          
Mariann:

          
Nee, ar het noch Dupfe an d'r Lawer, Stäinle in d'r Gall, Kalkstoff im Bluet, Waaser im Hirn, un e viehmaaßis Loch im Maschtdarm.

        
",99,riff-d-schloofere,32,1,0.0,0.03125
199,comedy,Meurs. Dissi,M,,,,"
          
Dissi :

          
(jammernd)

          
Oh, oh, oh! — Ken Wunder, daß ich d'rnoo als eso randswies krank bin.

        
",99,riff-d-schloofere,25,2,0.0,0.08
200,comedy,group,sex_unknown,job_unknown,job_category_unknown,social_class_unknown,"
          
Chrischtian:

          
Bscht, stille! — Mariann, was hilft dam Mann?

        
",100,riff-d-schloofere,14,3,0.0,0.21428571428571427
201,comedy,s Gassenhansels-Mariann,M,,,,"
          
Mariann:

          
Ich bin im e Wald, — Do sieh ich e blöiji Bluem. — Dies isch Majoran. — Un d'rnawe wissi Ardbeerblüemele. —- Dies nimm ich mit häim, setz's mit Ochsezungekrütt, Mannstrejkrütt, Schwarzdorn- bluescht un Söijbohneschiffle in ere Schissel oon, schitt e Liter haller Malaga driewwer, loß's nyn Daaj lang in d’r Sunn vorem Feenschter stehn, daß's zammezehje mueß. — D'rnoo wurd's oogschitt un jede Däuej e Aßlöffel voll vorem Zowenasse inggenumme.

        
",100,riff-d-schloofere,93,5,0.0,0.053763440860215055
202,comedy,group,sex_unknown,job_unknown,job_category_unknown,social_class_unknown,"
          
Chrischtian :

          
(immer eifrig notierend)

          
Ich dies Alles ?

        
",101,riff-d-schloofere,11,2,1.159973649911197,0.18181818181818182
203,comedy,s Gassenhansels-Mariann,M,,,,"
          
Mariann:

          
No mueß dar Mann äu alle Wuch bade. Dod’rzü brücht m'r Ackerschacht, Schwalbwurzel, Walschkornwurzel, fuffzig Gramm, e Hampfel jedsmol ins Waaser kehjt, un am Sundimorje äinmol bade. 
(Es klopft.)
 Mariann; entréz!

        
",101,riff-d-schloofere,45,1,0.0,0.022222222222222223
204,comedy,group,sex_unknown,job_unknown,job_category_unknown,social_class_unknown,"
          
Chrischtian :

          
(gibt ihr unbemerkt rash einen Stoß)

          
Harräin! 
(Schlöijele tritt durch die Mitte ein, und fixiert die Anwesenden scharf.)

        
",102,riff-d-schloofere,27,2,0.0,0.07407407407407407
206,comedy,group,sex_unknown,job_unknown,job_category_unknown,social_class_unknown,"
          
Chrischtian :

          

        
",103,riff-d-schloofere,2,1,0.0,0.5
208,comedy,Hieronymus Schlöijele,M,undercover_policeman,government_executive_officials,lower_middle_class,"
          
Schlöijele :

          
Do kum ich glaawi grod erräecht ?

        
",104,riff-d-schloofere,9,1,0.0,0.1111111111111111
209,comedy,group,sex_unknown,job_unknown,job_category_unknown,social_class_unknown,"
          
Chrischtian:

          
Ja, m'r höön grood Sitzung. 
(reißt das beschriebene Rezept vom Block und händigt das- selbe Dissi aus.)
 — Fünf Mark. — De Tee biem Drogischt hole. — So, monsieur, Ihr könne glich sitze. — Ihr sin doch d'r Harr Schlöijele?

        
",104,riff-d-schloofere,54,4,0.8258815857453069,0.07407407407407407
210,comedy,Hieronymus Schlöijele,M,undercover_policeman,government_executive_officials,lower_middle_class,"
          
Schlöijele:

          
Ja, der bin ich.

        
",105,riff-d-schloofere,8,1,0.0,0.125
211,comedy,Meurs. Dissi,M,,,,"
          
Dissi:

          
(das Portmonnai durchsuchend)

          
Fünf Mark, nit wohr?

        
",105,riff-d-schloofere,13,1,0.0,0.07692307692307693
212,comedy,group,sex_unknown,job_unknown,job_category_unknown,social_class_unknown,"
          
Chrischtian:

          
Warte noch e weng, ’s isch glich gschahne. — Sitze noch e weng dert hingere. 
(geschieht.)
 Wo fahlt's dann Uch, Harr Schlöijele ?

        
",106,riff-d-schloofere,33,4,0.5788022258385106,0.12121212121212122
214,comedy,group,sex_unknown,job_unknown,job_category_unknown,social_class_unknown,"
          
Chrischtian:

          
Salbschtv'rstandli kann se dieß. — Mariann, was fahlt dem Mann?

        
",107,riff-d-schloofere,15,3,0.0,0.2
215,comedy,s Gassenhansels-Mariann,M,,,,"
          
Mariann:

          
Dar Mann het alli siewwe Harzfahler. — Ar het blöiji Narve, wissi Dupfe än d'r Milz, gaal Waaser im Büch, schwarzi Klötzle im Bluet, un isch nit raacht im Kopf.

          

		
",107,riff-d-schloofere,38,5,0.0,0.13157894736842105
217,comedy,group,sex_unknown,job_unknown,job_category_unknown,social_class_unknown,"
          
Chrischtian:

          
Fahlt noch ebs? Schhlöijele : Naan ’s langt fer e Düür. — Ich hätt’ numme noch ze erkläre, daß ich gsund bin wie e Eichel, un daß mir au nit e Krimmele fehlt.

        
",108,riff-d-schloofere,40,4,0.0,0.1
218,comedy,s Gassenhansels-Mariann,M,,,,"
          
Mariann :

          
(schnellt erbost vom Stuhl in die Höhe)

          
Ja was welle n-'r dann d'rnoo do, wann Uch nix fahlt?!

        
",109,riff-d-schloofere,27,2,0.0,0.07407407407407407
219,comedy,group,sex_unknown,job_unknown,job_category_unknown,social_class_unknown,"
          
Chrischtian :

          
(mißt ihn mit zornfunkelnden Augen)

          
Ja, was welle-n-'r dann d'rnoo do?!

        
",109,riff-d-schloofere,21,2,0.0,0.09523809523809523
220,comedy,Hieronymus Schlöijele,M,undercover_policeman,government_executive_officials,lower_middle_class,"
          
Schlöijele :

          
(scharf)

          
Was ich do will? — D' Larv will ich Ejch Zwei emol vum Gsicht risse! — ’s Hand- werk will ich Ejch emol leije! — D' Quacksalwerej will ich Ejch emol v'rtriewe! — Ejere Schwindel will ich emol vor aller Welt uffdecke! — So, jetzt wisse-n-’v ’s! — Wäeje dem bin ich do here kumme!

        
",110,riff-d-schloofere,71,7,0.0,0.09859154929577464
222,comedy,group,sex_unknown,job_unknown,job_category_unknown,social_class_unknown,"
          
Chrischtian :

          
(schreit)

          
Was ischer?! — E fracher, unv'rschamter Gascht isch'r ! — E Kunkürrant isch'r! — E Schwindler isch'r! — E Löijebittel !

        
",111,riff-d-schloofere,31,5,0.0,0.16129032258064516
224,comedy,Mlle. Simselewim,F,,,,"
          
Simselewim:

          
Herrjesses! — Frau Dokter, do sin mini fünf Mark! 
(will bezahlen.)

		  


        
",112,riff-d-schloofere,19,1,3.791286600760083,0.05263157894736842
225,comedy,s Gassenhansels-Mariann,M,,,,"
          
Mariann :

          
(den Kriminalschutzmann wie geistes-  abwesend anstarrend)

          
E V'rdeckter!

        
",112,riff-d-schloofere,14,1,0.0,0.07142857142857142
226,comedy,group,sex_unknown,job_unknown,job_category_unknown,social_class_unknown,"
          
Chrischtian:

          
(lacht gezwungen auf)

          
E V'rdeckter ?! — Hahaha! — Ach, Ihr wotte e V'rdeckter markiere ?! — Na, höere, mich maache-n-'r nit zingerschtzewwerscht! — Nee, noch lang nit! — Un dies will ich Uch glich im Vorüs gsäit höön: uff Oijere Plapper isch Uch gebloose un gepfiffe! — So e Blachgschirrel kann sich jeder Simpel oonhanke un kann säueje: Kriminal Abtäilung- Straßburig!

        
",113,riff-d-schloofere,82,7,0.0,0.08536585365853659
227,comedy,Meurs. Dissi,M,,,,"
          
Dissi:

          
Ganz mini Maanung. — Wisse Sie au, monsieur, fer was daß ich Sie anlöij?

        
",113,riff-d-schloofere,20,2,0.0,0.1
228,comedy,Hieronymus Schlöijele,M,undercover_policeman,government_executive_officials,lower_middle_class,"
          
Schlöijele:

          
Ja? — Fer was?

        
",114,riff-d-schloofere,8,1,0.0,0.125
230,comedy,Hieronymus Schlöijele,M,undercover_policeman,government_executive_officials,lower_middle_class,"
          
Schlöijele:

          
Un ich Sie, mit V'rlaub, fer e vieh- mäßigs Kameel, die Madam dert fer e — — — räecht ansältigi Person — — — un Ejch Zwei fer e ganz gemaangfährlis Schwindler- un Betrüejerpack !

        
",115,riff-d-schloofere,42,4,0.0,0.09523809523809523
231,comedy,Mlle. Simselewim,F,,,,"
          
Simselewim :

          
(drängend)

          
Frau Dokter, do sin mini fünf Mark!

        
",115,riff-d-schloofere,14,1,3.791286600760083,0.07142857142857142
232,comedy,Meurs. Dissi,M,,,,"
          
Dissi :

          
E viehmäßigs Kameel, saat der mir?!

        
",116,riff-d-schloofere,11,1,0.0,0.09090909090909091
233,comedy,s Gassenhansels-Mariann,M,,,,"
          
Mariann:

          
E Schwindler- un Betrüejerspack sin mir ?! — Chrischtian, dieß losch Dü Dir biete?!

        
",116,riff-d-schloofere,21,2,0.0,0.09523809523809523
234,comedy,group,sex_unknown,job_unknown,job_category_unknown,social_class_unknown,"
          
Chrischtian:

          
Räich m'r de Ochsewaddel hinger d'r Dhüer, aw'r danne mit'm Blejknopf!

        
",117,riff-d-schloofere,16,1,0.0,0.0625
235,comedy,Mlle. Simselewim,F,,,,"
          
Simselewim:

          
Herr Dokter, do sin mini fünf Mark!

        
",117,riff-d-schloofere,11,2,1.8956433003800415,0.18181818181818182
237,comedy,Meurs. Dissi,M,,,,"
          
Dissi:

          
E Spritz voll Pfeffer in d' Nas, daß'm d' Auue iewwer laufe.

        
",118,riff-d-schloofere,17,2,0.0,0.11764705882352941
238,comedy,Hieronymus Schlöijele,M,undercover_policeman,government_executive_officials,lower_middle_class,"
          
Schlöijele:

          
Wie heiße Sie?!

        
",119,riff-d-schloofere,7,1,0.0,0.14285714285714285
239,comedy,Meurs. Dissi,M,,,,"
          
Dissi:

          
Dies geht doch Sie nix an? Sclöijele: Ich fröij Se zem zweitemol, wie Sie heiße, un zwar im Name — — —

        
",119,riff-d-schloofere,28,2,0.0,0.07142857142857142
240,comedy,Meurs. Dissi,M,,,,"
          
Dissi:

          
Ach was! — Löij im Adreßbuech nooch wunderfitziger Satan! — Un züdem: bekümmer Dich nit um ungeleijti Eier, un zweitens: lehr’ Moral un Anstand, denn bis jetzt weisch schients noch nit, wie m'r sich in ere fremde Wohnung ze benemme het!

        
",120,riff-d-schloofere,51,3,0.0,0.058823529411764705
241,comedy,Hieronymus Schlöijele,M,undercover_policeman,government_executive_officials,lower_middle_class,"
          
Schlöijele :

          
(kalt lächelnd)

          
Sie allefalls schiene sich do hinne räecht heimisch ze füehle.

        
",120,riff-d-schloofere,17,4,0.0,0.23529411764705882
242,comedy,s Gassenhansels-Mariann,M,,,,"
          
Mariann :

          
(schreit)

          
Chrischtian, ich kann Dich goor nit v'rstehn, daß De dene Göijschaddel nit zingerscht- zewwerscht d' Staaj 'nooschmisch ! — Zügegriffe-n-emol! — D’ kurze Prozaß sin d' beschte! Chrischtian 
(schreit)
 : ’s Hüs süüfer gemaacht jetzt emol!

        
",121,riff-d-schloofere,51,6,0.0,0.11764705882352941
244,comedy,Hieronymus Schlöijele,M,undercover_policeman,government_executive_officials,lower_middle_class,"
          
Schlöijele :

          
Ich fröij Sie jetzt zem letschtemol: wie heiße Sie?!

        
",122,riff-d-schloofere,14,2,0.0,0.14285714285714285
245,comedy,group,sex_unknown,job_unknown,job_category_unknown,social_class_unknown,"
          
Chrischtian:

          
(will mit einem Stuhl auf Schlöijele  einhauen)

          
Hündsknoche, elanger! — V'rreck!

        
",122,riff-d-schloofere,18,2,0.0,0.1111111111111111
246,comedy,Hieronymus Schlöijele,M,undercover_policeman,government_executive_officials,lower_middle_class,"
          
Schlöijele:

          
(hat blitzschnell einen Revolver aus der  Tasche gezogen und auf Chrischtian angelegt)

          
Halt!!

        
",123,riff-d-schloofere,19,3,0.0,0.15789473684210525
247,comedy,s Gassenhansels-Mariann,M,,,,"
          
Mariann :

          
(schreit auf)

          
Chrischtian !

        
",123,riff-d-schloofere,8,1,0.0,0.125
248,comedy,Mlle. Simselewim,F,,,,"
          
Simselewim:

          
Jesses Chrischtes, Gottes Sohn, un Vadder!

        
",124,riff-d-schloofere,11,3,1.1626825447369364,0.2727272727272727
249,comedy,Hieronymus Schlöijele,M,undercover_policeman,government_executive_officials,lower_middle_class,"
          
Schlöijele:

          
(zu Chrischtian, welcher den Stuhl wieder  langsam sinken ließ)

          
Kaan Mückser meh!

        
",124,riff-d-schloofere,18,1,0.0,0.05555555555555555
251,comedy,Hieronymus Schlöijele,M,undercover_policeman,government_executive_officials,lower_middle_class,"
          
Schlöijele:

          
Reje Sie sich nit künschtli uff, Herr Dissi.

        
",125,riff-d-schloofere,12,2,0.0,0.16666666666666666
252,comedy,Meurs. Dissi,M,,,,"
          
Dissi :

          
(überrascht)

          
Wer saat denn Ihne mine Name ?

          

        
",126,riff-d-schloofere,12,3,0.0,0.25
253,comedy,Hieronymus Schlöijele,M,undercover_policeman,government_executive_officials,lower_middle_class,"
          
Schlöijele :

          
(überlegen lächelnd)

          
Sie selbscht — — im „goldene Sterne“ d'vorne — — — wie Sie sich im Wirt vorgstellt han.

        
",126,riff-d-schloofere,28,2,0.0,0.07142857142857142
255,comedy,Hieronymus Schlöijele,M,undercover_policeman,government_executive_officials,lower_middle_class,"
          
Schlöijele:

          
Noch Ihrer Uffassung. — eh bien, ihr Herrschafte, mini Mission isch erledigt, d'r Jewwerrescht kummt nooch. — Nix fer unguet. — Was m'r noch ze redde hätte mitnander, redde m'r später am e andere Platz. — D' Ynladung zem rendez-vous kummt nooch. — Bis dert anne: uff's Wiedersehn! — 
(ab durch die Mitte.)

        
",127,riff-d-schloofere,70,5,0.7996022024285664,0.07142857142857142
257,comedy,group,sex_unknown,job_unknown,job_category_unknown,social_class_unknown,"
          
Chrischtian:

          
E Kryzmillionepfiffedeckel !

        
",128,riff-d-schloofere,5,1,0.0,0.2
258,comedy,Meurs. Dissi,M,,,,"
          
Dissi:

          
Dieß gitt m'r e netti Gschicht!

        
",129,riff-d-schloofere,9,1,0.0,0.1111111111111111
259,comedy,Mlle. Simselewim,F,,,,"
          
Simselewim:

          
Ich bin ganz krank vun d'r Uff- rejung. — Do sin mini fünf Mark.

        
",129,riff-d-schloofere,19,3,0.0,0.15789473684210525
260,comedy,group,sex_unknown,job_unknown,job_category_unknown,social_class_unknown,"
          
Chrischtian:

          
Loon numme ’s Gald stacke.

        
",130,riff-d-schloofere,8,3,0.5623778975810215,0.375
262,comedy,Mlle. Simselewim,F,,,,"
          
Simselewim :

          
(spitz betonend)

          
Oh jeh! Ich will nix gschenkt.

          

        
",131,riff-d-schloofere,14,1,0.0,0.07142857142857142
264,comedy,group,sex_unknown,job_unknown,job_category_unknown,social_class_unknown,"
          
Chrischtian :

          
(erbost)

          
Mariann, Dü bisch e Simpel, e stiermaaßiger, daß ken gröeßerer meh uff d'r Harrgotts- sunnewalt erumläuft.

        
",132,riff-d-schloofere,26,4,0.0,0.15384615384615385
265,comedy,s Gassenhansels-Mariann,M,,,,"
          
Mariann :

          
(die Situation erfassend)

          
Wieso?! — Worum?! — Ihr höön mich allewaj Alli latz v'rstange. Was ich gsäit hab, dieß het soviel selle häiße aß wie: m'r ware doch Uch ken Gald oonahme selle uff die Unmueß anne?!

        
",132,riff-d-schloofere,50,5,0.33742673854861294,0.1
266,comedy,group,sex_unknown,job_unknown,job_category_unknown,social_class_unknown,"
          
Chrischtian :

          
(erleichtert)

          
So mäin ich's doch äu!

        
",133,riff-d-schloofere,12,2,0.0,0.16666666666666666
267,comedy,Meurs. Dissi,M,,,,"
          
Dissi :

          
(schiebt sein Portemonnai wieder in die  Tasche)

          
Wenn's eso raucht, dieß loß ich m'r gfalle.

        
",133,riff-d-schloofere,22,1,0.0,0.045454545454545456
269,comedy,group,sex_unknown,job_unknown,job_category_unknown,social_class_unknown,"
          
Chrischtian:

          
’s isch nit d'r Warth! — Was ich säueje will: wann aw'r jetz dar Blejele mit üns tat- sachli vor's Güvarlema geht, was no?

        
",134,riff-d-schloofere,32,2,1.5803355748856143,0.0625
270,comedy,Meurs. Dissi,M,,,,"
          
Dissi:

          
Was mine Person anbelangt, mich het'r gereizt. — Was ejch betrifft — — — —

        
",135,riff-d-schloofere,19,1,0.0,0.05263157894736842
271,comedy,group,sex_unknown,job_unknown,job_category_unknown,social_class_unknown,"
          
Chrischtian:

          
(lauernd)

          
Üns betr als Schwindler erklart.

        
",135,riff-d-schloofere,11,2,0.0,0.18181818181818182
272,comedy,Meurs. Dissi,M,,,,"
          
Dissi:

          
Na, ich bring ejch e paar hundert Zeje, wie grad ’s Gejedhaal bhaupte.

        
",136,riff-d-schloofere,18,3,1.0553366089956848,0.16666666666666666
273,comedy,Mlle. Simselewim,F,,,,"
          
Simselewim:

          
Un ich bsorj e Million Zeje, wenn's mueß sin!

        
",136,riff-d-schloofere,14,1,3.1660098269870547,0.07142857142857142
274,comedy,s Gassenhansels-Mariann,M,,,,"
          
Mariann :

          
(wischt sich eine Träne aus dem Auge)

          
Nit wohr, wann m’r ’s guet mäint mit d'r Menschhäit, wann m'r an d' Regierung un an d' Gemäin e himmel- hohi Lisanz bezohlt, wann m'r de Fremdev'rkehr halft in d' Höeh triewe, was doch äu wied'r d'r Räichs- yseboohn de Galdbittel fillt, no wott m'r äim noch d' Gurjel züdrucke owedring.

          

        
",137,riff-d-schloofere,71,7,0.983970314606743,0.09859154929577464
275,comedy,Meurs. Dissi,M,,,,"
          
Dissi:

          
Numme kaan Angscht, Frau Dokter, sowyt sin se noch nit! — Do wäre m'r vor alle Dinge au noch e Wörtele mitredde.

        
",137,riff-d-schloofere,28,2,1.8956433003800415,0.07142857142857142
276,comedy,Mlle. Simselewim,F,,,,"
          
Simselewim:

          
Un ich, mini ganz Frindschaft un Bekanntschaft, un noch viel Anderi au. - V'rloon Sie sich druff! — Ich kenn’ die Lyt, wie bis jetzt allewiel numme Guets iewwer Sie üsgsaat han, wie Felse uff Sie böije däete, wie numme mit allex Hochachtung vun Ihne un vun Ihrer Kunscht vedde, un wie Sie bie Gott un d'r Welt, bie jedere Geläejeheit, mit Fyr un Flamm warm anempfehle! — V'rloon Sie sich druff! — Adje bisamme! 
(ab durch die Mitte.)

        
",138,riff-d-schloofere,97,12,0.6001999791022785,0.12371134020618557
277,comedy,s Gassenhansels-Mariann,M,,,,"
          
Mariann:

          
Chrischtian } Adje Mamsall Simselewim!

        
",138,riff-d-schloofere,8,2,0.0,0.25
278,comedy,Meurs. Dissi,M,,,,"
          
Dissi :

          
Ja, ich will jetzt au gehn. — enfin, wie gsaat, Sie brüche nix ze fürchte, un Sie han nix ze reskiere. — Loon se numme kumme, loon se numme prozesse, m'r welle'ne de Pelz schun warm mache. — V'rloon Sie sich druff! — Adje bisamme! — 
(ab durch die Mitte.)

          

		
",139,riff-d-schloofere,66,9,0.0,0.13636363636363635
279,comedy,group,sex_unknown,job_unknown,job_category_unknown,social_class_unknown,"
          
Chrischtian :

          
Mariann} Adje Harr Dissi!

        
",139,riff-d-schloofere,7,2,0.0,0.2857142857142857
280,comedy,group,sex_unknown,job_unknown,job_category_unknown,social_class_unknown,"
          
Chrischtian :

          
(lachend)

          
Na, was säesch jetzt?!

        
",140,riff-d-schloofere,12,2,0.0,0.16666666666666666
281,comedy,s Gassenhansels-Mariann,M,,,,"
          
Mariann :

          
(in stolzer Pose mit siegesbewußter Stimme)

          
Kann's kumme wie's will — selle se dewwere un pfüttere wie sie welle — selle se schikaniere, demon- striere un mobilisiere — mir höön nix ze reskiere! — Chrischtian — Schwöijer — merk' D'r dieß: solang die Sort Lyt nit üsstarbt, blüehjt ünsere Wäize noch wyttersch!

        
",140,riff-d-schloofere,64,4,0.0,0.0625
