,drama_type,speaker,sex,job,job_category,social_class,text,short_name
0,comedy,Madame TÜRK,F,,,,"
          
Madame Türk

          
(kunnt züem Hotel üse)

          
Mine Hànschig, mi Eventail... ich ha glaüb alles... jà
                        so... mi brodiert Nastüech... ich ha mi brodiert
                        Nastüech vergesse... jetz müess ich wieder in dr dritte
                        Stock ufekràbse... wenn ich awer dr Portner thàt
                        schicke?...
(se geht an d'Thüre z'ruck)
 Herr
                        Tschobe!... Herr Tschobe!...

        
",lustig-uf-bsuech-bi-dr-frau
1,comedy,Dr Portner vom Hotel,M,doorman,elementary_professions,,"
          
Dr Portner

          
(innehàr)

          
Was b'liebt, Madame Türk?

        
",lustig-uf-bsuech-bi-dr-frau
2,comedy,Madame TÜRK,F,,,,"
          
Madame Türk.

          
Sin Se doch so güet un nàmme Se mi Schlissel un hole Se
                        mr mi brodiert Nastüech in mim Zimmer, 's ligt uf em
                        Tisch...

        
",lustig-uf-bsuech-bi-dr-frau
3,comedy,Dr Portner vom Hotel,M,doorman,elementary_professions,,"
          
Dr Portner

          
(innehàr)

          
Glich, Madame Türk... ich will nur noch dr Katz d'Milch
                        blose...

        
",lustig-uf-bsuech-bi-dr-frau
4,comedy,Madame TÜRK,F,,,,"
          
Madame Türk.

          
Dummle Sie sich, ich wart uf Se... wenn ich nur nitt
                        z'spot bi... ich glaüb nitt...
(se macht e Brief uf)
 's
                        isch erst am Nine, wo mich dr Herr Dampf soll ku
                        abhole... do sàit er jo, ass er hit z'Nacht am Nine
                        d'Ehr wird ha, mich abz'hole, fir mich züe dàne Herre

                        z'fiehre, wo-n-ich gern hätt, ass mi Mann Diràcter thàt
                        werde... er meint noch, se werde-n-in eso schöne-n-Aüge
                        nit refüsiere känne, un doch isch's jetz scho vierzeh
                        Tàg, ass me mir allewil verspricht... un dà Herr Dampf
                        hat mich ag'lüegt gestert uf e bedenklige Manier fir e
                        junge Fräu, wo-n-erst sechs Wuche g'hirothe-n-isch...
                        ich ha-n-en awer o nitt in mim Zimmer im Hotel
                        empfange, fir mi abz'hole... ich ha-n-em d'Adresse vo
                        minere Cüsine gà, se wohnt grad do àne... 's isch
                        sicher dert... wenn's nur scho umme wàr!... Was macht
                        me doch nitt fir dr Mann! Dà liewe Mann! er hat mich
                        nitt welle lo furt geh... er haltet nitt dra, ebbes
                        z'werde, awer ich desto mehr... we me-n-uf ihn thàt
                        lose, so thàt er si ganz Lewe-n-am gliche Platz bliwe
                        grüpe...

          

            
G'sang

            
(Gentille couturière)

            
Wenn ich thàt uf ihn lose,

            
So wàr bol 's Elend Trumpf,

            
Boll hätt er keine Hose

            
Un o kei güeter Strumpf.

          

          

            
Doch das Ding ka nitt so bliwe,

            
Ich will ihn scho vorwàrts triwe,

            
Wenn's mir hit nitt fehl thüet schla,

            
Soll er e besser Plàtzle ha.

          

          
Awer dà Portner kunnt jo gar nitt... wenn nur dr
                            Herr Dampf no nitt aruckt...
(se geht an d'Thüre)
kämme Se bol, Herr Tschobe?...

        
",lustig-uf-bsuech-bi-dr-frau
5,comedy,Dr Portner vom Hotel,M,doorman,elementary_professions,,"
          
Dr Portner

          
(làngt 's Nastüech züer Thüre-n-üse)

          
Do, Madame Türk.

        
",lustig-uf-bsuech-bi-dr-frau
6,comedy,Madame TÜRK,F,,,,"
          
Madame Türk

          
(fir sich)

          
Endlig!
(lüt)
 Sie lehn Nieme-n-in mi Zimmer ufe geh, Se
                        sàhn, ass ich üsgang...

        
",lustig-uf-bsuech-bi-dr-frau
7,comedy,Dr Portner vom Hotel,M,doorman,elementary_professions,,"
          
Dr Portner

          
(innehàr)

          
Müess me-n-uf Se warte?

        
",lustig-uf-bsuech-bi-dr-frau
8,comedy,Madame TÜRK,F,,,,"
          
Madame Türk.

          
's isch unnöthig, ich gang an e Soirée un kumm
                        wohrschinlig spot heim...

        
",lustig-uf-bsuech-bi-dr-frau
9,comedy,Dr Portner vom Hotel,M,doorman,elementary_professions,,"
          
Dr Portner.

          
Ich wünsch viel Plaisier, Madame Türk
(er macht d'Thüre
                        züe).

        
",lustig-uf-bsuech-bi-dr-frau
10,comedy,Madame TÜRK,F,,,,"
          
Madame Türk.

          
Merci, Herr Tschobe!
(se geht ans Hüs en face)
 jetz
                        g'schwind züe miner Cüsine... ich müess lüege, eb se
                        ihre Portner preveniert hat
(se geht ine, me hört se
                        rede)
. Hat me-n-Ihne g'sàit, ass wenn hit z'Owe-n-ebber
                        no de Madame Türk kunnt ku froge...

        
",lustig-uf-bsuech-bi-dr-frau
11,comedy,Dr Portner vom Hotel,M,doorman,elementary_professions,,"
          
Dr Portner

          
(innehàr)

          
Güet, güet... ich weiss es scho... ich schick alle
                        züe-n-Ihrer Cüsine ufe.

        
",lustig-uf-bsuech-bi-dr-frau
12,comedy,Herr TÜRK,M,,,,"
          
Herr Türk

          
(kunnt rechts)

          
Sackerdie!... wo bin i jetz do wieder! Scho dreiviertel
                        Stund laüf ich jetz umme-n-un süech d'Schnokegasse un
                        bi nitt g'fuchst, se z'finde... ich bi halt scho lang
                        nimmig z'Milhüse gsi... me hat se viellicht
                        supprimiert, d'Schnokegasse? ich müess halt froge
(er
                        schreit)
 d'Schnokegasse, wenn's i b'liebt!... kei
                        Mensch niene... ich müess das bi-n-ere-n-etablierte
                        Person froge, 's Hotel « Billig » soll ewe dert si,
                        wo-n-ich scho vierzeh Tàg halwer drin logier... denn mi
                        Hälfte logiert ewe drin, mi Sàlmele... me macht sich
                        iwerhäupt kei rechter Begriff dervo, wie's eim isch, we
                        me zwölfmol vierezwanzig Stund vo sinere Fraü eweg
                        isch, mehrere Kilometer wit... un b'sunders e junger
                        Mann, wo erst sechs Wuche g'hirothe-n-isch... ich ha's
                        efange nimmig 
känne-n-üshalte... Tag un Nacht ha-n-i se
                        g'sàh im Traüm in ihrer Hochzitstoilette un andere
                        Costümes... ich ha-n-in dem Ding e-n-End g'macht un ha
                        hit z'Owe dr Isebahn gnu... mine Biecher sin in
                        Ordnung... morn isch Sunntig, wenn ich nur wieder am
                        Màntig am Morge-n-uf em Bureau bi... bis derthi bin ich
                        frei un ka bi minere junge Fraü si. Allons bon, jetz
                        kunnt's noch ku regne... jetz isch's Zit, ass ich das
                        Hotel find... ah çà, geht denn eigentlig kei Mensch do
                        dure, wo-n-ich froge kännt!...
(d'Madame Dampf kunnt
                        links mit eme-n-offene Parepli un vom e junge Mensch
                        poursuiviert).

        
",lustig-uf-bsuech-bi-dr-frau
13,comedy,Herr TÜRK,M,,,,"
          
Herr Türk.

          
Ah! ne Dame... die will ich glich froge...

        
",lustig-uf-bsuech-bi-dr-frau
14,comedy,Madame DAMPF,F,,,,"
          
Madame Dampf

          
(nimmt im Herr Türk si Arm, se sin beide-n-unter'm
                        Parepli)

          
Endlig... bisch Dü's, mi Liewer...

        
",lustig-uf-bsuech-bi-dr-frau
15,comedy,Herr TÜRK,M,,,,"
          
Herr Türk.

          
Verzeiht Se...

        
",lustig-uf-bsuech-bi-dr-frau
16,comedy,Madame DAMPF,F,,,,"
          
Madame Dampf.

          
Dü hasch mich erwartet... ich ha mr's denkt...

        
",lustig-uf-bsuech-bi-dr-frau
17,comedy,Herr TÜRK,M,,,,"
          
Herr Türk.

          
Bàh!...

        
",lustig-uf-bsuech-bi-dr-frau
18,comedy,Madame DAMPF,F,,,,"
          
Madame Dampf.

          
Thüe doch dem Herr dert danke, wo durchüs mich hat welle
                        heim begleite.

        
",lustig-uf-bsuech-bi-dr-frau
19,comedy,Herr TÜRK,M,,,,"
          
Herr Türk.

          
Ah! so!...

        
",lustig-uf-bsuech-bi-dr-frau
20,comedy,Madame DAMPF,F,,,,"
          
Madame Dampf

          
(züem junge Mensch)

          
Dà Herr isch mi Mann.

        
",lustig-uf-bsuech-bi-dr-frau
21,comedy,Herr TÜRK,M,,,,"
          
Herr Türk.

          
Hein!
(fir sich)
 ich bi ihr...

        
",lustig-uf-bsuech-bi-dr-frau
22,comedy,Ne junger Mensch,U,,,,"
          
Dr junge Mensch

          
(salütiert)

          
Madame... ich salütier Se
(er laüft dervo rechts).

        
",lustig-uf-bsuech-bi-dr-frau
23,comedy,Herr TÜRK,M,,,,"
          
Herr Türk

          
(fir sich)

          
Was dr Kückücks isch jetz das fir Eine?

        
",lustig-uf-bsuech-bi-dr-frau
24,comedy,Madame DAMPF,F,,,,"
          
Madame Dampf

          
('s wird ere schwach, se losst dr Paresol uf d'Site
                        hànke)

          
Ah! 's wird mr glaüb weh!...

        
",lustig-uf-bsuech-bi-dr-frau
25,comedy,Herr TÜRK,M,,,,"
          
Herr Türk.

          
Was laüft mr in dr Nàcke?... ah, 's isch dr Parepli, wo
                        abtropft uf mi Faux-col... derft ich Se froge, dur wer
                        ass ich d'Ehr ha, ne so ig'spretzt z'werde?

        
",lustig-uf-bsuech-bi-dr-frau
26,comedy,Madame DAMPF,F,,,,"
          
Madame Dampf.

          
Awer, was werde Sie denke vo mr, nitt wohr?...

        
",lustig-uf-bsuech-bi-dr-frau
27,comedy,Herr TÜRK,M,,,,"
          
Herr Türk.

          
Eh, eh, eh!... losst Se mich z'erst emol dà Riflard
                        hewe... das Ding geht jo wie ne Kànel in mi Hals awe...

        
",lustig-uf-bsuech-bi-dr-frau
28,comedy,Madame DAMPF,F,,,,"
          
Madame Dampf.

          
Verfolgt vo dem unverschàmte Mensch, ha-n-ich halt 's
                        nächste beste Mittel ergriffe, fir en abz'biku...

        
",lustig-uf-bsuech-bi-dr-frau
29,comedy,Herr TÜRK,M,,,,"
          
Herr Türk.

          
Sie hat mi Arm unter dr Hand g'ha, un...

          

        
",lustig-uf-bsuech-bi-dr-frau
30,comedy,Madame DAMPF,F,,,,"
          
Madame Dampf.

          
Un ich möcht Sie bitte, mich vielmol z'excüsiere...

        
",lustig-uf-bsuech-bi-dr-frau
31,comedy,Herr TÜRK,M,,,,"
          
Herr Türk.

          
Worum denn, worum denn
(fir sich)
 Se schint güet
                        uferzoge z'si
(lüt)
 we mir thàte das Ding züemache...
                        's regent niene meh as uf mich
(er macht dr Parepli züe
                        un b'haltet en in dr Hand).

        
",lustig-uf-bsuech-bi-dr-frau
32,comedy,Madame DAMPF,F,,,,"
          
Madame Dampf.

          
Ich bi g'wiss froh, ass ich mich an e galanter Herr
                        adressiert ha.

        
",lustig-uf-bsuech-bi-dr-frau
33,comedy,Herr TÜRK,M,,,,"
          
Herr Türk.

          
Oh! galant... nur am e Sunntig... in dr Wuche ha-n-ich
                        nitt gross dr Zit... ich bi-n-Employerter in Gàwiller,
                        wo dr Kitterle wachst.

        
",lustig-uf-bsuech-bi-dr-frau
34,comedy,Madame DAMPF,F,,,,"
          
Madame Dampf.

          

            
Wie mehr ass ich ne b'schaü,

            
Thüet er güet mich dunke.

          

        
",lustig-uf-bsuech-bi-dr-frau
35,comedy,Herr TÜRK,M,,,,"
          
Herr Türk.

          

            
Was fir e schöne Frau!

            
Ich bi Fir un Funke.

          

        
",lustig-uf-bsuech-bi-dr-frau
36,comedy,Herr TÜRK,M,,,,"
            
Er.

            

              
Wenn ich jetz, anstatt Türk nur z'heisse,

              
Wirklig eso ne Landsmann wàr,

              
Miesst Sie mit in mi Serail reise,

              
Un g'wiss, derno gieng's anderscht her.

            

          
",lustig-uf-bsuech-bi-dr-frau
37,comedy,Madame DAMPF,F,,,,"
            
Sie.

            

              
Wenn er doch nur Herr Dampf thàt heisse

              
Un wirklig jetz mi Mànnle wàr,

              
So thàt ich gli mit ihm furt reise

              
Un g'wiss, derno gieng's anderscht her.

            

          
",lustig-uf-bsuech-bi-dr-frau
38,comedy,Madame DAMPF,F,,,,"
          
Madame Dampf

          
(fir sich)

          
Aha! ich erkenn mi jetz... ich bi-n-an Ort un Stell ku,
                        ohne-n-ass ich's g'wisst ha...
(ze zieht d'Ühre-n-üse)

                        scho Zehne!

        
",lustig-uf-bsuech-bi-dr-frau
39,comedy,Herr TÜRK,M,,,,"
          
Herr Türk.

          
Ah bah!... dr Zug isch schint's z'spot gsi... ich hätt
                        jo am Achte scho solle-n-aku.

        
",lustig-uf-bsuech-bi-dr-frau
40,comedy,Madame DAMPF,F,,,,"
          
Madame Dampf

          
(fir sich)

          
Un dr Herr Zitelpost, wo-n-ich hätt solle-n-atreffe do
                        par hasard am Nine... er wird mied gsi si mit
                        warte-n-un isch halt furt.

        
",lustig-uf-bsuech-bi-dr-frau
41,comedy,Herr TÜRK,M,,,,"
          
Herr Türk.

          
Geht Ihre Ziwele güet?

        
",lustig-uf-bsuech-bi-dr-frau
42,comedy,Madame DAMPF,F,,,,"
          
Madame Dampf

          
(fir sich)

          
Desto besser... ich ha-n-Unrecht g'ha, ihm das erste
                        Rendez-vous z'gà.

        
",lustig-uf-bsuech-bi-dr-frau
43,comedy,Herr TÜRK,M,,,,"
          
Herr Türk

          
(zieht si Ühre-n-üse)

          
's isch also jetz noch e Viertel bis Nine-n-in
                        Gàwiller... die laüfe schint's hinte no?

        
",lustig-uf-bsuech-bi-dr-frau
44,comedy,Madame DAMPF,F,,,,"
          
Madame Dampf

          
(fir sich)

          
Ich ha-n-in dr Magd g'sàit, wo-n-i furt bi, ich gieng
                        züe dr Nàiere, drum will ich fir alle Fürsorg' e kleine
                        Visite geh mache.

        
",lustig-uf-bsuech-bi-dr-frau
45,comedy,Herr TÜRK,M,,,,"
          
Herr Türk

          
(galant)

          
Wenn Se will, ass ich Se heimbegleit, so derf Se's nur
                        sage...

        
",lustig-uf-bsuech-bi-dr-frau
46,comedy,Madame DAMPF,F,,,,"
          
Madame Dampf.

          
Ich dank Ene vielmol... awer ich ha ne Visite z'mache
                        dert in dem Hüs
(se zeigt ufs Hüs links)
 's isch also
                        unnöthig...

          

        
",lustig-uf-bsuech-bi-dr-frau
47,comedy,Herr TÜRK,M,,,,"
          
Herr Türk.

          
Das macht nit... ich wart uf Se.... ich möcht nitt, ass
                        Sie wieder üsg'setzt wàr... wie vorig... also 's blibt
                        derbi... ich begleit Se...
(fir sich)
 im e Fiacre.

        
",lustig-uf-bsuech-bi-dr-frau
48,comedy,Madame DAMPF,F,,,,"
          
Madame Dampf

          
(unter dr Hüsthüre)

          
's isch g'wiss unnöthig... ich dank Ene noch emol, Adie 
(se salütiert un geht ine).

        
",lustig-uf-bsuech-bi-dr-frau
49,comedy,Herr TÜRK,M,,,,"
          
Herr Türk.

          
Se sàit mr Adie!... das macht awer mi Affaire nitt...
                        tiens, se hat ihr Parepli vergesse... bàh, ich gib's
                        ere, wenn se-n-üse kunnt... wenn se nur wit eweg
                        wohnt... ich sag im Kütschner, er soll Rinkli-Rànkli
                        fahre... un mi Fraü... ich liederliger Zipfel!... bàh,
                        die denkt doch nitt, ass ich z'Milhüse bi!
                        ..sapristi... 's geht gar kei warmer Wind... dà
                        kàtzer's Parepli do hindert mich, d'Hànd in d'Säck
                        z'stosse... er isch nitt wiescht, dà Riflard... er hat
                        e silwrige Plaque mit em Name druf « H. J. D. »... dr
                        Name vo-n-ihrem Mann... Hans Jobi Dabinsmüess
                        viellicht?... un e beiniger Griff... Sackerdie! ich
                        bekumm efange kalt do
(er geht spaziere)
 mi Nase-n-isch
                        wie ne-n-Iszàpfle... wenn ich nur dr Schnüppe nitt
                        verwitsch... das wàr embetant!

        
",lustig-uf-bsuech-bi-dr-frau
50,comedy,Herr ZITELPOST,M,,,,"
          
Herr Zitelpost

          
(kunnt mit schnelle Schritt')

          
Aha!... jetz bin i glaüb am Ort, wo se mr g'sàit hat
(er
                        süecht in de Säck)
 wo ha-n-i dà Brief ane tho?... ah,
                        do isch er... ich will noch emol lüege...

        
",lustig-uf-bsuech-bi-dr-frau
51,comedy,Herr TÜRK,M,,,,"
          
Herr Türk

          
(fir sich im spazieregeh)

          
Mi Nase g'friert mr alleweg noch ab...
(er niesst).

        
",lustig-uf-bsuech-bi-dr-frau
52,comedy,Herr ZITELPOST,M,,,,"
          
Herr Zitelpost

          
(liest)

          
« Mi Mann müess no-n-em Nachtesse uf si Bureau z'ruck...
                        ich profetier vo minere Freiheit, fir am Nine züe miner
                        Nàiere z'geh, wo-n-am Ecke vo dr Schnokegasse wohnt. »

        
",lustig-uf-bsuech-bi-dr-frau
53,comedy,Herr TÜRK,M,,,,"
          
Herr Türk

          
(niesst)

          
Ah! das macht mr güet, das...
(er geht uf un awe).

        
",lustig-uf-bsuech-bi-dr-frau
54,comedy,Herr ZITELPOST,M,,,,"
          
Herr Zitelpost.

          
Das isch do... endlig hat se mr emol das erste
                        Rendez-vous gà
(er geht o spaziere).

        
",lustig-uf-bsuech-bi-dr-frau
55,comedy,Herr TÜRK,M,,,,"
          
Herr Türk

          
(niesst)

          
Geht's jetz eigentlig eso furt!...

        
",lustig-uf-bsuech-bi-dr-frau
56,comedy,Herr ZITELPOST,M,,,,"
          
Herr Zitelpost

          
(im spazieregeh)

          
Se hat e wiescht Quartier g'choisiert.

        
",lustig-uf-bsuech-bi-dr-frau
57,comedy,Herr TÜRK,M,,,,"
          
Herr Türk

          
(im spazieregeh)

          
Das ich emol e Faction, wo zählt!...

        
",lustig-uf-bsuech-bi-dr-frau
58,comedy,Herr ZITELPOST,M,,,,"
          
Herr Zitelpost

          
(im spazieregeh)

          
Wenn ich e Cigarettle thàt raüche ?... awer nei... am
                        erste Rendez-vous...

        
",lustig-uf-bsuech-bi-dr-frau
59,comedy,Herr TÜRK,M,,,,"
          
Herr Türk

          
(sieht dr Herr Zitelpost)

          
Tiens, tiens, do isch jo ne Herr, wo schint's o Faction
                        isch
(er hebt si Parepli wie ne Flinte)
, er hat awer
                        keine Waffe bi si...

          

        
",lustig-uf-bsuech-bi-dr-frau
60,comedy,Herr ZITELPOST,M,,,,"
          
Herr Zitelpost

          
(blibt steh)

          
Tiens, was isch jetz das fir Einer .. was macht dà do?

        
",lustig-uf-bsuech-bi-dr-frau
61,comedy,Herr TÜRK,M,,,,"
          
Herr Türk

          
(fir sich)

          
Will er eigentlig do bliwe?...

        
",lustig-uf-bsuech-bi-dr-frau
62,comedy,Herr ZITELPOST,M,,,,"
          
Herr Zitelpost

          
(fir sich)

          
Wenn se jetz kàm!...

        
",lustig-uf-bsuech-bi-dr-frau
63,comedy,Herr TÜRK,M,,,,"
          
Herr Türk

          
(fir sich)

          
Er thüet mich
(er niesst)
 geniere.

        
",lustig-uf-bsuech-bi-dr-frau
64,comedy,Herr ZITELPOST,M,,,,"
          
Herr Zitelpost

          
(lüt)

          
G'sundheit!... das isch kei güet Wetter fir eso duss
                        z'bliwe, güeter Frind!

        
",lustig-uf-bsuech-bi-dr-frau
65,comedy,Herr TÜRK,M,,,,"
          
Herr Türk.

          
's isch wohr... e Hundswetter
(schittelt si)
 Brrr! 's
                        wàr viel besser d'heim.

        
",lustig-uf-bsuech-bi-dr-frau
66,comedy,Herr ZITELPOST,M,,,,"
          
Herr Zitelpost.

          
Sie thien wohrschinlig uf ebber warte?...

        
",lustig-uf-bsuech-bi-dr-frau
67,comedy,Herr TÜRK,M,,,,"
          
Herr Türk.

          
Jà, jà... un Sie?...

        
",lustig-uf-bsuech-bi-dr-frau
68,comedy,Herr ZITELPOST,M,,,,"
          
Herr Zitelpost.

          
Ich o.

        
",lustig-uf-bsuech-bi-dr-frau
69,comedy,Herr TÜRK,M,,,,"
          
Herr Türk.

          
Ne Dame viellicht?

        
",lustig-uf-bsuech-bi-dr-frau
70,comedy,Herr ZITELPOST,M,,,,"
          
Herr Zitelpost.

          
Ne Dame, jà... un Sie?

        
",lustig-uf-bsuech-bi-dr-frau
71,comedy,Herr TÜRK,M,,,,"
          
Herr Türk.

          
Ich o.

        
",lustig-uf-bsuech-bi-dr-frau
72,comedy,Herr ZITELPOST,M,,,,"
          
Herr Zitelpost.

          
Wo do in dem Quartier wohnt?

        
",lustig-uf-bsuech-bi-dr-frau
73,comedy,Herr TÜRK,M,,,,"
          
Herr Türk.

          
In dem Hüs do... un Ihre Dame?

        
",lustig-uf-bsuech-bi-dr-frau
74,comedy,Herr ZITELPOST,M,,,,"
          
Herr Zitelpost.

          
Soll o in das Hüs do ku... das isch sunderbar!

        
",lustig-uf-bsuech-bi-dr-frau
75,comedy,Herr TÜRK,M,,,,"
          
Herr Türk.

          
's isch possig... un Sie wànn do bliwe?

        
",lustig-uf-bsuech-bi-dr-frau
76,comedy,Herr ZITELPOST,M,,,,"
          
Herr Zitelpost.

          
Bis ass se kunnt... un Sie?

        
",lustig-uf-bsuech-bi-dr-frau
77,comedy,Herr TÜRK,M,,,,"
          
Herr Türk.

          
Bis ass se furt geht.

        
",lustig-uf-bsuech-bi-dr-frau
78,comedy,Herr ZITELPOST,M,,,,"
          
Herr Zitelpost.

          
Sie verstehn awer doch wohl, ass, we me sich erwartet,
                        nur ei Person z'finde...

        
",lustig-uf-bsuech-bi-dr-frau
79,comedy,Herr TÜRK,M,,,,"
          
Herr Türk.

          
Un findet zwei, ass das geniert...

        
",lustig-uf-bsuech-bi-dr-frau
80,comedy,Herr ZITELPOST,M,,,,"
          
Herr Zitelpost.

          
B'sunders, wenn e Dame sich müess in Acht nàh vor ihrem
                        Mann.

        
",lustig-uf-bsuech-bi-dr-frau
81,comedy,Herr TÜRK,M,,,,"
          
Herr Türk.

          
's isch ganz das...

        
",lustig-uf-bsuech-bi-dr-frau
82,comedy,Herr ZITELPOST,M,,,,"
          
Herr Zitelpost.

          
Ne Fraü in dàre Situation isch misstraüisch, un wenn Sie
                        do bliwe...

        
",lustig-uf-bsuech-bi-dr-frau
83,comedy,Herr TÜRK,M,,,,"
          
Herr Türk.

          
So traüt se nitt üse ku!

        
",lustig-uf-bsuech-bi-dr-frau
84,comedy,Herr ZITELPOST,M,,,,"
          
Herr Zitelpost.

          
Sie wàre g'wiss recht ordlig...

        
",lustig-uf-bsuech-bi-dr-frau
85,comedy,Herr TÜRK,M,,,,"
          
Herr Türk.

          
Sie thàte mr Freid mache...

        
",lustig-uf-bsuech-bi-dr-frau
86,comedy,group,sex_unknown,job_unknown,job_category_unknown,social_class_unknown,"
          
Beide mitnander.

          
Wenn Sie furt giengte!

        
",lustig-uf-bsuech-bi-dr-frau
87,comedy,Herr TÜRK,M,,,,"
          
Herr Türk.

          
Ich wich nitt vom Fleck!

          

        
",lustig-uf-bsuech-bi-dr-frau
88,comedy,Herr ZITELPOST,M,,,,"
          
Herr Zitelpost.

          
Sin Se nitt so stättig... un lehn Se mi allei do.

        
",lustig-uf-bsuech-bi-dr-frau
89,comedy,Herr TÜRK,M,,,,"
          
Herr Türk.

          
Die Gasse isch in alle Lit... 's ka sich drin ufhalte,
                        wer will...

        
",lustig-uf-bsuech-bi-dr-frau
90,comedy,Herr ZITELPOST,M,,,,"
          
Herr Zitelpost.

          
Bringe Se mi nitt in d'Hitze!

        
",lustig-uf-bsuech-bi-dr-frau
91,comedy,Herr TÜRK,M,,,,"
          
Herr Türk.

          
Wenn Sie kalt hätte wie-n-ich, so wàr das höchstens güet
                        fir Se.

        
",lustig-uf-bsuech-bi-dr-frau
92,comedy,Herr ZITELPOST,M,,,,"
          
Herr Zitelpost.

          
Ich bi vif, ass Sie's wisse!

        
",lustig-uf-bsuech-bi-dr-frau
93,comedy,Herr TÜRK,M,,,,"
          
Herr Türk.

          
's Pulver isch nur e Narr gege mir...

        
",lustig-uf-bsuech-bi-dr-frau
94,comedy,Herr ZITELPOST,M,,,,"
          
Herr Zitelpost

          
(fir sich)

          
Se kunnt jetz alleweg glich
(lüt)
 züem letschte mol
                        jetz, mache Sie sich dervo oder ich...

        
",lustig-uf-bsuech-bi-dr-frau
95,comedy,Herr TÜRK,M,,,,"
          
Herr Türk

          
(croisiert dr Parepli)

          
Halt! oder i schiess!

        
",lustig-uf-bsuech-bi-dr-frau
96,comedy,Herr ZITELPOST,M,,,,"
          
Herr Zitelpost

          
(hebt dr Parepli)

          
Was isch das! ich kenn 'n, dà Parepli!

        
",lustig-uf-bsuech-bi-dr-frau
97,comedy,Herr TÜRK,M,,,,"
          
Herr Türk

          
(zieht en z'ruck)

          
Wann Se mr g'schwind das Ding geh lo.

        
",lustig-uf-bsuech-bi-dr-frau
98,comedy,Herr ZITELPOST,M,,,,"
          
Herr Zitelpost

          
(hebt en fest)

          
Eh alleweg... 's isch ihrer!
(er losst en fahre; rasend)

                        un sie hat ne Ihne gà?...

        
",lustig-uf-bsuech-bi-dr-frau
99,comedy,Herr TÜRK,M,,,,"
          
Herr Türk.

          
Die Dame?... nei, nur g'lehnt.

        
",lustig-uf-bsuech-bi-dr-frau
100,comedy,Herr ZITELPOST,M,,,,"
          
Herr Zitelpost.

          
Sie isch's also, wo dert ine-n-isch?

        
",lustig-uf-bsuech-bi-dr-frau
101,comedy,Herr TÜRK,M,,,,"
          
Herr Türk.

          
Jà.

        
",lustig-uf-bsuech-bi-dr-frau
102,comedy,Herr ZITELPOST,M,,,,"
          
Herr Zitelpost.

          
In das Hüs?

        
",lustig-uf-bsuech-bi-dr-frau
103,comedy,Herr TÜRK,M,,,,"
          
Herr Türk.

          
Jà.

        
",lustig-uf-bsuech-bi-dr-frau
104,comedy,Herr ZITELPOST,M,,,,"
          
Herr Zitelpost.

          
s' isch uf sie, wo Se warte?

        
",lustig-uf-bsuech-bi-dr-frau
105,comedy,Herr TÜRK,M,,,,"
          
Herr Türk.

          
Jà.

        
",lustig-uf-bsuech-bi-dr-frau
106,comedy,Herr ZITELPOST,M,,,,"
          
Herr Zitelpost.

          
Fir se heimz'begleite?

        
",lustig-uf-bsuech-bi-dr-frau
107,comedy,Herr TÜRK,M,,,,"
          
Herr Türk.

          
Jà.

        
",lustig-uf-bsuech-bi-dr-frau
108,comedy,Herr ZITELPOST,M,,,,"
          
Herr Zitelpost.

          
Das g'schieht nitt!

        
",lustig-uf-bsuech-bi-dr-frau
109,comedy,Herr TÜRK,M,,,,"
          
Herr Türk.

          
Was b'liebt?...

        
",lustig-uf-bsuech-bi-dr-frau
110,comedy,Herr ZITELPOST,M,,,,"
          
Herr Zitelpost.

          
Ich verbiet's Ene!

        
",lustig-uf-bsuech-bi-dr-frau
111,comedy,Herr TÜRK,M,,,,"
          
Herr Türk.

          
Ah! bah!
(fir sich)
 dà g'fallt mr jetzt noch!...

        
",lustig-uf-bsuech-bi-dr-frau
112,comedy,Herr ZITELPOST,M,,,,"
          
Herr Zitelpost

          
(fir sich)

          
Sich vo me-n-Andere lo begleite, no ihrem Brief, wo sie
                        mir e Rendez-vous git drin! das isch e wenig stark!
                       
(lüt)
 die Dame geht allei heim, ass Sie's wisse!...

          

            
G'sang

            
(c. c. mon père)

            
Ich will nitt, wenn sie scheidet,

            
Ass ebber sie begleitet!

            
Un wer sich untersteht derzüe,

            
Hat's mit mir z'thüe!

          

          

        
",lustig-uf-bsuech-bi-dr-frau
113,comedy,Herr TÜRK,M,,,,"
          
Herr Türk.

          

            
Un ich loss mir nit sage,

            
Das ka-n-ich nitt vertrage,

            
Ich bi g'wöhnt, immer z'mache halt,

            
Grad wie's mir g'fallt!

          

        
",lustig-uf-bsuech-bi-dr-frau
114,comedy,Herr ZITELPOST,M,,,,"
          
Herr Zitelpost.

          
Eh bien... ich forder Sie üse!

        
",lustig-uf-bsuech-bi-dr-frau
115,comedy,Herr TÜRK,M,,,,"
          
Herr Türk.

          
Uf d'Pistole... awer glich jetz
(fir sich)
 ne Duell in
                        ere Gasse z'Milhüse z'Nacht am Nine... das hat me no
                        nitt vielmol g'sàh!

        
",lustig-uf-bsuech-bi-dr-frau
116,comedy,Herr ZITELPOST,M,,,,"
          
Herr Zitelpost.

          
Güet... ich hol Pistole un e Zige... süeche Sie sich o
                        einer... in zeh Minüte bin i wieder do.

        
",lustig-uf-bsuech-bi-dr-frau
117,comedy,Herr TÜRK,M,,,,"
          
Herr Türk.

          
Ich gib Ene drizehne, ohne Secunde!

        
",lustig-uf-bsuech-bi-dr-frau
118,comedy,group,sex_unknown,job_unknown,job_category_unknown,social_class_unknown,"
          
Beide mitnander.

          

            
Dà müess mir's dasmol biesse,

            
Ich will ne lehre schiesse,

            
Er geht so bol nimm uf dr Strich,

            
Fir das sorg ich!

          

          
(Herr Zitelpost geht furt rechts)

        
",lustig-uf-bsuech-bi-dr-frau
119,comedy,Herr TÜRK,M,,,,"
          
Herr Türk

          
(allei)

          
Armer Tropf! er meint, er macht mir Angst... ich, wo als
                        uf dr Foire alle Pfiffeköpf z'àmme schiess!... awer wo
                        ne Zige hernàh?... ich kenn jo Nieme do... wenn ich
                        thàt e Porte-faix lehne? tiens, das isch e-n-Idee!...
                        awer wo einer finde um die Zit?

        
",lustig-uf-bsuech-bi-dr-frau
120,comedy,Herr DAMPF,M,,,,"
          
Herr Dampf

          
(kunnt links; fir sich)

          
Ne Summervogel isch nitt besser ufg'legt, as ich hit
                        z'Owe, fir e galanter Üsflug z'mache!... Ich ha ne
                        güete-n-Idee g'ha, ass ich alle-n-Ühre d'heim e Stund
                        vorg'richte ha im versteckte...

        
",lustig-uf-bsuech-bi-dr-frau
121,comedy,Herr TÜRK,M,,,,"
          
Herr Türk

          
(fir sich)

          
Jà, Jà, wo isch awer jetz einer z'finde?

        
",lustig-uf-bsuech-bi-dr-frau
122,comedy,Herr DAMPF,M,,,,"
          
Herr Dampf

          
(fir sich)

          
Ich hätt sunscht nie känne mine G'schàfte ferig mache un
                        am Nine do si...

        
",lustig-uf-bsuech-bi-dr-frau
123,comedy,Herr TÜRK,M,,,,"
          
Herr Türk

          
(sieht dr Herr Dampf; fir sich)

          
Ah... still! dà kunnt jetz wie g'rüete...

        
",lustig-uf-bsuech-bi-dr-frau
124,comedy,Herr DAMPF,M,,,,"
          
Herr Dampf

          
(fir sich)

          
Wenn mi Fraü wisse thàt, ass ich, anstatt Zahle z'àmme
                        z'zähle, d'Minüte zählt ha, fir an mi Rendez-vous
                        z'geh!...

        
",lustig-uf-bsuech-bi-dr-frau
125,comedy,Herr TÜRK,M,,,,"
          
Herr Türk.

          
Wie will ich's eigentlig aschicke, fir ne az'rede?

        
",lustig-uf-bsuech-bi-dr-frau
126,comedy,Herr DAMPF,M,,,,"
          
Herr Dampf

          
(fir sich)

          
Voyons, do bin i jetz emol in dr Gasse... dr Nümero
                        müess do e-n-àime si...

        
",lustig-uf-bsuech-bi-dr-frau
127,comedy,Herr TÜRK,M,,,,"
          
Herr Türk

          
(fir sich)

          
Aha, ich 'weiss jetz wie!
(er steht em uf dr Weg)
 Kännte
                        Se mir sage, wel Zit as es isch!

        
",lustig-uf-bsuech-bi-dr-frau
128,comedy,Herr DAMPF,M,,,,"
          
Herr Dampf

          
(verschrocke)

          
's isch mr Leid... awer ich ha kei Geld uf mr... un gàn
                        Se Achtung, 's Polizeibureau isch nitt wit vo do...

          

        
",lustig-uf-bsuech-bi-dr-frau
129,comedy,Herr TÜRK,M,,,,"
          
Herr Türk

          
(lipft dr Hüet)

          
Pardon... 's isch d'Zit un nitt d'Ühre, wo-n-ich Ihne
                        g'heische ha...

        
",lustig-uf-bsuech-bi-dr-frau
130,comedy,Herr DAMPF,M,,,,"
          
Herr Dampf

          
(salutiert)

          
Verzeihe Se... awer Sie verstehn wohl, we me d'Lit nitt
                        kennt un um die Zit...
(er zieht si Ühre)
 voilà... Nine
                        un fünf Minüte...

        
",lustig-uf-bsuech-bi-dr-frau
131,comedy,Herr TÜRK,M,,,,"
          
Herr Türk.

          
Sie gehn z'spot...

        
",lustig-uf-bsuech-bi-dr-frau
132,comedy,Herr DAMPF,M,,,,"
          
Herr Dampf.

          
Ich gang as wie d'Finanze...

        
",lustig-uf-bsuech-bi-dr-frau
133,comedy,Herr TÜRK,M,,,,"
          
Herr Türk.

          
Enfin, das hat nit z'sage... Sie sin in dr Ordnung
                        kleidet, hàn Hànschig un e güete Tournure, das isch,
                        was ich brüch...

        
",lustig-uf-bsuech-bi-dr-frau
134,comedy,Herr DAMPF,M,,,,"
          
Herr Dampf.

          
Jà un derno... was hàn Se-n-eigentlig im Sinn?...

        
",lustig-uf-bsuech-bi-dr-frau
135,comedy,Herr TÜRK,M,,,,"
          
Herr Türk.

          
Berüehige Sie sich... ich möcht Se nur bitte, mir als
                        Zige z'diene im e Duell...

        
",lustig-uf-bsuech-bi-dr-frau
136,comedy,Herr DAMPF,M,,,,"
          
Herr Dampf.

          
Ne Duell!... un worum?

        
",lustig-uf-bsuech-bi-dr-frau
137,comedy,Herr TÜRK,M,,,,"
          
Herr Türk.

          
Ich weiss es nitt recht...

        
",lustig-uf-bsuech-bi-dr-frau
138,comedy,Herr DAMPF,M,,,,"
          
Herr Dampf.

          
Mit wem?

        
",lustig-uf-bsuech-bi-dr-frau
139,comedy,Herr TÜRK,M,,,,"
          
Herr Türk.

          
Sàll weiss i gar nitt! jetz wisse Se so viel as ich...
                        un das Ding soll do statt ha unter dr Laterne...

        
",lustig-uf-bsuech-bi-dr-frau
140,comedy,Herr DAMPF,M,,,,"
          
Herr Dampf.

          
Uf dr Gasse!

        
",lustig-uf-bsuech-bi-dr-frau
141,comedy,Herr TÜRK,M,,,,"
          
Herr Türk.

          
Un dà, wo Meister wird, dem isch se si Eigethum...

        
",lustig-uf-bsuech-bi-dr-frau
142,comedy,Herr DAMPF,M,,,,"
          
Herr Dampf

          
(fir sich)

          
Dà Mensch isch e Narr oder er macht mich z'posiere
(lüt)

                        's isch mr Leid, awer ich ka Ihne dà Dienst nitt
                        leiste... ich ha ebbes pressants vor... e Rendes-vous
                        mit ere junge Dame... ich ha ne fin Nachtessele fir se
                        b'stellt im Hotel...

        
",lustig-uf-bsuech-bi-dr-frau
143,comedy,Herr TÜRK,M,,,,"
          
Herr Türk.

          
Aha... zwei Couverts...

        
",lustig-uf-bsuech-bi-dr-frau
144,comedy,Herr DAMPF,M,,,,"
          
Herr Dampf.

          
Ne so ne Unschuld e-n-àime üs dr Umgegend, wo meint, ich
                        kumm se ku hole, fir se in mine Patrone z'presentiere,
                        wo sie fir ihre Imbécile vo Mann e Platz erlangt hat,
                        ohne's z'wisse noch... Sie sàhn, ass ich pressiert bi
                        un ass es mir unmöglig isch...
(er will geh).

        
",lustig-uf-bsuech-bi-dr-frau
145,comedy,Herr TÜRK,M,,,,"
          
Herr Türk

          
(haltet en z'ruck)

          
's isch eithüen, ich hätt Sie doch gern als Zige
                        g'ha...

        
",lustig-uf-bsuech-bi-dr-frau
146,comedy,Herr DAMPF,M,,,,"
          
Herr Dampf.

          
's isch mr Leid... ich ka rundüs nitt...

        
",lustig-uf-bsuech-bi-dr-frau
147,comedy,Herr ZITELPOST,M,,,,"
          
Herr Zitelpost

          
(kunnt rechts; züem Herr Türk)

          
Allons... ich bi g'rischtet... ein vo mine güete Frind
                        wartet uf is mit Pistole un isch mi Zige...

        
",lustig-uf-bsuech-bi-dr-frau
148,comedy,Herr TÜRK,M,,,,"
          
Herr Türk

          
(presentiert dr Herr Dampf)

          
Un do isch miner!..

          

        
",lustig-uf-bsuech-bi-dr-frau
149,comedy,Herr DAMPF,M,,,,"
          
Herr Dampf.

          
Nei, nei, 's ka nitt si!

        
",lustig-uf-bsuech-bi-dr-frau
150,comedy,group,sex_unknown,job_unknown,job_category_unknown,social_class_unknown,"
          
Herr Zitelpost un Herr Dampf

          
(erkenne sich enander)

          
Ah!...

        
",lustig-uf-bsuech-bi-dr-frau
151,comedy,Herr ZITELPOST,M,,,,"
          
Herr Zitelpost.

          
Dr Herr Dampf!

        
",lustig-uf-bsuech-bi-dr-frau
152,comedy,Herr DAMPF,M,,,,"
          
Herr Dampf.

          
Dr Herr Zitelpost!

        
",lustig-uf-bsuech-bi-dr-frau
153,comedy,Herr TÜRK,M,,,,"
          
Herr Türk.

          
Tiens!... se kenne sich!

        
",lustig-uf-bsuech-bi-dr-frau
154,comedy,Herr DAMPF,M,,,,"
          
Herr Dampf.

          
Was... Sie, Herr Zitelpost... Sie wànn sich
                        schlage?...

        
",lustig-uf-bsuech-bi-dr-frau
155,comedy,Herr ZITELPOST,M,,,,"
          
Herr Zitelpost.

          
Dà Herr hat mich beleidigt!

        
",lustig-uf-bsuech-bi-dr-frau
156,comedy,Herr TÜRK,M,,,,"
          
Herr Türk

          
(züem Herr Zitelpost)

          
Was! Sie, im Gegetheil, hàn mich versàgt... embetiert
                        sogar...

        
",lustig-uf-bsuech-bi-dr-frau
157,comedy,Herr DAMPF,M,,,,"
          
Herr Dampf

          
(züem Herr Zitelpost)

          
Worum eigentlig, wànn ihr eüch schlage?

        
",lustig-uf-bsuech-bi-dr-frau
158,comedy,Herr TÜRK,M,,,,"
          
Herr Türk.

          
Ich will's Ene ufrichtig sage...

        
",lustig-uf-bsuech-bi-dr-frau
159,comedy,Herr ZITELPOST,M,,,,"
          
Herr Zitelpost

          
(lislig züem Herr Türk)

          
Sage Se nit... 's isch dr Mann!

        
",lustig-uf-bsuech-bi-dr-frau
160,comedy,Herr TÜRK,M,,,,"
          
Herr Türk

          
(lislig)

          
Dr Mann vo dàre junge Dame mit em Parepli?.. ah! bah!

        
",lustig-uf-bsuech-bi-dr-frau
161,comedy,Herr ZITELPOST,M,,,,"
          
Herr Zitelpost

          
(lislig)

          
Jà!
(dr Herr Türk versteckt g'schwind dr Parepli hinter
                        si Ricke).

        
",lustig-uf-bsuech-bi-dr-frau
162,comedy,Herr TÜRK,M,,,,"
          
Herr Türk

          
(lislig)

          
Ah... ah... eh bien, wart... ich will in dem eine
                        abinde.
(lüt)
 ln zwei Worte, das isch, um was es sich
                        handelt... denke Sie sich, Herr Krampf...

        
",lustig-uf-bsuech-bi-dr-frau
163,comedy,Herr DAMPF,M,,,,"
          
Herr Dampf.

          
Dampf.

        
",lustig-uf-bsuech-bi-dr-frau
164,comedy,Herr ZITELPOST,M,,,,"
          
Herr Zitelpost

          
(lislig züem Herr Türk)

          
Was wànn Se-n-ihm sage?

        
",lustig-uf-bsuech-bi-dr-frau
165,comedy,Herr TÜRK,M,,,,"
          
Herr Türk

          
(lislig)

          
Ich weiss es no nitt.
(lüt)
 Denke Sie sich... Sie, denke
                        sich, nitt wohr?

        
",lustig-uf-bsuech-bi-dr-frau
166,comedy,Herr DAMPF,M,,,,"
          
Herr Dampf.

          
Ich mach mi möglig's.

        
",lustig-uf-bsuech-bi-dr-frau
167,comedy,Herr TÜRK,M,,,,"
          
Herr Türk.

          
Also, ka-n-ich furtfahre... 's handelt sich...

        
",lustig-uf-bsuech-bi-dr-frau
168,comedy,Herr DAMPF,M,,,,"
          
Herr Dampf.

          
Um was?

        
",lustig-uf-bsuech-bi-dr-frau
169,comedy,Herr TÜRK,M,,,,"
          
Herr Türk.

          
Um e Verfiehrung...

        
",lustig-uf-bsuech-bi-dr-frau
170,comedy,Herr ZITELPOST,M,,,,"
          
Herr Zitelpost

          
(lislig)

          
Gàn Se-n-Achtung!

        
",lustig-uf-bsuech-bi-dr-frau
171,comedy,Herr TÜRK,M,,,,"
          
Herr Türk

          
(lislig züem Herr Zitelpost)

          
Scho güet
(lüt züem Herr Dampf)
. Sie solle das kenne...
                        Sie...

        
",lustig-uf-bsuech-bi-dr-frau
172,comedy,Herr DAMPF,M,,,,"
          
Herr Dampf

          
(lislig)

          
Gàn Se-n-Achtung... dr Herr Zitelpost isch g'frindet mit
                        minere Fraü!

        
",lustig-uf-bsuech-bi-dr-frau
173,comedy,Herr TÜRK,M,,,,"
          
Herr Türk.

          
Mit dr Madame Krampf...

        
",lustig-uf-bsuech-bi-dr-frau
174,comedy,group,sex_unknown,job_unknown,job_category_unknown,social_class_unknown,"
          
Herr Dampf un Herr Zitelpost

          
(ziehn en uf jeder Site am e Kittelfättig)

          
Still!

          

        
",lustig-uf-bsuech-bi-dr-frau
175,comedy,Herr TÜRK,M,,,,"
          
Herr Türk

          
(fir sich)

          
Die mach ich z'schwitze!

        
",lustig-uf-bsuech-bi-dr-frau
176,comedy,Herr DAMPF,M,,,,"
          
Herr Dampf

          
(lüt)

          
Jà, un derno... die Verfiehrung... wer hàn Se
                        verfiehrt?

        
",lustig-uf-bsuech-bi-dr-frau
177,comedy,Herr TÜRK,M,,,,"
          
Herr Türk

          
(lislig züem Herr Zitelpost)

          
Hàn Se viellicht e Verwandte?

        
",lustig-uf-bsuech-bi-dr-frau
178,comedy,Herr ZITELPOST,M,,,,"
          
Herr Zitelpost

          
(lislig)

          
Ne Stiefschwester in Amerika.

        
",lustig-uf-bsuech-bi-dr-frau
179,comedy,Herr TÜRK,M,,,,"
          
Herr Türk

          
(lislig)

          
Güet!
(lüt züem Herr Dampf)
 Wer ich verfiehrt ha? Im
                        Herr Zitelpost si... Stiefschwester!

        
",lustig-uf-bsuech-bi-dr-frau
180,comedy,Herr DAMPF,M,,,,"
          
Herr Dampf.

          
Tiens!... ich ha nitt g'wisst, ass er e Stiefschwester
                        hat.

        
",lustig-uf-bsuech-bi-dr-frau
181,comedy,Herr TÜRK,M,,,,"
          
Herr Türk.

          
Das isch kei Wunder... ich ha o nitt g'wisst, ass die
                        güete Jumpfer... Kà-kà-o ne Stiefbrüeder hat.

        
",lustig-uf-bsuech-bi-dr-frau
182,comedy,Herr DAMPF,M,,,,"
          
Herr Dampf.

          
Kà-kà-o!... was dr Kückücks isch das fir e Name?

        
",lustig-uf-bsuech-bi-dr-frau
183,comedy,Herr TÜRK,M,,,,"
          
Herr Türk.

          
's isch e Negresse.

        
",lustig-uf-bsuech-bi-dr-frau
184,comedy,Herr ZITELPOST,M,,,,"
          
Herr Zitelpost

          
(fir sich)

          
Was will er em eigentlig abinde?...

        
",lustig-uf-bsuech-bi-dr-frau
185,comedy,Herr DAMPF,M,,,,"
          
Herr Dampf.

          
Was!... Sie hàn e Schwarze verfiehrt?...

        
",lustig-uf-bsuech-bi-dr-frau
186,comedy,Herr TÜRK,M,,,,"
          
Herr Türk.

          
Was wànn Se halt:

          

            
G'sang

            
(La lüne brille)

            
Brüne-n-un Blunde

            
Ha-n-ich g'nüe g'funde,

            
Un sogar Rothe

            
Sin drunter gsi;

            

            
Die Farwe-n-alle

            
Hà mir nimm g'falle,

            
's Schwarz isch jetz Mode,

            
Das müess d'Schuld si.

          

        
",lustig-uf-bsuech-bi-dr-frau
187,comedy,Herr DAMPF,M,,,,"
          
Herr Dampf.

          
Ne ganz schwarze Fraü... oh pfui! un jetz wànn Sie se
                        nitt hirothe?...

        
",lustig-uf-bsuech-bi-dr-frau
188,comedy,Herr TÜRK,M,,,,"
          
Herr Türk.

          
Ich müess g'steh, ass ich Angst ha... vor de kleine
                        Neger!

        
",lustig-uf-bsuech-bi-dr-frau
189,comedy,Herr ZITELPOST,M,,,,"
          
Herr Zitelpost

          
(ungeduldig)

          
's isch jetz genüe! 's isch nitt im Herr Dampf si
                        Charakter, sich in eso Sache z'meliere... mir wànn's
                        scho üsmache mitnander.

        
",lustig-uf-bsuech-bi-dr-frau
190,comedy,Herr DAMPF,M,,,,"
          
Herr Dampf.

          
Ich ka doch awer nitt lide, ass Sie sich schlage
                        mitnander... Zeige Se, Herr Zitelpost... denke Se doch
                        e wenig no!
(se kämme beide fire; dr Herr Dampf macht
                        lislig im Herr Zitelpost Vorstellunge. Se sàhn nitt,
                        was vorgeht).

        
",lustig-uf-bsuech-bi-dr-frau
191,comedy,Herr TÜRK,M,,,,"
          
Herr Türk

          
(sieht d'Madame Dampf züem Hüs links üse ku)

          
Herr je! d'Madame Dampf!
(er laüft züe-n-ere)
 Ihre Mann
                        isch dert .. gehn Se g'schwind wieder ine
(er stosst se
                        z'ruck).

        
",lustig-uf-bsuech-bi-dr-frau
192,comedy,Madame DAMPF,F,,,,"
          
Madame Dampf

          
(àngstlig)

          
's isch nitt möglig!
(dr Herr Türk geht mit ere ine;
                        d'Thüre geht züe).

          

        
",lustig-uf-bsuech-bi-dr-frau
193,comedy,Herr DAMPF,M,,,,"
          
Herr Dampf.

          
Er isch im Fehler, 's isch wohr... er sott halt vo
                        Rechtswege die Negresse hirothe...
(züem Herr Türk,
                        wo-n-er noch dert glaübt)
 voyons, Sie sin jo schön
                        wiss... Ihre Kinder werde höchstens g'sprickelt...
                        tiens, wo isch er jetz ane ku?

        
",lustig-uf-bsuech-bi-dr-frau
194,comedy,Herr ZITELPOST,M,,,,"
          
Herr Zitelpost.

          
Was git's?

        
",lustig-uf-bsuech-bi-dr-frau
195,comedy,Herr DAMPF,M,,,,"
          
Herr Dampf.

          
Er isch jo nimmig do!

        
",lustig-uf-bsuech-bi-dr-frau
196,comedy,Herr ZITELPOST,M,,,,"
          
Herr Zitelpost.

          
Er isch verschwunde!

        
",lustig-uf-bsuech-bi-dr-frau
197,comedy,Herr DAMPF,M,,,,"
          
Herr Dampf.

          
Wo mag er jetz ane ku si?

        
",lustig-uf-bsuech-bi-dr-frau
198,comedy,Herr ZITELPOST,M,,,,"
          
Herr Zitelpost.

          
Ich merk's scho, wo-n-er ane ku isch!

        
",lustig-uf-bsuech-bi-dr-frau
199,comedy,Herr DAMPF,M,,,,"
          
Herr Dampf.

          
Meine Se?

        
",lustig-uf-bsuech-bi-dr-frau
200,comedy,Herr ZITELPOST,M,,,,"
          
Herr Zitelpost.

          
Jo, jo... er isch geh si Dulcinée ufsüeche... er isch in
                        dem Hüs do.

        
",lustig-uf-bsuech-bi-dr-frau
201,comedy,Herr DAMPF,M,,,,"
          
Herr Dampf

          
(fir sich)

          
Sapristi... un mi Rendez-vous... die güete Fraü wird
                        lange Zit biku!

        
",lustig-uf-bsuech-bi-dr-frau
202,comedy,Herr ZITELPOST,M,,,,"
          
Herr Zitelpost

          
(fir sich)

          
Awer nur Geduld... Se mien emol üsekumme... ich wart uf
                        se un verwitsch ich se binander... derno...

        
",lustig-uf-bsuech-bi-dr-frau
203,comedy,Herr DAMPF,M,,,,"
          
Herr Dampf

          
(fir sich)

          
Ich ka doch nitt dert ine geh, wenn dr Herr Zitelpost do
                        isch... sunscht miesst ich ihm sage worum?

        
",lustig-uf-bsuech-bi-dr-frau
204,comedy,Herr ZITELPOST,M,,,,"
          
Herr Zitelpost

          
(fir sich)

          
Awer ich ka doch kei Explication mit ihre ha vor
                        ihm...

        
",lustig-uf-bsuech-bi-dr-frau
205,comedy,Herr DAMPF,M,,,,"
          
Herr Dampf

          
(fir sich)

          
Wenn ich ne nur ab hätt...

        
",lustig-uf-bsuech-bi-dr-frau
206,comedy,Herr ZITELPOST,M,,,,"
          
Herr Zitelpost

          
(fir sich.)

          
Ich müess ne süeche abz'schifle...

        
",lustig-uf-bsuech-bi-dr-frau
207,comedy,Herr DAMPF,M,,,,"
          
Herr Dampf

          
(zeigt in d'Gasse rechts)

          
Ich glaüb eher, ass er dert dure-n-isch...

        
",lustig-uf-bsuech-bi-dr-frau
208,comedy,Herr ZITELPOST,M,,,,"
          
Herr Zitelpost.

          
Oh! ich find en scho... awer, ich ha g'meint, Sie hàn
                        eso viel z'thüe hit z'Owe uf em Büreau?

        
",lustig-uf-bsuech-bi-dr-frau
209,comedy,Herr DAMPF,M,,,,"
          
Herr Dampf

          
(embarrassiert)

          
Aha... jà... 's isch güet, ass Sie mich dra mahne, ich
                        bi recht pressiert...

        
",lustig-uf-bsuech-bi-dr-frau
210,comedy,Herr ZITELPOST,M,,,,"
          
Herr Zitelpost.

          
Un ich o.

        
",lustig-uf-bsuech-bi-dr-frau
211,comedy,Herr DAMPF,M,,,,"
          
Herr Dampf.

          
Adie!

        
",lustig-uf-bsuech-bi-dr-frau
212,comedy,Herr ZITELPOST,M,,,,"
          
Herr Zitelpost.

          
Adie!
(se verschwinde ne-n-Aügesblick un kämme Beide
                        wieder z'ruck. Fir sich)
 Was! er blibt do!

        
",lustig-uf-bsuech-bi-dr-frau
213,comedy,Herr DAMPF,M,,,,"
          
Herr Dampf

          
(fir sich)

          
Ich ha g'meint, er isch furt!

        
",lustig-uf-bsuech-bi-dr-frau
214,comedy,Herr ZITELPOST,M,,,,"
          
Herr Zitelpost

          
(fir sich)

          
Merkt er ebbe-n-ebbes?

        
",lustig-uf-bsuech-bi-dr-frau
215,comedy,Herr DAMPF,M,,,,"
          
Herr Dampf

          
(fir sich)

          
Er wird doch ebbe nitt soupçonniere...

        
",lustig-uf-bsuech-bi-dr-frau
216,comedy,Herr ZITELPOST,M,,,,"
          
Herr Zitelpost

          
(fir sich)

          
Ich will ne scho verwitsche!

          

        
",lustig-uf-bsuech-bi-dr-frau
217,comedy,Herr DAMPF,M,,,,"
          
Herr Dampf

          
(fir sich)

          
Ich müess es halt noch emol prawiere...

        
",lustig-uf-bsuech-bi-dr-frau
218,comedy,Herr ZITELPOST,M,,,,"
          
Herr Zitelpost

          
(lüt)

          
Au revoir denn!
(er geht furt, rechts).

        
",lustig-uf-bsuech-bi-dr-frau
219,comedy,Herr DAMPF,M,,,,"
          
Herr Dampf.

          
Au revoir!
(er geht furt, links).

        
",lustig-uf-bsuech-bi-dr-frau
220,comedy,Herr TÜRK,M,,,,"
          
Herr Türk

          
(macht vorsichtig d'Hüsthüre-n-uf)

          
Se sin furt
(er rieft ine)
 Ich will lüege, ass ich e
                        Fiacre bikumm, Se brücht kei Angst z'ha
(er kunnt üse)

                        tiens, dert kunnt grad einer ku z'fahre... He...
                        Kütschner!

        
",lustig-uf-bsuech-bi-dr-frau
221,comedy,"Ne Kütschner
                    ",M,coachman,service_and_sales,,"
          
Kütschner

          
(hinte, ohne sich z'zeige)

          
Voilà... voilà...

        
",lustig-uf-bsuech-bi-dr-frau
222,comedy,Herr TÜRK,M,,,,"
          
Herr Türk.

          
Kämme ne wenig nàcher mit Eürer Citàdine... so...
(ma
                        hört ne halte rechts).

        
",lustig-uf-bsuech-bi-dr-frau
223,comedy,"Ne Kütschner
                    ",M,coachman,service_and_sales,,"
          
Kütschner

          
(hinte)

          
Hoo, Schimmel!
(er kunnt fire)
 Wo müess i Se-n-ane
                        fiehre?

        
",lustig-uf-bsuech-bi-dr-frau
224,comedy,Herr TÜRK,M,,,,"
          
Herr Türk

          
(denkt no)

          
Ich weiss es nitt.

        
",lustig-uf-bsuech-bi-dr-frau
225,comedy,"Ne Kütschner
                    ",M,coachman,service_and_sales,,"
          
Kütschner.

          
Jà... wo halte mr denn drno?

        
",lustig-uf-bsuech-bi-dr-frau
226,comedy,Herr TÜRK,M,,,,"
          
Herr Türk.

          
's isch mr eis... wo Eüer Pferd will...

        
",lustig-uf-bsuech-bi-dr-frau
227,comedy,"Ne Kütschner
                    ",M,coachman,service_and_sales,,"
          
Kütschner

          
(lacht)

          
Ça y est,
(fir sich)
, wenn ich mi Schimmel loss trappe,
                        so kunnt er wieder do uf dr Platz z'ruck... ich kenn
                        en!... si Stall isch ewe do!...
(er verschwindet).

        
",lustig-uf-bsuech-bi-dr-frau
228,comedy,Herr TÜRK,M,,,,"
          
Herr Türk.

          
Un jetz vorwärts!... ich fahr mit ere-n-ab, vor dr Nase
                        vo ihrem Mann un vo ihrem... güete Frind... ich will se
                        jetz geh hole
(er geht ins Hüs).

        
",lustig-uf-bsuech-bi-dr-frau
229,comedy,Herr ZITELPOST,M,,,,"
          
Herr Zitelpost

          
(kunnt ku springe links)

          
Endlig isch dr Herr Dampf jetz furt! tiens... ne
                        Citadine, wo wartet!
(Herr Türk kunnt üse)
 Still, 's
                        kunnt ebber
(er versteckt si am Ecke vom Hüs links).

        
",lustig-uf-bsuech-bi-dr-frau
230,comedy,Herr TÜRK,M,,,,"
          
Herr Türk

          
(künnt üse mit dr Madame Dampf)

          
Ich versicher Se, ass kei G'fohr meh isch...

        
",lustig-uf-bsuech-bi-dr-frau
231,comedy,Herr ZITELPOST,M,,,,"
          
Herr Zitelpost

          
(fir sich)

          
's isch ne!

        
",lustig-uf-bsuech-bi-dr-frau
232,comedy,Madame DAMPF,F,,,,"
          
Madame Dampf.

          
Sin Se sicher, ass Nieme meh...

        
",lustig-uf-bsuech-bi-dr-frau
233,comedy,Herr ZITELPOST,M,,,,"
          
Herr Zitelpost

          
(fir sich)

          
's isch se!... ich brüch nimmig zwifle.

        
",lustig-uf-bsuech-bi-dr-frau
234,comedy,Herr TÜRK,M,,,,"
          
Herr Türk.

          
Ganz sicher... 's isch nit meh z'riskiere.

        
",lustig-uf-bsuech-bi-dr-frau
235,comedy,Madame DAMPF,F,,,,"
          
Madame Dampf.

          
Oh! dà gràsslige-n-Owe!... mi ganz Lewe denk i dra!

          

        
",lustig-uf-bsuech-bi-dr-frau
236,comedy,Herr TÜRK,M,,,,"
          
Herr Türk.

          
Stigt Se nur i jetz
(se verschwindet rechts)
. Un jetz
                        isch's an mir.

        
",lustig-uf-bsuech-bi-dr-frau
237,comedy,Madame DAMPF,F,,,,"
          
Madame Dampf.

          
Herr je! un mi Parepli!

        
",lustig-uf-bsuech-bi-dr-frau
238,comedy,Herr TÜRK,M,,,,"
          
Herr Türk.

          
Tiens, dà ha-n-i jetz vergesse bim Portner... ich will
                        ne g'schwind geh hole
(er laüft ins Hüs z'ruck).

        
",lustig-uf-bsuech-bi-dr-frau
239,comedy,Herr ZITELPOST,M,,,,"
          
Herr Zitelpost

          
(zeigt si)

          
Un ich sott se-n-eso furt lo fahre, ganz riehig
                        mitnander!... Jà nei!... das sin Schnàcketànz
(dr
                        Kütschner kunnt fire)
 Zwanzig Franke fir Euch, wenn Ihr
                        im Galopp dervo fahre.

        
",lustig-uf-bsuech-bi-dr-frau
240,comedy,"Ne Kütschner
                    ",M,coachman,service_and_sales,,"
          
Dr Kütschner

          
(wo meint, 's isch dr Herr Türk)

          
's isch e Wort... un allewil noch, wie mir's üsg'macht
                        hàn?
(er verschwindet rechts).

        
",lustig-uf-bsuech-bi-dr-frau
241,comedy,Herr ZITELPOST,M,,,,"
          
Herr Zitelpost.

          
Allewil!...
(fir sich)
 So, jetz will ich emol istige, un
                        hasch mi nitt g'sàh
(er verschwindet rechts).

        
",lustig-uf-bsuech-bi-dr-frau
242,comedy,Madame DAMPF,F,,,,"
          
Madame Dampf

          
(losst e Schrei üs in dr Citadine)

          
Ah! dr Herr Zitelpost!

        
",lustig-uf-bsuech-bi-dr-frau
243,comedy,"Ne Kütschner
                    ",M,coachman,service_and_sales,,"
          
Kütschner.

          
Allez, hü Schimmel!
(me hört ne dervo fahre).

        
",lustig-uf-bsuech-bi-dr-frau
244,comedy,Herr TÜRK,M,,,,"
          
Herr Türk

          
(kunnt züem Hüs üse)

          
Dà Portner g'fallt mr noch, wo mr hat welle siner gà,
                        e-n-alter Riflard mit rothe Sticker plàtzt!.. Eh bien!
                        wo isch se denn, d'Citàdine?... tiens, dert fahrt
                        se-n-im Kalopp dervo... isch 's Ross ebbe
                        verschiche?... he! Kütschner! Ihr vergesse-n-ebber...
                        halte denn
(er winkt un laüft no un verschwindet
                        rechts).

        
",lustig-uf-bsuech-bi-dr-frau
245,comedy,Herr DAMPF,M,,,,"
          
Herr Dampf

          
(kunnt ku z'dissle links)

          
Endlig isch er jetz furt, dr Herr Zitelpost... wenn mich
                        nur Nieme sieht in das Hüs ine geh, wo mi kennt...
                        wenn's mi Fraü erfahre thàt!.. se-n-isch eso
                        jalouse!... un hat mich eso gern... also wàr's denn do.

        
",lustig-uf-bsuech-bi-dr-frau
246,comedy,Herr TÜRK,M,,,,"
          
Herr Türk

          
(kunnt rechts)

          
Ich ha ne nitt känne verwitsche... dà Schimmel laüft as
                        wie dr Deihànker!...

        
",lustig-uf-bsuech-bi-dr-frau
247,comedy,Herr DAMPF,M,,,,"
          
Herr Dampf.

          
Ich will mi doch versichere, eb das dr rechte Nümero
                        isch...

        
",lustig-uf-bsuech-bi-dr-frau
248,comedy,Herr TÜRK,M,,,,"
          
Herr Türk.

          
Ich bi glaüb efange ne wenig abkiehlt jetz mit dere
                        Nachtschwàrmerei... wenn ich doch nur d'Schnokegasse
                        kännt üsfindig màche!

          

        
",lustig-uf-bsuech-bi-dr-frau
249,comedy,Herr DAMPF,M,,,,"
          
Herr Dampf

          
(fir sich)

          
's isch glaüb kei Glocke an dr Thüre,

        
",lustig-uf-bsuech-bi-dr-frau
250,comedy,Herr TÜRK,M,,,,"
          
Herr Türk

          
(fir sich)

          
Still! do isch grad ebber, wo heim geht... dà wà mr
                        froge
(lüt)
 Pardon... kännte Se mir d'Schnokegasse...
                        tiens... 's isch dr Herr Krampf!

        
",lustig-uf-bsuech-bi-dr-frau
251,comedy,Herr DAMPF,M,,,,"
          
Herr Dampf.

          
Tiens!... dà wo d'Negresse... ah çà... wo sin Se denn uf
                        eimol ane ku vorig?... unter uns g'sàit sin Sie's, wo
                        Unrecht hàn... sicher...Sie sotte se hirothe.

        
",lustig-uf-bsuech-bi-dr-frau
252,comedy,Herr TÜRK,M,,,,"
          
Herr Türk.

          
Wer das?... aha... güet... d'Schnokegasse, wenn's I
                        b'liebt?

        
",lustig-uf-bsuech-bi-dr-frau
253,comedy,Herr DAMPF,M,,,,"
          
Herr Dampf.

          
Sie sin jo drin.

        
",lustig-uf-bsuech-bi-dr-frau
254,comedy,Herr TÜRK,M,,,,"
          
Herr Türk.

          
Ah bah... un 's Hotel Billig?

        
",lustig-uf-bsuech-bi-dr-frau
255,comedy,Herr DAMPF,M,,,,"
          
Herr Dampf

          
(dràiht en um)

          
Se stehn dervor.

        
",lustig-uf-bsuech-bi-dr-frau
256,comedy,Herr TÜRK,M,,,,"
          
Herr Türk.

          
Dert?... o sapristi... ich ha d'Nase druf g'ha un find's
                        nitt... merci, Herr Stampf.

        
",lustig-uf-bsuech-bi-dr-frau
257,comedy,Herr DAMPF,M,,,,"
          
Herr Dampf

          
(geht wieder ans Hüs)

          
's isch jetz nitt das... ich will jetz emol mache, ass
                        ich do ine kumm
(er klopft; züem Herr Türk)
 Sage Se...
                        wie sin Se denn züe dàre Negresse ku?...

        
",lustig-uf-bsuech-bi-dr-frau
258,comedy,Herr TÜRK,M,,,,"
          
Herr Türk

          
(klopft am Hotel)

          
Hein?

        
",lustig-uf-bsuech-bi-dr-frau
259,comedy,Herr DAMPF,M,,,,"
          
Herr Dampf

          
(klopft am Hüs links)

          
Dr Herr Zitelpost isch in sim Recht... an Ihrem Platz
                        thàt ich die Jumpfer Kà-kà-o hirothe.

        
",lustig-uf-bsuech-bi-dr-frau
260,comedy,Herr TÜRK,M,,,,"
          
Herr Türk

          
(klopft)

          
Isch denn eigentlig dà Portner taüb?

        
",lustig-uf-bsuech-bi-dr-frau
261,comedy,Herr DAMPF,M,,,,"
          
Herr Dampf.

          
Miner schint mr o nitt d'ganz beste-n-Ohre z'ha... se
                        klopfe beide; d'Thüre gehn uf) Endlig!

        
",lustig-uf-bsuech-bi-dr-frau
262,comedy,Herr TÜRK,M,,,,"
          
Herr Türk.

          
's isch nimmig z'frieih!

        
",lustig-uf-bsuech-bi-dr-frau
263,comedy,Herr DAMPF,M,,,,"
          
Herr Dampf.

          
Adie.

        
",lustig-uf-bsuech-bi-dr-frau
264,comedy,Herr TÜRK,M,,,,"
          
Herr Türk.

          
Güetnacht.

        
",lustig-uf-bsuech-bi-dr-frau
265,comedy,Herr DAMPF,M,,,,"
          
Herr Dampf

          
(innehàr)

          
D'Madame Türk, wenn's I b'liebt.

        
",lustig-uf-bsuech-bi-dr-frau
266,comedy,Dr Portner vom Hüs,M,doorman,elementary_professions,,"
          
Dr Portner

          
(innehàr)

          
Se-n-isch d'heim... gehn Se nur d'Stege-n-ufe.

        
",lustig-uf-bsuech-bi-dr-frau
267,comedy,Herr TÜRK,M,,,,"
          
Herr Türk

          
(unter dr Thüre)

          
D'Madame Türk, wenn's I b'liebt.

        
",lustig-uf-bsuech-bi-dr-frau
268,comedy,Dr Portner vom Hüs,M,doorman,elementary_professions,,"
          
Dr Portner

          
(innehàr)

          
Se-n-isch nitt d'heim.

        
",lustig-uf-bsuech-bi-dr-frau
269,comedy,Herr TÜRK,M,,,,"
          
Herr Türk

          
(unter dr Thüre)

          
Was!... se-n-isch nitt in ihrem Zimmer?

        
",lustig-uf-bsuech-bi-dr-frau
270,comedy,Dr Portner vom Hüs,M,doorman,elementary_professions,,"
          
Dr Portner

          
(innehàr)

          
Se-n-isch dà-n-Owe üsgange un hat g'sàit, se kàm erst
                        spot heim, un viellicht gar nitt.

        
",lustig-uf-bsuech-bi-dr-frau
271,comedy,Herr TÜRK,M,,,,"
          
Herr Türk.

          
Gar nitt!...
(er kunnt uf d'Scene)
 Was, 's Sàlmele isch
                        allei do z'Milhüse... 's Sàlmele geht üs z'Nacht un
                        kunnt nitt heim... das isch ebbes süfers!... un ich,
                        wo's ha welle iwerrasche... ich bi iwerrascht
(er geht
                        wieder an d'Thüre; züem Portner)
 ich will uf se warte
                        in ihrem Zimmer... gàn Se mr ihre Schlissel.

          

        
",lustig-uf-bsuech-bi-dr-frau
272,comedy,Dr Portner vom Hüs,M,doorman,elementary_professions,,"
          
Dr Portner

          
(innehàr)

          
Das geht nitt... 's isch d'Gwohnet nitt vom Hüs.

        
",lustig-uf-bsuech-bi-dr-frau
273,comedy,Herr TÜRK,M,,,,"
          
Herr Türk.

          
Ich bi jo awer ihre Mann.

        
",lustig-uf-bsuech-bi-dr-frau
274,comedy,Dr Portner vom Hüs,M,doorman,elementary_professions,,"
          
Dr Portner.

          
Jo doch!... die Dame-n-isch jo ne Wittfraü.

        
",lustig-uf-bsuech-bi-dr-frau
275,comedy,Herr TÜRK,M,,,,"
          
Herr Türk.

          
Hein!... ich bi ganz sicher vom Gegetheil!... So gàn Se
                        mr e-n-ander Zimmer, bis ass mi Fräü z'ruckkunnt....

        
",lustig-uf-bsuech-bi-dr-frau
276,comedy,Dr Portner vom Hüs,M,doorman,elementary_professions,,"
          
Dr Portner.

          
Ich ha keins meh... 's sin alle b'setzt...
(er macht em
                        d'Thüre vor dr Nase züe).

        
",lustig-uf-bsuech-bi-dr-frau
277,comedy,Herr TÜRK,M,,,,"
          
Herr Türk.

          
Dà isch jetz noch emol höflig... er g'schbliesst mich
                        üse, mi Fraü hat em viellicht 's Wort gà!... awer das
                        isch mir eithüen!... wenn ich müess warte do vor dr
                        Thüre d'ganze Nacht, bis ass se kunt, so wart i... 's
                        wàr awer doch unkommod... ich verschnatter schier...
                        wenn ich viellicht noch e Fiacre kännt ha, fir drin
                        z'iwernachte... ich thàt en vo dr Stund zahle...
(er
                        lüegt in d'Gasse)
 awer 's isch halt niene keiner.

        
",lustig-uf-bsuech-bi-dr-frau
278,comedy,Herr DAMPF,M,,,,"
          
Herr Dampf

          
(kunnt züem Hüs üse links mit dr verschleierte
                        Madame Türk)

          
Stirt Se sich nur herzhaft uf mi Arm, mi liewer Engel...
                        Se brücht kei Angst z'ha, ich fiehr Se, denn mit dem
                        Schleier vor em G'sicht kännt Se gar licht
 stolpere...
                        mr nàmme derno ne Citadine, fir züe dàne Herre z'fahre.

        
",lustig-uf-bsuech-bi-dr-frau
279,comedy,Madame TÜRK,F,,,,"
          
Madame Türk

          
(schnell)

          
Gar nitt... gar nitt... 's isch ganz unnöthig, ass mr e
                        Citadine nàmme!

        
",lustig-uf-bsuech-bi-dr-frau
280,comedy,Herr DAMPF,M,,,,"
          
Herr Dampf.

          
's isch ewe wit... Sie kännt mied werde.

        
",lustig-uf-bsuech-bi-dr-frau
281,comedy,Herr TÜRK,M,,,,"
          
Herr Türk

          
(hinte)

          
Aha! do kunnt einer
(er schreit)
 he! Kütschner!

        
",lustig-uf-bsuech-bi-dr-frau
282,comedy,Herr DAMPF,M,,,,"
          
Herr Dampf

          
(schnell)

          
Do kunnt grad eine ku z'fahre.

        
",lustig-uf-bsuech-bi-dr-frau
283,comedy,Herr TÜRK,M,,,,"
          
Herr Türk

          
(hinte)

          
G'schwind denn e wenig... das geht e Länge!

        
",lustig-uf-bsuech-bi-dr-frau
284,comedy,Madame TÜRK,F,,,,"
          
Madame Türk

          
(fir sich)

          
Ich kenn die Stimm... un doch...

        
",lustig-uf-bsuech-bi-dr-frau
285,comedy,"Ne Kütschner
                    ",M,coachman,service_and_sales,,"
          
Dr Kütschner

          
(voruse)

          
Ho! Schimmel! ho!

        
",lustig-uf-bsuech-bi-dr-frau
286,comedy,Herr DAMPF,M,,,,"
          
Herr Dampf

          
(geht hintere)

          
Ich nimm se!...

        
",lustig-uf-bsuech-bi-dr-frau
287,comedy,Herr TÜRK,M,,,,"
          
Herr Türk

          
(schreit)

          
Nix do... ich ha se z'erst gnu!

        
",lustig-uf-bsuech-bi-dr-frau
288,comedy,"Ne Kütschner
                    ",M,coachman,service_and_sales,,"
          
Dr Kütschner

          
(kunnt fire-n-un stosst se z'ruck)

          
Ah çà! lehn doch nur z'erst mine Lit üsstige.

        
",lustig-uf-bsuech-bi-dr-frau
289,comedy,Madame TÜRK,F,,,,"
          
Madame Türk

          
(vorne)

          
Ich zwifel nimmig... 's isch ne... 's isch mi Mann!

        
",lustig-uf-bsuech-bi-dr-frau
290,comedy,Herr DAMPF,M,,,,"
          
Herr Dampf

          
(kunnt fire mit em Herr Türk, lislig)

          
Ich bi mit ere Dame... lehn Se mir die Citadine.

        
",lustig-uf-bsuech-bi-dr-frau
291,comedy,Herr TÜRK,M,,,,"
          
Herr Türk

          
(fir sich)

          
Tiens, scho wieder dr Herr Krampf... isch er denn
                        allewil uf dr Reis'?
(er geht hintere).

          

        
",lustig-uf-bsuech-bi-dr-frau
292,comedy,Herr DAMPF,M,,,,"
          
Herr Dampf

          
(fir sich)

          
Dr Negresse-Verfiehrer!... laüft er denn noch allewil
                        umme
(er geht hintere).

        
",lustig-uf-bsuech-bi-dr-frau
293,comedy,"Ne Kütschner
                    ",M,coachman,service_and_sales,,"
          
Dr Kütschner

          
(haltet se-n-a)

          
Wenn mine Lit üsg'stige sin, so arrangiere-n-ihr eüch
                        mitnander.

        
",lustig-uf-bsuech-bi-dr-frau
294,comedy,Herr ZITELPOST,M,,,,"
          
Herr Zitelpost

          
(stigt üs un kunnt fire)

          
Was isch eigentlig das fir e G'schrei?

        
",lustig-uf-bsuech-bi-dr-frau
295,comedy,Herr DAMPF,M,,,,"
          
Herr Dampf

          
(verwundert)

          
Dr Herr Zitelpost !

        
",lustig-uf-bsuech-bi-dr-frau
296,comedy,Herr ZITELPOST,M,,,,"
          
Herr Zitelpost

          
(fir sich)

          
Oh! sapristi!... dr Herr Dampf.

        
",lustig-uf-bsuech-bi-dr-frau
297,comedy,Madame DAMPF,F,,,,"
          
Madame Dampf

          
(wo hat welle fire ku, geht wieder z'ruck)

          
Herr je!

        
",lustig-uf-bsuech-bi-dr-frau
298,comedy,Herr TÜRK,M,,,,"
          
Herr Türk.

          
Tiens! tiens!

        
",lustig-uf-bsuech-bi-dr-frau
299,comedy,Herr DAMPF,M,,,,"
          
Herr Dampf

          
(fir sich bi dr Madame Türk)

          
Aïe, aïe! wenn mich dr Herr Zitelpost mit dàre Dame
                        sieht!...

        
",lustig-uf-bsuech-bi-dr-frau
300,comedy,Herr ZITELPOST,M,,,,"
          
Herr Zitelpost

          
(hinte lislig züem Kütschner)

          
Sin Ihr eigentlig g'schosse, ass Ihr mich wieder do ane
                        fiehre!

        
",lustig-uf-bsuech-bi-dr-frau
301,comedy,"Ne Kütschner
                    ",M,coachman,service_and_sales,,"
          
Dr Kütschner.

          
Eh... Sie hàn mir jo g'sàit: wo Eüer Pferd ane will.

        
",lustig-uf-bsuech-bi-dr-frau
302,comedy,Herr DAMPF,M,,,,"
          
Herr Dampf

          
(lislig züem Herr Türk. Er schiebt em d'Madame Türk
                        unter dr Arm)

          
Ich bitt Se drum... nàmme Se doch die Dame an Arm un
                        sage Se, se seig mit Ihne.

        
",lustig-uf-bsuech-bi-dr-frau
303,comedy,Herr TÜRK,M,,,,"
          
Herr Türk

          
(verwundert mit dr Madame Türk am Arm)

          
Hein? was kunnt Ihne-n-i?

        
",lustig-uf-bsuech-bi-dr-frau
304,comedy,"Ne Kütschner
                    ",M,coachman,service_and_sales,,"
          
Dr Kütschner

          
(züem Herr Zitelpost)

          
Ah ça... thüet Ihre Dame nitt bol üsstige?

        
",lustig-uf-bsuech-bi-dr-frau
305,comedy,Herr DAMPF,M,,,,"
          
Herr Dampf

          
(mit foppe züem Herr Zitelpost)

          
Ne Dame?... ah, ah! Herr Zitelpost, Sie sin mit ere
                        Dame?

        
",lustig-uf-bsuech-bi-dr-frau
306,comedy,Herr ZITELPOST,M,,,,"
          
Herr Zitelpost

          
(embarrassiert)

          
Ich, mit ere Dame... z'er Làbtig nitt!

        
",lustig-uf-bsuech-bi-dr-frau
307,comedy,Herr TÜRK,M,,,,"
          
Herr Türk.

          
Eh!... ich erkenn jo mi Kütschner!... die Dame wàr denn
                        derno d'Madame...

        
",lustig-uf-bsuech-bi-dr-frau
308,comedy,Herr ZITELPOST,M,,,,"
          
Herr Zitelpost

          
(kunnt fire, lislig züem Herr Türk)

          
Um 's Himmelswille, verrothe Se-n-is nitt!

        
",lustig-uf-bsuech-bi-dr-frau
309,comedy,Herr TÜRK,M,,,,"
          
Herr Türk

          
(fir sich)

          
's isch se!

        
",lustig-uf-bsuech-bi-dr-frau
310,comedy,Herr DAMPF,M,,,,"
          
Herr Dampf.

          
Isch die Dame viellicht...

        
",lustig-uf-bsuech-bi-dr-frau
311,comedy,Herr TÜRK,M,,,,"
          
Herr Türk.

          
Grad...

        
",lustig-uf-bsuech-bi-dr-frau
312,comedy,Herr DAMPF,M,,,,"
          
Herr Dampf.

          
Jà wer?

        
",lustig-uf-bsuech-bi-dr-frau
313,comedy,Herr TÜRK,M,,,,"
          
Herr Türk.

          
Sie hàn's errothe...

        
",lustig-uf-bsuech-bi-dr-frau
314,comedy,Herr DAMPF,M,,,,"
          
Herr Dampf.

          
Wer denn?

        
",lustig-uf-bsuech-bi-dr-frau
315,comedy,Herr ZITELPOST,M,,,,"
          
Herr Zitelpost

          
(lislig züem Herr Türk)

          
Sage Se nit!

          

        
",lustig-uf-bsuech-bi-dr-frau
316,comedy,Herr TÜRK,M,,,,"
          
Herr Türk

          
(fir sich)

          
's isch wohr... ich ka-n-em doch nitt sage, ass es si
                        Fraü isch
(lüt züem Herr Dampf)
 mi... Negresse isch's!

        
",lustig-uf-bsuech-bi-dr-frau
317,comedy,Herr DAMPF,M,,,,"
          
Herr Dampf.

          
D'Jumpfer Kà-kà-o!... ich ha mr's ibildet!

        
",lustig-uf-bsuech-bi-dr-frau
318,comedy,Herr ZITELPOST,M,,,,"
          
Herr Zitelpost.

          
Oh!... 's wird mr lichter!

        
",lustig-uf-bsuech-bi-dr-frau
319,comedy,Madame TÜRK,F,,,,"
          
Madame Türk

          
(fir sich)

          
Was isch jetz das fir e Jumpfer Kà-kà-o?

        
",lustig-uf-bsuech-bi-dr-frau
320,comedy,Herr DAMPF,M,,,,"
          
Herr Dampf

          
(züem Herr Türk)

          
Güet, güet!... ich verstand's jetz... dasmol känne Sie
                        nimmig z'ruck
(züem Herr Zitelpost)
 Sie sin se geh
                        hole...

        
",lustig-uf-bsuech-bi-dr-frau
321,comedy,Herr ZITELPOST,M,,,,"
          
Herr Zitelpost.

          
Jà... jà... 's isch ganz das!

        
",lustig-uf-bsuech-bi-dr-frau
322,comedy,Herr DAMPF,M,,,,"
          
Herr Dampf.

          
Fir ass ihre Thràne-n-ihn bewege, ihre d'Ehr wieder
                        z'ruck z'gà?

        
",lustig-uf-bsuech-bi-dr-frau
323,comedy,Herr ZITELPOST,M,,,,"
          
Herr Zitelpost.

          
Sie hàn dr Finger druf.

        
",lustig-uf-bsuech-bi-dr-frau
324,comedy,Herr TÜRK,M,,,,"
          
Herr Türk

          
(fir sich)

          
Er hat ne druf!

        
",lustig-uf-bsuech-bi-dr-frau
325,comedy,Madame TÜRK,F,,,,"
          
Madame Türk.

          
Das isch jo abscheülig!
(se pfatzt dr Herr Türk).

        
",lustig-uf-bsuech-bi-dr-frau
326,comedy,Herr TÜRK,M,,,,"
          
Herr Türk.

          
Aïe!
(verwundert, fir sich)
 die Dame pfàtzt mi!

        
",lustig-uf-bsuech-bi-dr-frau
327,comedy,Herr DAMPF,M,,,,"
          
Herr Dampf.

          
Ich lad mich i an d'Hochzit... das müess g'wiss possig
                        si, ne Brüt vo so-n-ere Farb.

        
",lustig-uf-bsuech-bi-dr-frau
328,comedy,Herr TÜRK,M,,,,"
          
Herr Türk.

          
's isch recht... 's blibt derbi... d'nàchste Wuche
                        hiroth ich se.

        
",lustig-uf-bsuech-bi-dr-frau
329,comedy,Madame TÜRK,F,,,,"
          
Madame Türk

          
(rasend, lipft ihre Schleier)

          
Ah so!... Dü hirothsch se... Dü Zittel!... un was witt
                        mit Dinere Fraü afange?

        
",lustig-uf-bsuech-bi-dr-frau
330,comedy,group,sex_unknown,job_unknown,job_category_unknown,social_class_unknown,"
          
Herr Zitelpost un Herr Dampf.

          
Si Fraü!

        
",lustig-uf-bsuech-bi-dr-frau
331,comedy,Herr TÜRK,M,,,,"
          
Herr Türk.

          
's Sàlmele!

        
",lustig-uf-bsuech-bi-dr-frau
332,comedy,Madame TÜRK,F,,,,"
          
Madame Türk.

          
's Sàlmele, jà... wo Dü trumpiert un hintergange
                        hasch... awer ich will mich ràche!

        
",lustig-uf-bsuech-bi-dr-frau
333,comedy,Herr TÜRK,M,,,,"
          
Herr Türk

          
(verschreckt)

          
Jà halt!... das Ding isch ganz anderscht!

        
",lustig-uf-bsuech-bi-dr-frau
334,comedy,Madame TÜRK,F,,,,"
          
Madame Türk.

          
Un die Junpfer Kà-kà-o?

        
",lustig-uf-bsuech-bi-dr-frau
335,comedy,Herr TÜRK,M,,,,"
          
Herr Türk.

          
Die existiert nitt emol!

        
",lustig-uf-bsuech-bi-dr-frau
336,comedy,Herr DAMPF,M,,,,"
          
Herr Dampf

          
(verwundert)

          
Hein!

        
",lustig-uf-bsuech-bi-dr-frau
337,comedy,Madame TÜRK,F,,,,"
          
Madame Türk.

          
Un die Hirothsg'schichte?

        
",lustig-uf-bsuech-bi-dr-frau
338,comedy,Herr TÜRK,M,,,,"
          
Herr Türk.

          
Das isch alles erfunde!

        
",lustig-uf-bsuech-bi-dr-frau
339,comedy,Herr DAMPF,M,,,,"
          
Herr Dampf.

          
Ah! bah!

        
",lustig-uf-bsuech-bi-dr-frau
340,comedy,Herr ZITELPOST,M,,,,"
          
Herr Zitelpost

          
(lislig)

          
Wànn Se mich denn verrothe?

        
",lustig-uf-bsuech-bi-dr-frau
341,comedy,Herr TÜRK,M,,,,"
          
Herr Türk

          
(lislig)

          
Nei... ich will Se rette un mich o...
(lüt)
 's isch nur
                        einer do, wo schuldig isch, un das isch dr Herr Dampf!

        
",lustig-uf-bsuech-bi-dr-frau
342,comedy,Herr DAMPF,M,,,,"
          
Herr Dampf.

          
Ich!

          

        
",lustig-uf-bsuech-bi-dr-frau
343,comedy,Herr TÜRK,M,,,,"
          
Herr Türk.

          
Jà Sie
(er kehrt sich gege dr Citadine, fir sich güet
                        mache z'höre)
. Sie, wo z'Nacht ummeziehn, anstatt uf
                        Ihr Bureau z'geh... sodass Ihne-n-Ihre junge Fraü müess
                        nogeh un ufpasse...

        
",lustig-uf-bsuech-bi-dr-frau
344,comedy,Herr DAMPF,M,,,,"
          
Herr Dampf.

          
Was hör i!...

        
",lustig-uf-bsuech-bi-dr-frau
345,comedy,Herr TÜRK,M,,,,"
          
Herr Türk.

          
Hàn Sie jetz endlig verstande, Sie alter Sünder, ass es
                        Ihre Fraü isch, wo dert in dr Citadine isch?

        
",lustig-uf-bsuech-bi-dr-frau
346,comedy,Herr DAMPF,M,,,,"
          
Herr Dampf.

          
Mi Fraü im e Fiacre... mit em Herr Zitelpost!

        
",lustig-uf-bsuech-bi-dr-frau
347,comedy,Herr TÜRK,M,,,,"
          
Herr Türk.

          
Jà... dr Herr Zitelpost... Ihr güeter Frind Zitelpost...
                        e veritawliger Frind... Sie wisse nitt, was er alles
                        scho hat welle mache fir Se... er hat doch Ihre Fraü
                        nitt allei känne lo geh, fir Sie z'süeche.

        
",lustig-uf-bsuech-bi-dr-frau
348,comedy,Herr DAMPF,M,,,,"
          
Herr Dampf.

          
Mi Fraü im e Fiacre!... ich will ere zeige...

        
",lustig-uf-bsuech-bi-dr-frau
349,comedy,Herr TÜRK,M,,,,"
          
Herr Türk

          
(hebt ne z'ruck)

          
Se weisst alles, diè güete Fraü... Ihre-n-Üsred fir
                        furtz'geh hit z'Owe un Ihre Rendez-vous mit ere junge
                        Dame.

        
",lustig-uf-bsuech-bi-dr-frau
350,comedy,Herr DAMPF,M,,,,"
          
Herr Dampf.

          
Ich bi im Dunkes!

        
",lustig-uf-bsuech-bi-dr-frau
351,comedy,Madame TÜRK,F,,,,"
          
Madame Türk

          
(fir sich)

          
Was verzählt er do?

        
",lustig-uf-bsuech-bi-dr-frau
352,comedy,Herr TÜRK,M,,,,"
          
Herr Türk.

          
Un ass Sie hàn welle geh z'Nacht esse mit ere...
(er
                        losst e Schrei üs und schaüt uf si Fraü)
 Eh! 's isch jo
                        mit minere Fraü, wo-n-er hat welle geh!... das wàr mr
                        jetz emol e süfere G'schichte gsi.

        
",lustig-uf-bsuech-bi-dr-frau
353,comedy,Madame TÜRK,F,,,,"
          
Madame Türk.

          
Ich schwör Dr, liewer Mann, ass ich nit g'wisst ha...

        
",lustig-uf-bsuech-bi-dr-frau
354,comedy,Herr TÜRK,M,,,,"
          
Herr Türk.

          
Vo dem Nachtesse... ich weiss es... er hat mr's g'sàit,
                        ich b'sinn mi...
(zornig züem Herr Dampf)
 Alter Süeri!

        
",lustig-uf-bsuech-bi-dr-frau
355,comedy,Herr DAMPF,M,,,,"
          
Herr Dampf.

          
Nàmme Se's nitt so bös uf... Herr Pascha !

        
",lustig-uf-bsuech-bi-dr-frau
356,comedy,Herr TÜRK,M,,,,"
          
Herr Türk.

          
Türk, un nitt Pascha... Sie sin e Pascha!

        
",lustig-uf-bsuech-bi-dr-frau
357,comedy,Herr DAMPF,M,,,,"
          
Herr Dampf.

          
Ich ha in dàre junge Dame nur welle Ihre Nomination als
                        Diràcter bringe, Nomination, wo-n-ich eso frei bi, Ihne
                        z'offriere
(er presentiert em's Brevet).

        
",lustig-uf-bsuech-bi-dr-frau
358,comedy,Herr TÜRK,M,,,,"
          
Herr Türk

          
(zornig, refüsiert)

          
Mi Nomination!
(er lipft d'Achsle).

        
",lustig-uf-bsuech-bi-dr-frau
359,comedy,Madame TÜRK,F,,,,"
          
Madame Türk.

          
Di Brevet... nimm's doch.

        
",lustig-uf-bsuech-bi-dr-frau
360,comedy,Herr TÜRK,M,,,,"
          
Herr Türk

          
(nimmt's, fir sich)

          
Er hat mr glaüb zwei welle ahànke; awer ich glaüb, er ka
                        's zweite fir sich b'halte.

        
",lustig-uf-bsuech-bi-dr-frau
361,comedy,Herr DAMPF,M,,,,"
          
Herr Dampf

          
(nimmt im Herr Zitelpost d'Hand)

          
Dà güete Herr Zittelpost
(züem Herr Türk)
 Jà so... awer
                        mi Fraü?

        
",lustig-uf-bsuech-bi-dr-frau
362,comedy,Herr TÜRK,M,,,,"
          
Herr Türk.

          
Ich bi sicher, ass se güetherzig genüeg isch un stigt üs
                        un kunnt Ihne d'Hand ku gà, fir Ihne z'zeige, ass sie
                        Ihne verzeiht un scho alles vergesse hat...
(Madame
                        Dampf zeigt si).

        
",lustig-uf-bsuech-bi-dr-frau
363,comedy,Herr DAMPF,M,,,,"
          
Herr Dampf

          
(springt uf se züe un nimmt ere d'Hand)

          
Oh! 's isch mr also verzeiht!

        
",lustig-uf-bsuech-bi-dr-frau
364,comedy,Herr TÜRK,M,,,,"
          
Herr Türk.

          
Sie verdiene's nitt!

        
",lustig-uf-bsuech-bi-dr-frau
365,comedy,Herr DAMPF,M,,,,"
          
Herr Dampf.

          
Mi liewer Herr Pascha!

          

        
",lustig-uf-bsuech-bi-dr-frau
366,comedy,Herr TÜRK,M,,,,"
          
Herr Türk.

          
Türk... Herr Krampf...

        
",lustig-uf-bsuech-bi-dr-frau
367,comedy,Herr DAMPF,M,,,,"
          
Herr Dampf.

          
Dampf... Herr Pascha... ich lüeg Sie fir mi güeter Frind
                        a un wenn Se-n-emol ebbes brüche, so bin ich do
(er
                        geht hintere mit sinere Fraü; züem Kütschner)
 Allons,
                        Kütschner, uf dr Bock un abg'fahre!

        
",lustig-uf-bsuech-bi-dr-frau
368,comedy,Herr ZITELPOST,M,,,,"
          
Herr Zitelpost

          
(züem Herr Türk)

          
Ich will Ene ewig dankbar si!
(er geht hintere).

        
",lustig-uf-bsuech-bi-dr-frau
369,comedy,Herr TÜRK,M,,,,"
          
Herr Türk.

          
Schön... schön, 's wird mi freie!

        
",lustig-uf-bsuech-bi-dr-frau
370,comedy,Madame TÜRK,F,,,,"
          
Madame Türk

          
(züem Herr Türk)

          
De wirsch mr awer doch ufs wenigst sage, was De bisch ku
                        mache z'Milhüse...

        
",lustig-uf-bsuech-bi-dr-frau
371,comedy,Herr TÜRK,M,,,,"
          
Herr Türk

          
(zàrtlig)

          
Jo, mi liewe Fraü... ich sag Dr's... im Hotel... brrr!
                        ich ha kalt efange vo dem umesteh uf dr Gasse... mr
                        wànn mache, ass mr ins Truckene kämme...

          

            
G'sang

            
(dr Papst)

            
's thüet Kein vo alle do, ich wett.

            
Wie-n-ich pressiere, fir ins Bett.

          

        
",lustig-uf-bsuech-bi-dr-frau
372,comedy,group,sex_unknown,job_unknown,job_category_unknown,social_class_unknown,"
          
Alle mitnander.

          

            
Drum ziege mir dr Vorhang züe,

            
Ne jeder ka geh 's gliche thüe.

            
}bis

          

        
",lustig-uf-bsuech-bi-dr-frau
