drama_type,speaker,sex,job,job_category,social_class,text,progress,short_name,numTokens,numLexTokens,lexRatio,anger_roll_mean,anticipation_roll_mean,arousal_roll_mean,disgust_roll_mean,dominance_roll_mean,fear_roll_mean,joy_roll_mean,sadness_roll_mean,surprise_roll_mean,trust_roll_mean,valence_roll_mean
comedy,Jules Kleitz,M,,,upper_middle_class,"
          
Jules

          

          
(sitzt auf dem Canapé und liest eine Zeitung — liest laut):
 « Prinz Yo-Yo! Wie eine
          Epidemie hast du die neue und die alte Welt angefallen ! Yo-Yo ist Trumpf !

          
(steht auf und wirft die Zeitung weg).

          
Nit ellein die nej und d'alt Welt het diss verruckte Ding üwerfalle, nein, au in mini ménage het
          sich diss Lumpeding iing'schlieche. Un wer het's eringebrocht ? Mini lieb un herzensgüet Schwejeres !
          Uessgerechent sie prowiert schunzitter 3 Wuche do in minere ménage Yo-Yo! Sie spielt am Morje wenn sie
          uffsteht, am Middaa wärenem Esse, de ganze Middaa, ja viellicht noch sogar z'Nacht-s im Bett. Un do
          solle eim nit d'Nerfe durichgehn ? s'Galee hab ich in minere Wohnung un dis alles numme, will mini lieb
          
          
un herzensgüet Schwejermamme Yo-Yo spiele will. » 
          
(Es klopft.)

        
",0,weber-yo-yo,159,17,0.1069182389937107,,,,,,,,,,,
comedy,Marie,F,domestic_worker,elementary_professions,lower_class,"
          
Marie

          
(kommt hinten herein):

          
« De Herr Dokter Schmitt isch do un will mit Ihne redde. »

        
",0,weber-yo-yo,21,2,0.0952380952380952,,,,,,,,,,,
comedy,Jules Kleitz,M,,,upper_middle_class,"
          
Jules :

          
« Er soll glich do eriin kumme. »

        
",1,weber-yo-yo,11,1,0.0909090909090909,,,,,,,,,,,
comedy,Marie,F,domestic_worker,elementary_professions,lower_class,"
          
Marie :

          
« Güet Mösjö. » 
          
(hinten ab)

        
",1,weber-yo-yo,11,1,0.0909090909090909,,,,,,,,,,,
comedy,Jules Kleitz,M,,,upper_middle_class,"
          
Jules :

          
« Roby, düe bisch mini letscht Hoffnung, düe müesch mir helfe. »

        
",2,weber-yo-yo,17,2,0.1176470588235294,0.03421576661769118,0.6144541051722239,0.7681382324021596,0.06628333296057058,0.9885300637813618,0.05548145988041424,0.2527995641237595,0.02380001660505978,0.07493392280677105,0.2100003665180945,1.0646538948979887
comedy,Dokter Robert Schmitt,M,,,,"
          
Robert :

          
« Wo fehlt's denn ? Bisch krank ? »

        
",2,weber-yo-yo,12,2,0.1666666666666666,0.156271152437521,0.5461176730705326,0.890499787974316,0.31257491036684504,0.9605388958747643,0.35113348064118954,0.1941433750499791,0.3310988738393454,0.10939999999999998,0.1964944841651533,1.0078972248872053
comedy,Jules Kleitz,M,,,upper_middle_class,"
          
Jules :

          
« Krank ? Aba. »

        
",2,weber-yo-yo,8,1,0.125,0.4080914615160934,0.5461176730705326,1.119640876219843,0.7875176888671629,0.8413271858265432,0.8404599991939736,0.1941433750499791,0.8585409847184883,0.10939999999999998,0.1328,0.8769794989973189
comedy,Dokter Robert Schmitt,M,,,,"
          
Robert :

          
« Ja, was isch denn no los ? »

        
",3,weber-yo-yo,12,2,0.1666666666666666,0.4080914615160934,0.45715286099236724,1.238711359318441,0.7875176888671629,0.9948103771450348,0.8404599991939736,0.5758884942470646,0.8585409847184883,0.38560398581304745,0.3545738502440193,1.034878953684828
comedy,Jules Kleitz,M,,,upper_middle_class,"
          
Jules :

          
« Ei diss neuje verruckte Spiel ? »

        
",4,weber-yo-yo,10,2,0.2,0.4080914615160934,0.5141528609923672,1.269988842358119,0.7875176888671629,0.9593284838908239,0.8404599991939736,0.4403451191970854,0.8585409847184883,0.48170398581304746,0.3545738502440193,0.9760468968219274
comedy,Dokter Robert Schmitt,M,,,,"
          
Robert :

          
« Ich weiss nit was düe meinsch, ich möcht numme gern wisse, werum düe mich rüefe hesch
          lonn. »

        
",5,weber-yo-yo,24,2,0.0833333333333333,0.496331546280327,0.7125859206870304,1.4191681145911117,0.8725945992946198,1.040813668963983,0.9846117350756618,0.5181116632852303,1.0026554249677528,0.5837427639215919,0.42780999756850663,1.063742808258486
comedy,Jules Kleitz,M,,,upper_middle_class,"
          
Jules :

          
« Güet, ich will dir's saawe. Roby, liewer Frind, ich bin arich unglücklich. »

        
",5,weber-yo-yo,22,4,0.1818181818181818,0.38146532269481076,0.7420945046620974,1.2802606818902753,0.6241961471561794,1.0617055436490705,0.6891044689806627,0.593773012515994,0.6990628176151962,0.5110427639215918,0.49024508499684194,1.1329366689912412
comedy,Dokter Robert Schmitt,M,,,,"
          
Robert :

          
« Unglücklich ? Ja werum denn ? »

        
",5,weber-yo-yo,10,2,0.2,0.1517328755237784,0.7420945046620974,0.9700909807981013,0.12739924287929855,0.9739238890516339,0.19837509784523016,0.6224747314107202,0.22663323970963073,0.5110427639215918,0.49024508499684194,1.0886503648080808
comedy,Dokter Robert Schmitt,M,,,,"
          
Robert :

          
« Sie spielt Yo-Yo ? Ja un weje dem losch düe mich hole ? »

        
",6,weber-yo-yo,17,1,0.0588235294117647,0.1517328755237784,0.3622416436697301,0.5869228169077811,0.12739924287929855,0.5070483493908597,0.19837509784523016,0.29813305000308693,0.22663323970963073,0.23483877810854437,0.26847123475282275,0.6124042942835243
comedy,Jules Kleitz,M,,,upper_middle_class,"
          
Jules :

          
« Ja findsch düe, dass diss nix isch, wenn eim jemand de ganze Daa in d'r ménage Yo-Yo spielt ?
          »

        
",6,weber-yo-yo,25,2,0.08,0.1517328755237784,0.3052416436697301,0.5101680672554234,0.12739924287929855,0.46838611000199115,0.19837509784523016,0.35343828391165033,0.22663323970963073,0.13873877810854437,0.26847123475282275,0.5842175463082857
comedy,Jules Kleitz,M,,,upper_middle_class,"
          
Jules :

          
« Diss weisch düe nit ? Ah düe weisch nit was Yo-Yo isch. Glücklicher Mensch ! »

        
",7,weber-yo-yo,20,1,0.05,0.06349279075954475,0.0295085839750669,0.43273884679602104,0.04232233245184166,0.41232195271231376,0.05422336196354209,0.3764717398235054,0.08251879946036612,0.0,0.06243508742833538,0.5187975883267218
comedy,Jules Kleitz,M,,,upper_middle_class,"
          
Jules :

          
« D'ganz Welt spielt doch Yo-Yo! Alli Kini un Kaiser, alli Kinostar, alli Köche, alli Kinder,
          alli Kindermaidle un au mini Schwejermamme spielt Yo-Yo! »

        
",8,weber-yo-yo,34,2,0.0588235294117647,0.04232852717302984,0.09669378687227789,0.4757655063752809,0.02821488830122778,0.4576736006309622,0.03614890797569474,0.4416096785014287,0.05501253297357742,0.0,0.0,0.632719389808777
comedy,Jules Kleitz,M,,,upper_middle_class,"
          
Jules :

          
« Alli Zytunge schriewe devun un d'Illustrierte bringe Bilder. Yo-Yo isch Trumpf. Yo-Yo isch e
          Epidemie. »

        
",8,weber-yo-yo,23,2,0.0869565217391304,0.040600000000000004,0.1411937868722779,0.5530364572000346,0.059399999999999994,0.5660192383851375,0.0776,0.41290795960670257,0.0688,0.11399999999999999,0.0,0.6633884376439007
comedy,Dokter Robert Schmitt,M,,,,"
          
Robert :

          
« E Eipidemie ? ? Ja no isch's jo e Krankheit ! »

        
",9,weber-yo-yo,16,3,0.1875,0.08373137790570104,0.16355124951933114,0.604306739216641,0.13484968926587054,0.5924503626975106,0.15874202426336784,0.37463900108040116,0.1518907266762372,0.1465564849332371,0.0,0.6346040499114414
comedy,Jules Kleitz,M,,,upper_middle_class,"
          
Jules :

          
« Zäll nit, awer die wo züelüeje kenne krank devun wäre. Es isch e Spiel. »

        
",9,weber-yo-yo,21,3,0.1428571428571428,0.1744183693537218,0.20155124951933115,0.8326018810129326,0.3098536201252401,0.7053423817127565,0.48012747909185693,0.31933376717183776,0.32770476363595147,0.17362315159990377,0.0,0.713514964894842
comedy,Dokter Robert Schmitt,M,,,,"
          
Robert :

          
« E Spiel? Wurd's getrette od'r g'stosse ? Isch's e Balle od'r e Art Domino. Od'r setzt m'r
          sich druff un fahrt furt mit ? »

        
",9,weber-yo-yo,32,1,0.03125,0.1744183693537218,0.3155512495193311,0.8189836681944106,0.3098536201252401,0.6471995580707146,0.48012747909185693,0.15993376717183772,0.32770476363595147,0.25482315159990376,0.0,0.6447291516653573
comedy,Jules Kleitz,M,,,upper_middle_class,"
          
Jules :

          
« Wenn düe e Schwejeres hättsch, wo au de ganze Daa Yo-Yo spiele dät, no wischt düe's au was es
          isch. »

        
",10,weber-yo-yo,28,2,0.0714285714285714,0.1744183693537218,0.27585746264705324,0.7749972301730186,0.3098536201252401,0.5861704532295955,0.48012747909185693,0.04573799427698802,0.32770476363595147,0.2954231515999038,0.0,0.5118233973896454
comedy,Dokter Robert Schmitt,M,,,,"
          
Robert :

          
« Ja no saa mir's doch jetzt emol was es isch. »

        
",11,weber-yo-yo,16,1,0.0625,0.13381836935372177,0.23135746264705323,0.6708783693080329,0.25045362012524014,0.46981699654162173,0.40252747909185693,0.10314143206644025,0.2589047636359515,0.1814231515999038,0.0,0.4963408571466861
comedy,Dokter Robert Schmitt,M,,,,"
          
Robert :

          
« Düe hesch jo alli Säck voll! »

        
",11,weber-yo-yo,11,1,0.0909090909090909,0.09068699144802074,0.209,0.7363462627638269,0.2884814387230573,0.4584264192544086,0.3213854548284891,0.08400695280328949,0.1758140369597143,0.14886666666666665,0.0,0.4905625015286451
comedy,Jules Kleitz,M,,,upper_middle_class,"
          
Jules :

          
« Die hab ich alli minere Schwejeres eweggeputzt, will ich gedänkt hab, sie spielt no nimi. Ja
          do, sie het sich no immer e anders kauft ».

        
",12,weber-yo-yo,34,3,0.088235294117647,0.0,0.17099999999999999,0.5972533571968355,0.22166142864419908,0.38324651510976915,0.07981862447830404,0.10314143206644025,0.0,0.14159999999999998,0.0,0.41890553894835386
comedy,Jules Kleitz,M,,,upper_middle_class,"
          
Jules :

          
« Sie nit ellein, au mini Frau fangt so langsam aan un s'Dienschtmaidel hett au schun eins
          g'schenkt bekumme. »

        
",13,weber-yo-yo,25,2,0.08,0.0109,0.12109999999999999,0.5314521718439367,0.2513614286441991,0.37146103702708594,0.09811862447830402,0.13184143206644022,0.058899201546855864,0.08619999999999998,0.0,0.38459175058744455
comedy,Dokter Robert Schmitt,M,,,,"
          
Robert :

          
« Ja wie geht denn diss Ding eigentlich ? »

        
",13,weber-yo-yo,12,1,0.0833333333333333,0.0109,0.0641,0.483973708945521,0.2513614286441991,0.3097081269616333,0.09811862447830402,0.16264135484205516,0.058899201546855864,0.04559999999999998,0.0,0.3236524167855426
comedy,Jules Kleitz,M,,,upper_middle_class,"
          
Jules

          
(steckt alle Yo-Yo schnell ein) :

          
« Nan, dir zeij ich diss nit.

        
",14,weber-yo-yo,18,1,0.0555555555555555,0.0109,0.0641,0.5819980048477513,0.2513614286441991,0.4129625782101206,0.09811862447830402,0.10523791705260295,0.058899201546855864,0.13939999999999997,0.0,0.4082255493704051
comedy,Dokter Robert Schmitt,M,,,,"
          
Robert :

          
« Ja un werum denn nit ? »

        
",14,weber-yo-yo,10,1,0.1,0.0109,0.0641,0.46525982937535115,0.1378839207805113,0.3979220311849605,0.09811862447830402,0.16264135484205516,0.058899201546855864,0.13939999999999997,0.0,0.4427882927209052
comedy,Dokter Robert Schmitt,M,,,,"
          
Robert :

          
« Diss isch doch sicher ebs harmloses. »

        
",15,weber-yo-yo,11,1,0.0909090909090909,0.0109,0.0641,0.39936307859114645,0.029699999999999997,0.4447065948388408,0.01829999999999998,0.22790687557890443,0.058899201546855864,0.1196,0.13440000000000002,0.511084488834834
comedy,Jules Kleitz,M,,,upper_middle_class,"
          
Jules :

          
« Ebs harmloses ? Eh bien merci. 3 Vase, e Suppeschüssel un 2 Spiejel un sogar min Radio sin
          dodurich kapütt gange. »

        
",15,weber-yo-yo,28,2,0.0714285714285714,0.10117695183033311,0.06326750167449414,0.5266396136917291,0.0,0.5071050142178415,0.12030593920180307,0.25377474795392285,0.1384096646566495,0.0938,0.20156750167449416,0.5387089012804676
comedy,Dokter Robert Schmitt,M,,,,"
          
Robert :

          
« Ja isch denn diss Spiel so arich kumpliziert ? »

        
",16,weber-yo-yo,13,2,0.1538461538461538,0.10117695183033311,0.12026750167449414,0.5705899377149609,0.0,0.5413603307408075,0.12030593920180307,0.22507302905919677,0.1384096646566495,0.1344,0.20156750167449416,0.5744572647872049
comedy,Jules Kleitz,M,,,upper_middle_class,"
          
Jules :

          
« Nix ze mache. Es isch e Schnürele dran un mit dem macht m'rs danze. Siehsch eso 
          
(zeigt es).
 Als uff un nab hüpst diss Yo-Yo. »

        
",17,weber-yo-yo,35,3,0.0857142857142857,0.10117695183033311,0.12026750167449414,0.5840220214342369,0.0,0.6011446684342838,0.12030593920180307,0.29787302905919677,0.1384096646566495,0.040600000000000004,0.30908742156696634,0.6222230154746963
comedy,Dokter Robert Schmitt,M,,,,"
          
Robert :

          
« Ja un weje dem hesch düe mich rüefe lonn ? »

        
",17,weber-yo-yo,14,2,0.1428571428571428,0.1894170365945667,0.30051905060908507,0.6804882370505185,0.0850769104274569,0.6608790132705628,0.26445767508349116,0.26917131016447066,0.28252410490591406,0.12474230067654483,0.3611372998510659,0.6645976692751507
comedy,Jules Kleitz,M,,,upper_middle_class,"
          
Jules :

          
« Ja, denn düe müesch mir helfe mini Schwejeres küriere. Sie müess uffhöre mit 
          
dem Spiel. Am liebschte wär mir's jo wenn sie wieder ganz heime züe sich gehn
          dät. »

        
",18,weber-yo-yo,38,6,0.1578947368421052,0.1894170365945667,0.3372190506090851,0.7054410146070722,0.0850769104274569,0.6522792972792709,0.26445767508349116,0.2586269025889293,0.28252410490591406,0.13827563400987816,0.3138255178682144,0.686216713270474
comedy,Jules Kleitz,M,,,upper_middle_class,"
          
Jules :

          
« Ich hab jo noch nie ebs degeje g'het, wenn sie kumme isch. Was awer züe viel isch, isch ewe
          züe viel. 's letscht Johr, wo mir doch küm g'hyrot sin g'sin, het sie 14 Daa bliewe wöelle. »

        
",18,weber-yo-yo,48,2,0.0416666666666666,0.11094008476423363,0.5083603854698573,0.7098416686535206,0.0850769104274569,0.7151082618586411,0.1441517358816881,0.20405903021391084,0.1441144402492646,0.13827563400987816,0.2466580161937202,0.7846187020796274
comedy,Dokter Robert Schmitt,M,,,,"
          
Robert :

          
« Ja un? »

        
",19,weber-yo-yo,7,1,0.1428571428571428,0.11094008476423363,0.4513603854698573,0.6658913446302888,0.0850769104274569,0.6808529453356751,0.1441517358816881,0.23276074910863692,0.1441144402492646,0.09767563400987815,0.2466580161937202,0.7488703385728901
comedy,Dokter Robert Schmitt,M,,,,"
          
Robert :

          
« Ja. Allerdings isch diss jo e bissel arich viel g'sinn. »

        
",19,weber-yo-yo,16,1,0.0625,0.11094008476423363,0.4513603854698573,0.5544349650087825,0.0850769104274569,0.5178141563937114,0.1441517358816881,0.21736418689808917,0.1441144402492646,0.09767563400987815,0.13913809630124802,0.6165314553005363
comedy,Jules Kleitz,M,,,upper_middle_class,"
          
Jules :

          
« Güet. Ich hab nix g'saat g'het, will ich gern de Friedde im Hüss hab. Diss Johr isch sie jetzt
          awer au schun wieder fascht 10 Wuche do. Ja un diss nit ellein, sie kummediert hyt schun s'ganze
          Hüss. »

        
",20,weber-yo-yo,49,8,0.1632653061224489,0.025425000000000003,0.3173685021777295,0.4920423994717593,0.007424999999999999,0.5560069716345156,0.00457499999999998,0.31146456661776045,0.01472480038671396,0.027182452691333202,0.15692978841066854,0.6865124923442163
comedy,Jules Kleitz,M,,,upper_middle_class,"
          
Jules :

          
« Ich kann dir e Liedel singe Roby. Ich derf nimmi ellein furt, will sie's nit will han, mir
          müen alli esse was ihre schmeckt, mini Frau het sie geje mich uffg'stupft, sie macht was sie einfach
          will, turnt sogar un spielt jetzt zitter 3 Wuche de ganze liewe lange Daa Yo-Yo. Ah no noch ebs. Sie
          het mini Frau üwerredd sich e nejs Kleid mache zu lonn, wo Yo-Yo heisst. Was saasch düe jetzt do dezüe
          ? »

        
",20,weber-yo-yo,92,9,0.0978260869565217,0.05700108438552655,0.3338393281521127,0.5150929166858201,0.03293098009499042,0.5580830039650764,0.05109760797370844,0.27522109107116294,0.06990560967474072,0.03234740839723206,0.13912967815307048,0.6470832767418598
comedy,Dokter Robert Schmitt,M,,,,"
          
Robert :

          
« Armer Jules, ja bisch denn düe mit dinnere belle-mère g'hyrot ? »

        
",21,weber-yo-yo,16,2,0.125,0.03430108438552655,0.09943049161684644,0.3718604392716965,0.03293098009499042,0.3766753495786105,0.05109760797370844,0.30392280996588905,0.12610560967474072,0.03234740839723206,0.13912967815307048,0.4807428569602902
comedy,Dokter Robert Schmitt,M,,,,"
          
Robert :

          
« Na also, redd doch emol e anständigs Wort mit ihre. »

        
",21,weber-yo-yo,16,1,0.0625,0.03430108438552655,0.19783049161684643,0.44537930013668214,0.03293098009499042,0.44732880626658417,0.05109760797370844,0.24651937217643685,0.12610560967474072,0.03234740839723206,0.13912967815307048,0.5006253972032495
comedy,Jules Kleitz,M,,,upper_middle_class,"
          
Jules :

          
« Ich hab schun alles prowiert — im Güete un im Böse — s'nutzt awer alles nix. Sie isch by ihre
          Doochter het sie mir emol frech in's G'sicht niin g'saat. Robert, was ich dir saa, wenn düe je emol
          hyrotsch, no gib vor alle Dinge uff dini zükünftig Schwe- 
          
jeres acht. Wenn die Hoor uff de Zähn het, no hyrot ihri Doochter liewer nit.

        
",22,weber-yo-yo,78,10,0.1282051282051282,0.06226412365959707,0.2096339252068732,0.5027854767483533,0.06303293218064968,0.5258038150364042,0.0670890451386484,0.2631404740792901,0.14189295280442404,0.03234740839723206,0.16224302351210426,0.5770327800831684
comedy,Dokter Robert Schmitt,M,,,,"
          
Robert :

          
« 's Bescht wurd sin, m'r hyrot e Waiselmaidel. »

        
",22,weber-yo-yo,14,1,0.0714285714285714,0.05953912365959707,0.44541826940893803,0.8415973888785316,0.055607932180649675,0.8365421271172673,0.06251404513864842,0.46928949142428894,0.1271681524177101,0.01869828903923218,0.3558028951482287,0.8207043603413432
comedy,Jules Kleitz,M,,,upper_middle_class,"
          
Jules :

          
« Awer füer d'Redd nit ze vergesse,dü müesch mir helfe Roby, düe bisch Dokter, düe weisch ganz
          sicher ebs wo zejt, wo m'r mit d'Schwejeres züm Hüss nüss kriejt. »

        
",22,weber-yo-yo,40,6,0.15,0.027963039274070522,0.39224744343455475,0.7990501967458429,0.030101952085659262,0.8229109892663411,0.02485810383160662,0.4811735819945454,0.08965400979634999,0.0,0.35174628211039605,0.8210108349003541
comedy,Jules Kleitz,M,,,upper_middle_class,"
          
Jules :

          
« Ja. Gall düe weisch schun ebs ? »

        
",23,weber-yo-yo,12,1,0.0833333333333333,0.027963039274070522,0.39224744343455475,0.7885060223193708,0.030101952085659262,0.8223661047311875,0.02485810383160662,0.5098753008892716,0.03345400979634998,0.0,0.35174628211039605,0.8241419147745714
comedy,Dokter Robert Schmitt,M,,,,"
          
Robert :

          
« Ebs wo arich güet zejt isch e Karteblaa. »

        
",23,weber-yo-yo,13,1,0.0769230769230769,0.027963039274070522,0.2938474434345547,0.7639925669422488,0.030101952085659262,0.8533543742287801,0.02485810383160662,0.6454186759392506,0.03345400979634998,0.0,0.35174628211039605,0.9164691496649162
comedy,Jules Kleitz,M,,,upper_middle_class,"
          
Jules

          
(verwundert) :

          
« E Karteblaa ? Ja was soll ich denn mit dem ? »

        
",24,weber-yo-yo,18,1,0.0555555555555555,0.0,0.28204400984452793,0.7065863903305776,0.0,0.7748793654589601,0.00886666666666666,0.6287975740363974,0.01766666666666666,0.0,0.32863293675136224,0.8400617667849973
comedy,Dokter Robert Schmitt,M,,,,"
          
Robert

          
(lachend) :

          
« Dü hesch mir doch ebs verlangt wo zejt ? »

        
",24,weber-yo-yo,16,1,0.0625,0.0,4.4408920985006264e-17,0.41121968898612626,0.0,0.43906734998898755,0.00886666666666666,0.43424645807700113,0.01766666666666666,0.0922,0.06523149472171783,0.5763170359256471
comedy,Jules Kleitz,M,,,upper_middle_class,"
          
Jules :

          
« So isch diss nit gemeint g'sin. Düe weisch ganz güet was ich mein.

        
",24,weber-yo-yo,18,3,0.1666666666666666,0.0,4.4408920985006264e-17,0.43030937215111054,0.0,0.460183123222557,0.0,0.46352379054177845,0.0,0.0922,0.0484666666666667,0.6080842022058128
comedy,Dokter Robert Schmitt,M,,,,"
          
Robert :

          
« Ja uff so Sache hab ich nit stüdiert. »

        
",25,weber-yo-yo,13,2,0.1538461538461538,0.0,4.4408920985006264e-17,0.44916880258360337,0.0,0.5086098515665438,0.0,0.4895220716470523,0.0,0.0922,0.0484666666666667,0.6506254723272925
comedy,Jules Kleitz,M,,,upper_middle_class,"
          
Jules :

          
« Awer düe müesch mir einfach helfe, dass mini Schwejermame so bal wie möjlich nimmi vor mine Auwe
          rumyoyotiert.

        
",25,weber-yo-yo,23,3,0.1304347826086956,0.0,4.4408920985006264e-17,0.42584148893970547,0.0,0.4908932066662933,0.0,0.3539786965970732,0.0,0.0922,0.18753333333333336,0.6264874550356521
comedy,Dokter Robert Schmitt,M,,,,"
          
Robert :

          
« Het dich dini Frau gern ? »

        
",25,weber-yo-yo,10,1,0.1,0.0,0.19096302152014452,0.5908052203559182,0.0,0.7368597449490378,0.0,0.569308346983911,0.0,0.20139295486399908,0.49550587141410896,0.9531431438837892
comedy,Jules Kleitz,M,,,upper_middle_class,"
          
Jules :

          
« Wie kannsch düe numme fröje, züem Fresse het sie mich gern. »

        
",26,weber-yo-yo,17,1,0.0588235294117647,0.0,0.381926043040289,0.6782500909071454,0.0,0.9099728265438088,0.0,0.7076414351602008,0.0,0.21838590972799815,0.8034784094948846,1.1875162924889673
comedy,Jules Kleitz,M,,,upper_middle_class,"
          
Jules :

          
« Wie Hund un Katz, un numme dorum, will sie immer ihre Dickkopf durich setze will un au kann. Ich
          glaub sie kann üwerhaupt kan Mann liede. »

        
",27,weber-yo-yo,34,3,0.088235294117647,0.12733777702355975,0.4105083164798791,0.7301387002997948,0.0,0.9163137069530553,0.00726666666666666,0.6896590369955589,0.0,0.21838590972799815,0.8027650045586995,1.1359010950113935
comedy,Dokter Robert Schmitt,M,,,,"
          
Robert :

          
« No isch die Sach ganz einfach. »

        
",27,weber-yo-yo,11,2,0.1818181818181818,0.12733777702355975,0.4105083164798791,0.7374686777500006,0.0,0.9645866608078565,0.00726666666666666,0.6566459404451854,0.0,0.21838590972799815,0.8738650045586995,1.201653360301899
comedy,Dokter Robert Schmitt,M,,,,"
          
Robert :

          
« Einfach. Düe müesch emol dinnere Frau Gelejeheit gänn, dass sie sieht, wie ihri Maman üwer
          dich denkt. »

        
",28,weber-yo-yo,25,2,0.08,0.12733777702355975,0.45190831647987917,0.721411307734456,0.0,0.9568945457908585,0.00726666666666666,0.6566459404451854,0.0,0.21838590972799815,0.8548945368442098,1.1726173776662256
comedy,Jules Kleitz,M,,,upper_middle_class,"
          
Jules :

          
« Die Idee isch jo grossartig, awer wie soll ich diss numme mache ? »

        
",28,weber-yo-yo,18,1,0.0555555555555555,0.12733777702355975,0.2609452949597347,0.6637712738038326,0.0,0.8506004860510521,0.00726666666666666,0.5475128522688955,0.0,0.10919295486399908,0.5469219987634343,0.9723521999210953
comedy,Dokter Robert Schmitt,M,,,,"
          
Robert :

          
« Düe stellsch dich emol füer e Viertel Stündel füer verruckt — ich kumm dezüe un mach de
          Rescht. »

        
",29,weber-yo-yo,23,2,0.0869565217391304,0.12733777702355975,0.13328227343959018,0.5523741291437598,0.0,0.6662440781447421,0.00726666666666666,0.2747797640926055,0.0,0.05550000000000001,0.2389494606826587,0.6852434981826662
comedy,Jules Kleitz,M,,,upper_middle_class,"
          
Jules :

          
« Dini Roll isch nit schwer, awer wie soll ich denne Verruckte markiere ? »

        
",30,weber-yo-yo,18,2,0.1111111111111111,0.0,0.10470000000000004,0.6466830142797615,0.0,0.7884326886538757,0.10608775768929854,0.2139886223443527,0.1370445132117496,0.11100000000000002,0.19119619895217713,0.7303863298797844
comedy,Dokter Robert Schmitt,M,,,,"
          
Robert :

          
« Düe spielsch ewe au e Düür Yo-Yo, lachsch un singsch viellicht noch dezüe. Die Sitüation
          müesch düe üssnutze wie sie sich grad dir presentiert. » 
          
(Man hört draussen sprechen.)

        
",30,weber-yo-yo,38,3,0.0789473684210526,0.0,0.10470000000000004,0.648772352923603,0.0,0.7687376960561053,0.10608775768929854,0.19279999999999994,0.1370445132117496,0.14066666666666666,0.1586295322855104,0.6880968186648329
comedy,Jules Kleitz,M,,,upper_middle_class,"
          
Jules :

          
« Ich glaub es kummt jemand ! Roby, schnell, versteckel dich. Geh doch do hinter de Paravent,
          es derf dich do niemes sähn. » Robert 
          
(geht schnell hinter den Paravent).

        
",30,weber-yo-yo,40,3,0.075,0.0,0.09188227343959018,0.7114152718474099,0.0,0.7993405478983869,0.11335442435596521,0.22439114174825278,0.1370445132117496,0.2032,0.086286595063815,0.7214973703936066
comedy,Jules Kleitz,M,,,upper_middle_class,"
            
Jules

            
(lieb) :

            
« Nein Liewi. Wie düe awer schun so güet Yo-Yo spiele kannsch ? »

          
",31,weber-yo-yo,20,4,0.2,0.0,0.23583035718926385,0.7159433521425831,0.0,0.8116335408072978,0.11335442435596521,0.25446496718522627,0.1370445132117496,0.22349999999999998,0.1582619984516515,0.7848957072755608
comedy,Germaine,F,,,,"
            
Germaine

            
(ist schon wieder an der Türe):

            
« D'Maman turnt ganz sicher. 
            
(Kommt wieder zurück).
 Weisch Julot, diss neje Kleid geht mir wunderbar. Ich kumm grad
            vun de erschte Anprob. »

          
",32,weber-yo-yo,42,5,0.119047619047619,0.0,0.19785035718926386,0.7084823192141007,0.0,0.8547729641136333,0.11335442435596521,0.31586041612296734,0.1370445132117496,0.16799999999999998,0.20826199845165153,0.8423174514600141
comedy,Germaine,F,,,,"
            
Germarne :

            
« Ei s'Modell YO-YO! D'Maman wurd sicher e Plaisir dran han, gar wo sie mir g'saat het, dass ich's
            nämme soll. Un dir wurd's au sicher g'falle. »

          
",32,weber-yo-yo,39,4,0.1025641025641025,0.0,0.19785035718926386,0.6042419726616162,0.0,0.7499382630132496,0.026816666666666662,0.45790409539377064,0.01885,0.11249999999999998,0.27546199845165154,0.8812813632153681
comedy,Jules Kleitz,M,,,upper_middle_class,"
            
Jules :

            
« Ich glaub nit, dass es mir g'falle wurd. »

          
",33,weber-yo-yo,14,2,0.1428571428571428,0.0,0.24072376734864903,0.6046875894919415,0.0,0.7511830827622592,0.07681666666666667,0.47609080801614995,0.05655,0.08283333333333331,0.3085585577140406,0.8847198740495736
comedy,Germaine,F,,,,"
            
Germaine :

            
« Ja un werum denn nit ? »

          
",34,weber-yo-yo,10,1,0.1,0.0,0.2121414939090589,0.532423948739713,0.0,0.6443472646516599,0.06955,0.5019031040573493,0.05655,0.020300000000000002,0.260805295983559,0.7922835471148095
comedy,Germaine,F,,,,"
            
Germaine :

            
« Ja? »

          
",34,weber-yo-yo,6,1,0.1666666666666666,0.0,0.06819341015938525,0.42057217095895066,0.0,0.4923817931998111,0.06955,0.36563271640982814,0.05655,0.0,0.1888298925957225,0.6024946991298485
comedy,Jules Kleitz,M,,,upper_middle_class,"
            
Jules :

            
« Will ich ewe genüej hab, wenn dinni Maman do hinne alles kummediert. Ich hab's satt noch ihre
            Pfiff ze danze. »

          
",35,weber-yo-yo,28,3,0.1071428571428571,0.0,0.12087960798959271,0.5328679818922046,0.0,0.5191825076880423,0.06955,0.4789319590006059,0.05977653373020322,0.0,0.28032384754547324,0.710807405247677
comedy,Germaine,F,,,,"
            
Germaine :

            
« Awer d'Maman meint's jo numme güet mit uns. »

          
",35,weber-yo-yo,15,1,0.0666666666666666,0.0,0.12087960798959271,0.48853682928071224,0.0,0.4841742202667264,0.05,0.47243165477978166,0.04092653373020322,0.0,0.21312384754547323,0.6755210463617365
comedy,Jules Kleitz,M,,,upper_middle_class,"
            
Jules :

            
« Ah sie meint's au noch güet mit uns ? Ja siehsch düe denn nit, was ich immer füer Wüet schlucke
            müess ? »

          
",35,weber-yo-yo,28,4,0.1428571428571428,0.04120600125134458,0.07800619783020754,0.5201153114466163,0.02367307983655132,0.4600467296558414,0.049845667994474804,0.47328164536726025,0.027445608608706717,0.01875,0.14149395494975084,0.6372569068689237
comedy,Germaine,F,,,,"
            
Germaine :

            
« Wüet? Ja wie so denn ? »

          
",36,weber-yo-yo,11,2,0.1818181818181818,0.12361800375403376,0.07800619783020753,0.5796108744614349,0.07101923950965397,0.49438096878524257,0.11043700398342442,0.44457992647253414,0.07588375836571372,0.01875,0.14149395494975084,0.6224651963734849
comedy,Jules Kleitz,M,,,upper_middle_class,"
            
Jules :

            
« Saa Germaine, könne mir zwei do hinne noch mache wie mir wölle, zitter dass dinni Mamman by
            uns isch ? Han mir zwei viellicht eini Minüd im Daa, wo mir saawe könne, sie isch unser ? »

          
",36,weber-yo-yo,44,1,0.0227272727272727,0.12361800375403376,0.07800619783020753,0.5951421009318834,0.07101923950965397,0.5363159120238168,0.11043700398342442,0.3871764886830819,0.07588375836571372,0.10775000000000001,0.14149395494975084,0.6595609567480323
comedy,Germaine,F,,,,"
            
Germaine

            
(weint) :

            
Düe kannsch einfach minni Maman nit liede ! »

          
",36,weber-yo-yo,14,1,0.0714285714285714,0.12361800375403376,4.4408920985006264e-17,0.4306214389462739,0.07101923950965397,0.4631142470450446,0.11043700398342442,0.21248179715456303,0.0726572246355105,0.10775000000000001,0.14220000000000008,0.523837426889176
comedy,Jules Kleitz,M,,,upper_middle_class,"
            
Jules :

            
« Güet nämme mir aan, ich kann dinni Maman nit liede wie düe saasch. Hesch düe viellicht awer
            schun gemerigt, dass dinni Maman mich güet liede kann ? »

          
",37,weber-yo-yo,34,3,0.088235294117647,0.12361800375403376,4.4408920985006264e-17,0.41946337927380206,0.07101923950965397,0.44321198606271395,0.11043700398342442,0.1673006721379033,0.0726572246355105,0.13741666666666666,0.14220000000000008,0.4987994219695904
comedy,Germaine,F,,,,"
            
Germaine :

            
« Ja, sie isch au immer mit'm Papa so g'sinn, wo er noch geläbt het. »

          
",38,weber-yo-yo,22,1,0.0454545454545454,0.08241200250268918,4.4408920985006264e-17,0.35916053375103285,0.04734615967310264,0.38908996732357176,0.0605913359889496,0.1764674067174977,0.048438149757007,0.11866666666666666,0.14220000000000008,0.4676210264311639
comedy,Jules Kleitz,M,,,upper_middle_class,"
            
Jules :

            
« Un wohrschint's vorhere au mit dene andere zwei Männer, wo sie vor dim Papa uff de Gottsacker
            gebrocht het ! »

          
",39,weber-yo-yo,26,3,0.1153846153846153,0.0,4.4408920985006264e-17,0.34573618496949493,0.0,0.4324330189631098,0.03606666666666667,0.21343235448943826,0.05106666666666666,0.11866666666666666,0.14220000000000008,0.5280901468120179
comedy,Germaine,F,,,,"
            
Germaine :

            
« Ja düe ! » 
            
(Geht schnell hinten ab).

          
",40,weber-yo-yo,14,2,0.1428571428571428,0.0,4.4408920985006264e-17,0.3792171064501616,0.0,0.44212530134877925,0.03606666666666667,0.24213407338416437,0.05106666666666666,0.07656666666666664,0.14220000000000008,0.5332809527299018
comedy,Dokter Robert Schmitt,M,,,,"
            
Robert

            
(kommt hinter dem Paravent hervor) :

            
« Ja Jules. » 
            
(lacht).

          
",40,weber-yo-yo,18,2,0.1111111111111111,0.0,4.4408920985006264e-17,0.44469583410735236,0.0,0.4090034265005367,0.03606666666666667,0.3458357922788905,0.05106666666666666,0.07656666666666664,8.881784197001253e-17,0.5160643152982479
comedy,Dokter Robert Schmitt,M,,,,"
            
Robert :

            
« Düe hesch ewe malchance g'het mit dinnere Schwejermamme. Was! un au schun 3 Männer het sie
            g'het ? »

          
",41,weber-yo-yo,24,1,0.0416666666666666,0.0,4.4408920985006264e-17,0.44754437494186466,0.0,0.42050503634431313,0.03606666666666667,0.3430735422455711,0.05106666666666666,0.0469,8.881784197001253e-17,0.5076532878483603
comedy,Jules Kleitz,M,,,upper_middle_class,"
            
Jules :

            
« Ja denk emol. Ich bin viellicht ihr viert's Opfer. »

          
",41,weber-yo-yo,16,3,0.1875,0.0,4.4408920985006264e-17,0.602552436394782,0.0,0.5237838560194433,0.22838011557818377,0.30480458371926955,0.05106666666666666,0.07656666666666664,8.881784197001253e-17,0.5830954917563917
comedy,Dokter Robert Schmitt,M,,,,"
            
Robert :

            
« Do kann numme e Gewaltkür helfe. »

          
",42,weber-yo-yo,11,1,0.0909090909090909,0.0,4.4408920985006264e-17,0.5930000830264869,0.0,0.5373600219384778,0.19231344891151708,0.23913791705260296,0.0,0.07656666666666664,0.1296000000000001,0.6463006221139359
comedy,Jules Kleitz,M,,,upper_middle_class,"
            
Jules :

            
« Diss isch s'richtige Wort. Ich will jetzt emol die Schwejeres mit Gewalt
            küriere. »

          
",42,weber-yo-yo,20,4,0.2,0.0,0.024600000000000025,0.6049088877370641,0.0,0.6223024980055673,0.19231344891151708,0.3089744161750253,0.0,0.05967471021242978,0.23953232702572286,0.7294500487226209
comedy,Dokter Robert Schmitt,M,,,,"
            
Robert :

            
« No will ich awer schnell verschwinde, denn ich will uff keine Fall Zeje sinn. »

          
",42,weber-yo-yo,20,5,0.25,0.0,0.04460000000000003,0.6552313018562378,0.0,0.7194654017857458,0.19795344891151706,0.22715269728029922,0.0,0.10311471021242975,0.30938010038429137,0.7697376260167517
comedy,Dokter Robert Schmitt,M,,,,"
            
Robert :

            
« Wie lang witt düe die Komedie triewe ? »

          
",43,weber-yo-yo,12,1,0.0833333333333333,0.0,0.04460000000000003,0.6532000420374845,0.0,0.6998754362006482,0.29175344891151705,0.13955269728029923,0.0906,0.10311471021242975,0.30938010038429137,0.7388610399890672
comedy,Jules Kleitz,M,,,upper_middle_class,"
            
Jules :

            
« Güet, ze fange mir glich aan, denn weisch es wurd nit lang düüre ze steht sie schun
            do. »

          
",44,weber-yo-yo,25,3,0.12,0.0,0.04460000000000003,0.6018187179597945,0.0,0.7465924441479247,0.13070666666666667,0.16559934303380822,0.12079999999999999,0.13989159523103048,0.30938010038429137,0.8185319455633973
comedy,Dokter Robert Schmitt,M,,,,"
            
Robert :

            
« Also no bonne chance ! »

          
",44,weber-yo-yo,9,1,0.1111111111111111,0.0,0.7394759492651757,1.175566373634722,0.0,1.4366291422649162,0.13070666666666667,0.16559934303380822,0.12079999999999999,0.13989159523103048,0.17978010038429137,1.436146748234291
comedy,Jules Kleitz,M,,,upper_middle_class,"
            
Jules :

            
« Kumm geh grad durich de Garde, un druck mir de Dümme. »

          
",45,weber-yo-yo,17,4,0.2352941176470588,0.033600000000000005,0.7465259492651757,1.1581475131366878,0.0,1.3611278669848195,0.13070666666666667,0.0928611250166597,0.12079999999999999,0.10988355168526735,0.09874777335856862,1.349923373326361
comedy,Jules Kleitz,M,,,upper_middle_class,"
            
Jules :

            
« Ja, wie fang ich jetzt diss Theäterle aan ? Halt, ich glaub, ich setz mich am beschte nuff
            uff de Tisch. Do kummt sie nit so schnell züe mir 
            
(stellt einen Stuhl auf den Tisch, setzt sich auf diesen Stuhl und beginnt Yo-Yo zu
            spielen)
 Yo-Yo! Ja, jo, jo! So jetzt fehlt numme noch..... aha, ich glaub es kummt
            jemand. »

          
",46,weber-yo-yo,78,10,0.1282051282051282,0.04698583007092854,0.7506508562769256,1.124398540879822,0.00830335154510136,1.3287877834005903,0.13945518277212327,0.15263087460352462,0.1342755636799548,0.10478787031292261,0.057551957038289046,1.35262555985496
comedy,Henriette Fleischmann,F,,,,"
            
Henriette

            
(draussen) :

            
« Ja, wo steckt er denn ? »

          
",46,weber-yo-yo,14,1,0.0714285714285714,0.04698583007092854,0.7506508562769256,1.085733914048671,0.00830335154510136,1.255136673938676,0.04565518277212326,0.21003431239297682,0.043675563679954774,0.10478787031292261,0.057551957038289046,1.3047414031188134
comedy,Henriette Fleischmann,F,,,,"
            
Henriette

            
(kommt hinten herein — spielt während der ganzen Scene Yo-Yo):

            
« Wo isch denn minner Herr Schwejersohn, wo so Sache üwer mich saat ? 
            
(sieht J. auf dem Tisch).
 Ja was sinn denn diss anfangs füer Maniere ? »

          
",46,weber-yo-yo,47,3,0.0638297872340425,0.060479606914588445,0.7506508562769256,1.0860546947541425,0.0416826942636285,1.2757945795528283,0.039423023144351935,0.1839876666394679,0.01347556367995478,0.03834431862765522,0.11948525619380326,1.2862629553346205
comedy,Henriette Fleischmann,F,,,,"
            
Henriette :

            
« Müen denn Sie uff de Tisch für Yo-Yo ze spiele ? »

          
",47,weber-yo-yo,15,2,0.1333333333333333,0.060479606914588445,0.11277490701174997,0.5385979326699541,0.0416826942636285,0.5771864696148159,0.039423023144351935,0.2386876666394679,0.01347556367995478,0.07894431862765523,0.11948525619380326,0.6380552460489846
comedy,Henriette Fleischmann,F,,,,"
            
Henriette :

            
« Herr Kleitz, sie brüche nit mit Gewalt die Möwel kapütt ze mache, wo ich minere Doochter
            kauft hab, wo sie Sie g'hyrot het, verstehn Sie mich ? »

          
",48,weber-yo-yo,35,5,0.1428571428571428,0.07544665375291762,0.08112490701174997,0.6489186269454775,0.12662065236305156,0.6667677475175033,0.1504572777353928,0.2628876666394679,0.06883942954261459,0.10295075346426572,0.09058525619380328,0.7014237232152121
comedy,Jules Kleitz,M,,,upper_middle_class,"
            
Jules

            
(lacht) :

            
« Yo-Yo! »

          
",48,weber-yo-yo,9,1,0.1111111111111111,0.062060823681989084,0.05700000000000009,0.6917046155156623,0.1183173008179502,0.6271716556655409,0.13606876162993625,0.33123791705260297,0.0553638658626598,0.06460643483661051,0.06193329915551431,0.710775229513962
comedy,Henriette Fleischmann,F,,,,"
            
Henriette :

            
« Ja sinn Sie denn gebickt ? Mösjö Kleitz, mache Sie, dass Sie sofort do vun dem Stüehl un
            dem Tisch erunter kumme, sunscht hol ich Sie eijehändig erunter, sie Daadieb !! »

          
",48,weber-yo-yo,40,3,0.075,0.062060823681989084,0.21327255769017764,0.7899284197979357,0.1183173008179502,0.736651457884982,0.13606876162993625,0.3273689585263015,0.0553638658626598,0.06460643483661051,0.06193329915551431,0.8171609666296783
comedy,Henriette Fleischmann,F,,,,"
            
Henriette :

            
« Do hört doch alles uff ! So e Frechheit. » 
            
(Geht nahe an den Tisch heran).

          
",49,weber-yo-yo,23,1,0.0434782608695652,0.04856704683832918,0.21327255769017764,0.7236997625822225,0.08493795809942306,0.6628511813363964,0.11103425459104091,0.4176344792631507,0.0553638658626598,0.06460643483661051,8.881784197001253e-17,0.7656088451744691
comedy,Jules Kleitz,M,,,upper_middle_class,"
            
Jules :

            
« Yo-Yo ! 
            
(macht das Yo-Yo Henriette direckt vor der Nase herum tanzen).

            
(Lacht)
 « Yo-Yo! »

          
",49,weber-yo-yo,25,3,0.12,0.04856704683832918,0.15627255769017762,0.7993463877480043,0.08493795809942306,0.7277412587447407,0.11103425459104091,0.449267812596484,0.0553638658626598,0.0240064348366105,0.10751991989247227,0.8261914281519396
comedy,Henriette Fleischmann,F,,,,"
            
Henriette

            
(brüllt) :

            
« Herr... Kleitz !!! » 
            
(reisst das Yo-Yo Jules aus der Hand und geht vom Tisch weg).

          
",50,weber-yo-yo,28,2,0.0714285714285714,0.02024066526548986,0.15627255769017762,0.7326570831429409,0.05006901407779072,0.7285072391860368,0.07678423822294546,0.39926781259648403,0.044428779335435584,0.05478834385755412,0.10751991989247227,0.8386198546539362
comedy,Jules Kleitz,M,,,upper_middle_class,"
            
Jules :

            
« Ooooh!! » 
            
(holt ein anderes Yo-Yo aus der Tasche und spielt weiter)
: « Yo-Yo, isch wieder doooo
            ! Bravoooo ! 
            
(lacht)

          
",50,weber-yo-yo,32,2,0.0625,0.02024066526548986,0.15627255769017762,0.6900790295639048,0.05006901407779072,0.7348064114794159,0.07678423822294546,0.3242678125964841,0.044428779335435584,0.08448834385755413,0.10751991989247227,0.8079262564979887
comedy,Henriette Fleischmann,F,,,,"
            
Henriette

            
(sieht nun, dass Jules wieder ein Yo-Yo hat):

            
« Ja was isch denn diss? ? »

          
",50,weber-yo-yo,22,1,0.0454545454545454,0.02024066526548986,8.881784197001253e-17,0.5918552252816313,0.05006901407779072,0.6253266092599746,0.07678423822294546,0.3281367711227855,0.044428779335435584,0.08448834385755413,0.10751991989247227,0.7015405193822722
comedy,Henriette Fleischmann,F,,,,"
            
Henriette

            
(geht schnell an die Türe hinten).

          
",51,weber-yo-yo,10,1,0.1,0.02024066526548986,8.881784197001253e-17,0.6521606603188761,0.05006901407779072,0.6317276038204882,0.07678423822294546,0.21873677112278553,0.044428779335435584,0.17828834385755413,0.10751991989247227,0.7010311117241754
comedy,Jules Kleitz,M,,,upper_middle_class,"
            
Jules

            
(für sich) :

            
« Es schinnt ze zeje ! »

          
",51,weber-yo-yo,13,1,0.0769230769230769,0.02024066526548986,8.881784197001253e-17,0.7933176850924675,0.05006901407779072,0.7936266259543538,0.07678423822294546,0.1324034377894522,0.044428779335435584,0.17828834385755413,0.34923886679284266,0.830475061835829
comedy,Marie,F,domestic_worker,elementary_professions,lower_class,"
            
Marie

            
(draussen) :

            
« Ja Madame Fleischmann. »

          
",52,weber-yo-yo,11,2,0.1818181818181818,0.003,8.881784197001253e-17,0.7260414386414751,0.0219,0.6827341106655642,0.0,0.1611051566841783,0.0,0.12349999999999998,0.38363886679284265,0.7493272425288972
comedy,Henriette Fleischmann,F,,,,"
            
Henriette :

            
« Hole sie emol schnell minni Doochter do here. »

          
",52,weber-yo-yo,13,2,0.1538461538461538,0.003,8.881784197001253e-17,0.7196346517727532,0.0219,0.7049053548375286,0.0,0.1408051566841783,0.0,0.1407,0.38363886679284265,0.7689192534478332
comedy,Marie,F,domestic_worker,elementary_professions,lower_class,"
            
Marie :

            
« Ja Madame Fleischmann. »

          
",53,weber-yo-yo,8,2,0.25,0.006,8.881784197001253e-17,0.739491887155879,0.0438,0.7454285243039589,0.0,0.11210343778945217,0.0,0.1407,0.4180388667928427,0.802780955802312
comedy,Henriette Fleischmann,F,,,,"
            
Henriette

            
(kommt wieder nach vorn) :

            
« Un diss will e Mann sinn ? »

          
",53,weber-yo-yo,17,1,0.0588235294117647,0.006,8.881784197001253e-17,0.682163477903553,0.0438,0.7354151481024835,0.0,0.19970343778945215,0.0,0.0469,0.4180388667928427,0.7969685659812804
comedy,Germaine,F,,,,"
            
Germaine

            
(kommt aufgeregt hinten herein — ohne Hut — hat ein Taschentuch in der Hand — sie hat
            geweint) :

            
Was soll denn sin Maman ? »

          
",54,weber-yo-yo,29,1,0.0344827586206896,0.06339999999999998,8.881784197001253e-17,0.5024331451167668,0.0438,0.454858288473117,0.0,0.19970343778945215,0.0,0.0469,0.06880000000000008,0.5204925595895524
comedy,Germaine,F,,,,"
            
Germaine :

            
« Ja was isch denn diss ? »

          
",55,weber-yo-yo,10,1,0.1,0.060399999999999995,8.881784197001253e-17,0.4825759097336412,0.0219,0.41433511900668674,0.0,0.22840515668417827,0.0,0.0469,0.03440000000000008,0.4866308572350735
comedy,Henriette Fleischmann,F,,,,"
            
Henriette :

            
« Dim Mann isch e Rädel im Kopf luck worre. »

          
",56,weber-yo-yo,14,2,0.1428571428571428,0.060399999999999995,0.06800000000000009,0.47694926307385843,0.0219,0.40695851172086234,0.0,0.21750515668417822,0.0,0.0,0.03440000000000008,0.4361715457325207
comedy,Germaine,F,,,,"
            
Germaine

            
(am Tisch) :

            
« Ja Jules, was machsch denn do ? »

          
",56,weber-yo-yo,16,1,0.0625,0.05740000000000001,0.06800000000000009,0.45709202769073276,0.0,0.3664353422544321,0.0,0.24620687557890433,0.0,0.0,8.881784197001253e-17,0.4023098433780419
comedy,Henriette Fleischmann,F,,,,"
            
Henriette :

            
« Loss düe ne numme, er wurd schun wieder züe sich kumme. »

          
",57,weber-yo-yo,17,2,0.1176470588235294,0.19116712677434358,0.575660294328272,0.707705220163698,0.12897192804297894,0.5293564909214983,0.21852612199941301,0.15860687557890438,0.2184695838670682,0.12755511094257804,0.07890475950495053,0.561849579739989
comedy,Jules Kleitz,M,,,upper_middle_class,"
            
Jules

            
(lacht ganz laut) :

            
« Yo-Yo!! »

          
",57,weber-yo-yo,12,3,0.25,0.13376712677434358,0.575660294328272,0.6936520943501303,0.12897192804297894,0.6039845200271734,0.21852612199941301,0.24219929047513955,0.2184695838670682,0.12755511094257804,0.11637142617161719,0.6831601197049275
comedy,Jules Kleitz,M,,,upper_middle_class,"
            
Jules

            
(lacht und singt — holt aus seiner Tasche ein weiteres Yo-Yo und spielt nun mit
            beiden).

          
",58,weber-yo-yo,20,1,0.05,0.13376712677434358,0.575660294328272,0.812370955215116,0.12897192804297894,0.654437976715147,0.21852612199941301,0.33479585268568735,0.2184695838670682,0.12755511094257804,0.11637142617161719,0.787842659947887
comedy,Henriette Fleischmann,F,,,,"
            
Henriette :

            
« Ja was isch denn diss ? Die Yo-Yo sin jo alli mine. Do het sie also d'Katz doch nit verschleift,
            wie's immer g'heisse het. Miner Schwejersohn vergrifft sich also au noch an mim Eijetum ! Es kummt jo
            immer scheener do hinne ! ! ».

          
",58,weber-yo-yo,54,4,0.074074074074074,0.13376712677434358,0.528360294328272,0.8051252181015587,0.12897192804297894,0.686170277504578,0.21852612199941301,0.3287967121330504,0.2184695838670682,0.12755511094257804,0.24605349276721777,0.8443492241636017
comedy,Germaine,F,,,,"
            
Germaine :

            
« Maman, Maman er fallt ganz sicher noch erunter. Mir müen ne erunterhole. »

          
",59,weber-yo-yo,19,2,0.1052631578947368,0.13376712677434358,0.528360294328272,0.847791086756746,0.12897192804297894,0.8096927941407381,0.21852612199941301,0.36398189668795095,0.2184695838670682,0.12755511094257804,0.3132534927672178,0.9682343652051216
comedy,Henriette Fleischmann,F,,,,"
            
Henriette :

            
« Los düe numme, wenn sich sini Nerve berüehigt han, no kummt er schun ellein erunter. »

          
",59,weber-yo-yo,22,3,0.1363636363636363,0.04193333333333332,0.2739352406615782,0.8392476892088305,0.0422,0.880178948563351,0.01219999999999998,0.5993441635561905,0.03926613436457056,0.18413599054203164,0.38219796675828016,1.0372430088697977
comedy,Germaine,F,,,,"
            
Germaine :

            
« Jules, min liewer Jules, kumm düe doch do erunter. »

          
",60,weber-yo-yo,16,2,0.125,0.04193333333333332,0.396252408611712,0.8018600809209593,0.0422,0.8548321813343975,0.01219999999999998,0.5993027595964932,0.03926613436457056,0.18413599054203164,0.40799802688678255,1.0094046148453057
comedy,Henriette Fleischmann,F,,,,"
            
Henriette :

            
« Ja was isch denn diss mit dir Germaine ? Schämmsch düe dich nit so by'm e Mann anzehalte,
            wo nit wert isch, dass m'r numme e Finger wäje ihm rührt ! »

          
",60,weber-yo-yo,38,2,0.0526315789473684,0.04193333333333332,0.396252408611712,0.7034891633809259,0.0422,0.8509992621699298,0.01219999999999998,0.5218044784912192,0.03926613436457056,0.18413599054203164,0.40799802688678255,0.9441024459842617
comedy,Henriette Fleischmann,F,,,,"
            
Henriette :

            
« Blie stille! Er isch e Nixnutz, e Füllenzer. E Mann wie sinere lieb Schwejermame ihri Sache
            nimmt isch züe allem fähig. »

          
",61,weber-yo-yo,29,3,0.1034482758620689,0.04193333333333332,0.43996199763086336,0.6927656887336032,0.0422,0.8497673997721235,0.01219999999999998,0.6289184973082101,0.03926613436457056,0.18413599054203164,0.27831596029118194,0.9615670476102484
comedy,Henriette Fleischmann,F,,,,"
            
Henriette :

            
« Ich bin sicher er markiert numme. »

          
",62,weber-yo-yo,11,1,0.0909090909090909,0.04193333333333332,0.43996199763086336,0.6769334443986956,0.0422,0.8382391552029368,0.01219999999999998,0.6207298749638575,0.03926613436457056,0.18413599054203164,0.345515960291182,0.9384230253809314
comedy,Germaine,F,,,,"
            
Germaine :

            
« Un wenn's awer nit wohr wär Maman ? Wenn er awer krank wär ? »

          
",62,weber-yo-yo,19,2,0.1052631578947368,0.13603048717203112,0.18672675696928515,0.5786447869455346,0.26250589628905435,0.6169081313704696,0.26343913955556364,0.4181676080956179,0.2637210554395714,0.0,0.27656672679516914,0.6991605835782372
comedy,Henriette Fleischmann,F,,,,"
            
Henriette :

            
« Krank ? » 
            
(lacht).
 « Der un krank ? »

          
",62,weber-yo-yo,16,3,0.1875,0.3467612810544222,0.06440958901915135,0.8362669650384535,0.6691652935596306,0.6334539948055176,0.6715442649017014,0.3846165971590801,0.6722629090462636,0.0,0.21330000000000013,0.6775103606656065
comedy,Germaine,F,,,,"
            
Germaine :

            
« So ebs het er doch noch nie gemacht. »

          
",63,weber-yo-yo,13,1,0.0769230769230769,0.3467612810544222,0.06440958901915135,0.832037882578487,0.6691652935596306,0.6758869139699852,0.6715442649017014,0.312114878264354,0.6722629090462637,0.0,0.35870000000000013,0.7170125295266505
comedy,Henriette Fleischmann,F,,,,"
            
Henriette :

            
« Do isch e kalti Dusch d'allerbescht Medizin füer ihne 
            
(geht an die Türe — öffnet und ruft hinaus)
 Marie,bringe sie emol sofort e Eimer ganz
            kalts Wasser. ».

          
",63,weber-yo-yo,38,3,0.0789473684210526,0.3785612810544222,8.881784197001253e-17,0.8750262094790685,0.686898626892964,0.7421257511213508,0.6965442649017014,0.20079241489623514,0.6983295757129303,0.0,0.46388886618770153,0.7265634772403726
comedy,Henriette Fleischmann,F,,,,"
            
Henriette :

            
« Was bisch doch düe füer e dumms Kind ! Wenn düe au emol de dritt od'r de viert Mann hesch, no
            wursch düe au andersch mit ne. Die Männer müess m'r immer mit Gewalt in Zucht un Ordnung halte. So
            Plän wie er do macht derf m'r einfach nit uffkumme lonn. Merik düe dir diss, düe Gänsel ! »

          
",66,weber-yo-yo,67,9,0.1343283582089552,0.4149906557173738,0.07084546099082605,0.9344175909988273,0.7162384948675485,0.7539659075343729,0.728577983986521,0.16842658033499203,0.7303550068794336,0.03203519728179358,0.3847177013261032,0.7272325825218346
comedy,Marie,F,domestic_worker,elementary_professions,lower_class,"
            
Marie

            
(kommt mit einem Eimer hinten herein) :

            
So Madame Fleischmann ! 
            
(sieht Jules)
: Oh Jesses, d'r Herr!! »

          
",66,weber-yo-yo,27,3,0.1111111111111111,0.29445394538900255,0.07084546099082605,0.8938563290645508,0.5017119412970212,0.9063508676459214,0.49017335146985264,0.2719705193762489,0.4666339514398622,0.03203519728179358,0.3287510346594365,0.9296598620687775
comedy,Germaine,F,,,,"
            
Germaine :

            
« Marie, hole sie sofort e Dokter. »

          
",67,weber-yo-yo,12,1,0.0833333333333333,0.08372315150661143,0.07084546099082605,0.6364732054006522,0.09505254402644499,0.9419402437816305,0.0820682261237149,0.2219705193762489,0.058092097833169896,0.03203519728179358,0.4561400029897431,0.9355014892118201
comedy,Marie,F,domestic_worker,elementary_professions,lower_class,"
            
Marie :

            
« Ja der Herr Dokter Schmitt isch jo schun bym Herr g'sin. »

          
",68,weber-yo-yo,16,4,0.25,0.09979905211401977,0.07084546099082605,0.6936784442558659,0.13481924552898145,1.0009205388893956,0.11189325225061723,0.23632137882361196,0.058092097833169896,0.03203519728179358,0.3425872450723198,0.9675475623787593
comedy,Germaine,F,,,,"
            
Germaine :

            
« De Herr Dokter Schmitt ? »

          
",68,weber-yo-yo,9,2,0.2222222222222222,0.08823971737950961,0.07084546099082605,0.7124284782455983,0.16715492627343886,1.047635181058369,0.12444501280896025,0.20272896392737683,0.032025431166503235,0.03203519728179358,0.3010928630497717,1.0009213298008235
comedy,Marie,F,domestic_worker,elementary_professions,lower_class,"
            
Marie :

            
« Ja Madame. »

          
",69,weber-yo-yo,7,2,0.2857142857142857,0.0548103427165581,8.881784197001253e-17,0.6460607077886857,0.15971505829885432,0.9643239220448038,0.0924112937241407,0.179396517383346,0.0,0.0,0.28026402791136995,0.9333728080616371
comedy,Germaine,F,,,,"
            
Germaine :

            
« Sott er am End g'spiert han, dass er krank isch ? »

          
",69,weber-yo-yo,16,1,0.0625,0.3113775402169604,8.881784197001253e-17,0.8391625567335748,0.6367475081584357,0.8024110811602665,0.5942550657963726,0.04305257834208914,0.5274421108791428,0.0,0.25733069457803665,0.6919986441179308
comedy,Henriette Fleischmann,F,,,,"
            
Henriette :

            
« Plän vun Paris. Marie hälfe sie mir de Herr do runter hole. »

            
(Es klingelt.)

          
",69,weber-yo-yo,23,3,0.1304347826086956,0.32487131706062033,0.03800000000000007,0.9407858022323795,0.6701268508769629,0.9366040090647838,0.619289572835268,0.04305257834208914,0.5274421108791428,0.0,0.2700748159278361,0.8925597163842515
comedy,Henriette Fleischmann,F,,,,"
            
Henriette :

            
« Marie lüeje sie schnell, un lonn sie niemes do eriin. »

          
",70,weber-yo-yo,16,2,0.125,0.3970355012174456,0.21825154893459103,1.0129400660795773,0.7154370598018833,0.8999318277295674,0.7336162825900536,0.028701718894726103,0.6715565511284074,0.13104230067654482,0.290277452129359,0.8662923230672389
comedy,Marie,F,domestic_worker,elementary_professions,lower_class,"
            
Marie :

            
« Güet Madame. »

          
",70,weber-yo-yo,7,2,0.2857142857142857,0.37979483595195573,0.21825154893459103,0.949423481319756,0.6872680457240927,0.7762746767093244,0.6960645220317107,0.09647340641971566,0.6715565511284074,0.13104230067654482,0.2609829679642058,0.7962413905074874
comedy,Henriette Fleischmann,F,,,,"
            
Henriette :

            
« Madame Fleischmann heiss ich. »

          
",71,weber-yo-yo,9,2,0.2222222222222222,0.45169483595195575,0.21825154893459103,0.9924466727096863,0.6872680457240926,0.8159575247289071,0.6960645220317107,0.06777168752498955,0.6715565511284074,0.13104230067654482,0.2609829679642057,0.8082835378808728
comedy,Marie,F,domestic_worker,elementary_professions,lower_class,"
            
Marie :

            
« Ja Madame Fleischmann. » 
            
(hinten ab).

          
",71,weber-yo-yo,13,2,0.1538461538461538,0.18263386160789352,0.21825154893459103,0.6752862969604063,0.18415625314598402,0.7606912206641023,0.16918624292058343,0.09647340641971566,0.1441144402492646,0.13104230067654482,0.2953829679642057,0.8130454436443555
comedy,Germaine,F,,,,"
            
Germaine

            

            
(am Tisch:)
 « Jules, liewer Jules. Was hesch dü denn? Kumm doch do
            erunter. »

          
",72,weber-yo-yo,23,2,0.0869565217391304,0.16914008476423362,0.30256871688472486,0.5734239970325812,0.1507769104274569,0.5743630531888281,0.1441517358816881,0.18002441735625346,0.1441144402492646,0.13104230067654482,0.21851660507926868,0.6282929671476227
comedy,Henriette Fleischmann,F,,,,"
            
Henriette :

            
« Ich hol ne no schun erunter. Warte sie numme, sie min liewer Schwejersohn. »

          
",72,weber-yo-yo,20,3,0.15,0.0809,0.32521235172707447,0.5469564781013351,0.06570000000000001,0.6034878807635593,0.03250589589076592,0.27012509131394535,0.0,0.03411966377186776,0.31861129884227013,0.6830706761234138
comedy,Henriette Fleischmann,F,,,,"
            
Henriette :

            
« Ich glaub düe hielsch au noch! So einer wie der bekummsch düe immer noch. Ich süech dir
            emol sälwer einer, wenns e so witt isch. »

          
",73,weber-yo-yo,33,2,0.0606060606060606,0.0779,0.4266857618864597,0.5390537339390485,0.043800000000000006,0.600790645529276,0.04340589589076592,0.24974011641133503,0.0,0.03411966377186776,0.35584119143799253,0.6800947238708273
comedy,Marie,F,domestic_worker,elementary_professions,lower_class,"
            
Marie :

            
« Ei der Herr Dokter Schmitt isch noch emol kumme. »

          
",74,weber-yo-yo,14,3,0.2142857142857142,0.0164937768436599,0.5829583195766371,0.6361235493544856,0.05527934271852715,0.7683828665436613,0.06844040292966125,0.24974011641133503,0.0,0.03411966377186776,0.36390418088142806,0.8469847610759004
comedy,Germaine,F,,,,"
            
Germaine :

            
« Er soll glich eriinkumme. »

          
",75,weber-yo-yo,9,1,0.1111111111111111,0.0134937768436599,0.7095583195766372,0.6543092475294663,0.03337934271852715,0.791708919933612,0.06844040292966125,0.22103839751660895,0.0,0.03411966377186776,0.3295041808814281,0.8831840397972754
comedy,Marie,F,domestic_worker,elementary_professions,lower_class,"
            
Marie :

            
« Güet Madame. » 
            
(geht hinten ab).

          
",76,weber-yo-yo,13,2,0.1538461538461538,0.0164937768436599,0.5872411516265034,0.6502268481496511,0.055279342718527136,0.8048574058363076,0.06844040292966125,0.2052590741050607,0.0,0.03411966377186776,0.300637454086259,0.8878383234523468
comedy,Marie,F,domestic_worker,elementary_professions,lower_class,"
            
Marie

            
(macht die Türe auf und lässt Robert herein — kommt dann auch herein).

          
",77,weber-yo-yo,17,1,0.0588235294117647,0.0164937768436599,0.3843459678495628,0.7148673132457158,0.055279342718527136,0.9813571189674702,0.035934507038895336,0.1151584001473688,0.0,0.0,0.39925264171657465,0.9489185117709361
comedy,Germaine,F,,,,"
            
Germaine :

            
« Güet, dass sie kumme sinn Herr Dokter. Minner Mann... o Gott! »

          
",77,weber-yo-yo,19,6,0.3157894736842105,0.02324066526548984,0.4247175694906333,0.8331060723581849,0.0719690140777907,1.1599559881462782,0.049924944231492754,0.17670038941487917,0.0,0.0,0.4300697153993084,1.0903089076586725
comedy,Dokter Robert Schmitt,M,,,,"
            
Robert :

            
« Ich hab's doch vorhin schun gedenkt, wo ich do bin g'sinn. Ich bin dorum au noch emol
            kumme. »

          
",78,weber-yo-yo,26,1,0.0384615384615384,0.00974688842182994,0.7372626848709883,0.9372535109614137,0.03858967135926356,1.2255500979881624,0.02489043719259742,0.17670038941487917,0.0,0.0,0.3876067259558728,1.1958616365627823
comedy,Germaine,F,,,,"
            
Germaine :

            
« Gälle sie, er isch krank? »

          
",78,weber-yo-yo,11,1,0.0909090909090909,0.2818078627658922,0.6106626848709883,1.236228188535713,0.5636014639373721,1.2574903486630167,0.5517687163037246,0.17670038941487917,0.5274421108791428,0.0,0.3876067259558728,1.1549004520779245
comedy,Dokter Robert Schmitt,M,,,,"
            
Robert :

            
« Sicher e schlimmer Fall, Madame Kleitz. »

          
",79,weber-yo-yo,12,4,0.3333333333333333,0.28030786276589226,0.6356626848709883,1.2477214963262913,0.5526514639373721,1.235810173413296,0.5830187163037246,0.13002870188988963,0.5500921108791428,0.0,0.4040067259558728,1.106135111966386
comedy,Germaine,F,,,,"
            
Germaine :

            
« O Gott! » 
            
(setzt sich weinend auf das Canapé).

          
",79,weber-yo-yo,16,2,0.125,0.28030786276589226,0.8267888837370888,1.534627070350084,0.5526514639373721,1.3114304000178898,0.6201382673231739,0.3452431200345689,0.962259408386851,0.0,0.39689338094867105,1.1849449438737358
comedy,Dokter Robert Schmitt,M,,,,"
            
Robert :

            
« Kumm doch emol do erunter. »

          
",80,weber-yo-yo,10,1,0.1,0.27356097434406224,0.8115438719366331,1.4143991617765042,0.5359617925781086,1.1035959614502422,0.5952478301305766,0.2363144181446793,0.962259408386851,0.0,0.294446414670215,1.0003991750095391
comedy,Jules Kleitz,M,,,upper_middle_class,"
            
Jules :

            
« Ja ich kumm glich. Yo-Yo ! 
            
(geht vom Tisch herunter)
 Yo-Yo! »

          
",80,weber-yo-yo,19,2,0.1052631578947368,0.27356097434406224,0.4060261988661006,1.1675355032366121,0.5359617925781086,0.8199092270760049,0.5952478301305766,0.2650161370394054,0.962259408386851,0.0,0.294446414670215,0.7039701915185337
comedy,Dokter Robert Schmitt,M,,,,"
            
Robert

            
(zu Henriette) :

            
« Mir müen arich vorsichtig mit ihm sinn. »

          
",81,weber-yo-yo,16,1,0.0625,0.0015,0.8292980347880606,1.156931010297,0.01095,1.189378980496028,0.3219716531390031,0.2650161370394054,0.4348172975077082,0.0,0.7670649147244198,1.1781246545821191
comedy,Dokter Robert Schmitt,M,,,,"
            
Robert

            
(führt Jules an das Canapé — macht ihn sitzen):

            
« Bringe sie mir doch schnell e kalts Tüch füer um de Kopf. »

          
",81,weber-yo-yo,28,2,0.0714285714285714,0.0,0.8042980347880606,1.2419155671965867,0.0,1.3298354043939868,0.2907216531390031,0.2439161370394054,0.41216729750770825,0.0469,0.8416447945631281,1.279469529758591
comedy,Marie,F,domestic_worker,elementary_professions,lower_class,"
            
Marie

            
(holt schnell ein grosses Tuch).

          
",82,weber-yo-yo,9,1,0.1111111111111111,0.0,0.6131718359219601,0.8693829793428092,0.0,1.0404835178714642,0.25360210211955386,0.028701718894726103,0.0,0.1407,0.5979983798929132,1.0847137130488373
comedy,Dokter Robert Schmitt,M,,,,"
            
Robert

            
(fühlt in der Zwischenzeit den Puls von Jules) :

            
« De Puls isch ganz normal. »

          
",82,weber-yo-yo,20,1,0.05,0.0,0.48657183592196007,0.8934130478292438,0.0,1.1161230511407205,0.25360210211955386,0.12947896358343156,0.0,0.1407,0.5979983798929132,1.1879076116275908
comedy,Germaine,F,,,,"
            
Germaine :

            
« Isch's denn schlimm, Herr Dokter? »

          
",82,weber-yo-yo,12,3,0.25,0.2783137118679384,0.42327183592196016,1.1728384952418296,0.03337934271852714,1.3966698399409871,0.4834082650160928,0.10077724468870546,0.29498929471058866,0.1407,0.6404613693363487,1.3836109600267799
comedy,Germaine,F,,,,"
            
Germaine

            
(geht zu Robert):

            
« Was meine Sie, Herr Dokter ? »

          
",84,weber-yo-yo,16,3,0.1875,0.29180748871159834,1.7763568394002506e-16,0.9338879629374917,0.06675868543705428,1.1088024633679479,0.2548406699354343,0.10077724468870546,0.29498929471058866,0.1407,0.2587725253922461,1.015626657269086
comedy,Henriette Fleischmann,F,,,,"
            
Henriette

            
(zu Robert):

            
« Wurd er nimmi güet ? »

          
",85,weber-yo-yo,13,1,0.0769230769230769,0.29180748871159834,1.7763568394002506e-16,0.8420555656081327,0.06675868543705428,1.0003239083460622,0.2548406699354343,0.23632061973868454,0.29498929471058866,0.0938,0.13339264555353783,0.9852903074163258
comedy,Dokter Robert Schmitt,M,,,,"
            
Robert :

            
« Unter Umstände kann der Züstand lang anhalte. »

          
",85,weber-yo-yo,12,2,0.1666666666666666,0.31960748871159833,1.7763568394002506e-16,0.7659154929212166,0.06675868543705428,0.9436936107298763,0.33294066993543436,0.23632061973868454,0.3730892947105887,0.0,0.13339264555353783,0.9337381790994754
comedy,Henriette Fleischmann,F,,,,"
            
Henriette :

            
« No müesch düe dich ewe scheide lonn. Düe kannsch nit din ganze Läwe bym e Narr
            sinn. »

          
",85,weber-yo-yo,23,4,0.1739130434782608,0.4720323091193256,0.16234049855463822,0.9474139857978351,0.20234604760931085,0.9986258744490624,0.5014060307848629,0.2134931104449652,0.5027929757118849,0.04207115033827242,0.23774158045192442,0.9710099778807052
comedy,Dokter Robert Schmitt,M,,,,"
            
Robert :

            
« Hett er sich denn in de letschte Zyt viel uffgerejt ? »

          
",86,weber-yo-yo,15,1,0.0666666666666666,0.2511185972513872,0.16234049855463822,0.7506375877417307,0.16896670489078372,0.7172877564605464,0.2715998678883239,0.2134931104449652,0.2078036810012962,0.04207115033827242,0.19527859100848888,0.7452291574610864
comedy,Germaine,F,,,,"
            
Germaine :

            
« Ja manichmol. »

          
",86,weber-yo-yo,7,1,0.1428571428571428,0.23762482040772728,0.16234049855463822,0.6631750018532749,0.1355873621722566,0.5398959060823276,0.24656536084942857,0.2708965482344174,0.2078036810012962,0.04207115033827242,0.10434893489838667,0.6099592005641991
comedy,Henriette Fleischmann,F,,,,"
            
Henriette :

            
« Wie kannsch düe numme so dumm babble. Ich hab mich mit ihm als uffreje müen. Er isch ewe krank.
            Wenn ich nit immer nochgänn hät, ze wär jo nie in dem Hüss Friede g'sinn. »

          
",87,weber-yo-yo,43,4,0.0930232558139534,0.3056400639937428,0.21173823474258527,0.7229772819796413,0.26684031031678374,0.5408645093204723,0.37828493062721036,0.25527316398503713,0.3396642087210819,0.04207115033827242,0.1735057655615126,0.5947237242094053
comedy,Dokter Robert Schmitt,M,,,,"
            
Robert :

            
« Um so besser. Ich mach ihne jetzt folgender Vorschlaa. Ich hab doch noch e 
            
Commission un geh no glich bym'e Spezialischt füer Nerve durich. Ich bring ne glich mit.
            Sott sich de Züstand nit bal bessere no mien mir ne in d'Nerveklinik mache. Ich will uff alli Fäll au
            s'Auto b'stelle. »

          
",87,weber-yo-yo,63,5,0.0793650793650793,0.2986400639937429,0.2551782347425853,0.779045080429845,0.28028031031678374,0.598568402554751,0.3058249306272104,0.2771531639850372,0.26156420872108194,0.04207115033827242,0.21771152018397869,0.6291600441339946
comedy,Henriette Fleischmann,F,,,,"
            
Henriette :

            
« Zäll wurd üwerhaupt s'beschte sinn. »

          
",88,weber-yo-yo,11,1,0.0909090909090909,0.14621524358601556,0.09283773618794722,0.8096000573986892,0.14469294814452716,0.665454108726249,0.5746376551521222,0.1992034285900511,0.1318605277197857,0.0,0.1133625852855921,0.6565682143131536
comedy,Henriette Fleischmann,F,,,,"
            
Henriette :

            
« So hesch düe müen niinfalle ! Hesch e Mann un doch keiner. S'bescht wär, wenn er bal sterwe
            dät. »

          
",88,weber-yo-yo,27,2,0.074074074074074,0.08881524358601556,0.23385974111021116,0.9165077102200485,0.14469294814452716,0.887493097548932,0.5746376551521222,0.4074789865697491,0.1318605277197857,0.0,0.2450633063004143,0.882122060920611
comedy,Henriette Fleischmann,F,,,,"
            
Henriette :

            
« Ja, was witt düe denn mit-eme Mann wo narrisch isch ? »

          
",89,weber-yo-yo,16,3,0.1875,0.08881524358601556,0.23385974111021116,1.1226093012277374,0.14469294814452716,1.0167809393066873,0.7181671982805251,0.3984100280434477,0.1318605277197857,0.0,0.2450633063004143,1.0065697511491436
comedy,Germaine,F,,,,"
            
Germaine :

            
« Viellicht wurd er doch wieder guet. »

          
",89,weber-yo-yo,11,2,0.1818181818181818,0.0208,0.1844620049222641,1.0460699315926631,0.013439999999999999,0.9859589445950467,0.5864476285027433,0.3462617247678384,0.0,0.0445,0.1759064756372884,0.9842482201245589
comedy,Henriette Fleischmann,F,,,,"
            
Henriette :

            
« So Kranki wäre nie wieder ganz guet. 
            
(geht nach hinten)
 Ich hab weijer diss Johr kein scheeni Ferie by dir. » 
            
(hinten ab).

          
",90,weber-yo-yo,33,5,0.1515151515151515,0.013320000000000002,0.23262303717696015,1.04820259512547,0.02570437415362814,1.0034512206307376,0.606603385114586,0.46222694233311046,0.025823361596968096,0.0445,0.1491408996656844,1.0588268180558202
comedy,Germaine,F,,,,"
            
Germaine

            
(geht zu Jules — setzt sich neben ihn) :

            
« Jules min liewer Jules! Un ich hab vorhin au noch wäje de Maman mit dir so dischpetiert ! Was
            isch doch e Mensch ? Eini Minüd isch m-r g'sund un lacht un glich druff kann m'r schwer krank sinn.
            Wie wurd die Krankheit üssgehn. »

            
(nimmt Jules in ihre Arme).

          
",90,weber-yo-yo,69,7,0.1014492753623188,0.0828443344143449,0.24948508516271267,0.9321901281740734,0.12025159226924502,0.8802343857662931,0.2929706826927925,0.5075272311721213,0.1611240592884398,0.0445,0.18841710732144698,0.9268188335236086
comedy,Germaine,F,,,,"
            
Germaine :

            
Un ich hab dich doch so arich gern g'het. 
            
(küsst Jules)
 Min liewer Jules ! 
            
(küsst Jules).

          
",91,weber-yo-yo,25,2,0.08,0.0828443344143449,0.2629617589506547,0.8390895847075518,0.12025159226924502,0.8007543139936588,0.2929706826927925,0.519169228217106,0.1611240592884398,0.09909647743199954,0.2739693821421816,0.9361473449346246
comedy,Germaine,F,,,,"
            
Germaine :

            
« Er het mir e Schmutz gänn. Isch am End die Krankheit doch nit so schimm wie de Dokter meint
            ? Jules! 
            
(küsst Jules wieder auf den Mund). »

          
",91,weber-yo-yo,36,4,0.1111111111111111,0.09989433441434489,0.31921175895065473,0.6963040375911002,0.1544562758270474,0.7556018691124874,0.18105711110891537,0.5013347489539552,0.1975174959228548,0.11469647743199954,0.33031472370084675,0.8616617075491819
comedy,Jules Kleitz,M,,,upper_middle_class,"
            
Jules :

            
« Ja. » 
            
(macht das Tuch vom Kopfe weg).

          
",93,weber-yo-yo,15,3,0.2,0.09989433441434489,0.31921175895065473,0.7276512614661397,0.1544562758270474,0.7905288343154898,0.20721209621865033,0.45269754069211643,0.22713668214647856,0.10672204000370229,0.4139013102599856,0.8470112152101874
comedy,Germaine,F,,,,"
            
Germaine :

            
« Loss, Jules, loss. »

          
",93,weber-yo-yo,10,2,0.2,0.5517206812627766,1.177783765680624,1.2386472246828117,0.5772239786463447,1.0400977917872267,0.9412938206448278,0.3148523231268443,0.9609942024203659,0.5502674409367392,0.670835423094027,1.0227555255681073
comedy,Germaine,F,,,,"
            
Germaine :

            
« loss diss Tuech Jules. »

          
",94,weber-yo-yo,9,1,0.1111111111111111,0.7497306003971189,1.707424633280883,1.402628586252668,0.7406206166166855,1.1053779946415143,1.2547006816911073,0.2695520342878335,1.2626326724630306,0.8053776628218954,0.7893687344481652,1.1013087202836016
comedy,Germaine,F,,,,"
            
Germaine :

            
« Doch Jules, min liewer Jules. »

          
",95,weber-yo-yo,11,1,0.0909090909090909,0.7497306003971189,1.6709602904709446,1.3513550357996043,0.7406206166166855,1.0308846581886144,1.2547006816911073,0.2167365011362264,1.2626326724630306,0.7507811853898957,0.6986491922029465,1.0013755497795507
comedy,Jules Kleitz,M,,,upper_middle_class,"
            
Jules :

            
« Min liebs Germaine, min herzigs Kind. »

          
",95,weber-yo-yo,12,1,0.0833333333333333,0.7326806003971189,1.777816341519196,1.3850820193877174,0.7064159330588831,1.034548392181206,1.2230847101465812,0.3387439900850385,1.2262392358286156,0.7351811853898959,0.6423038506442813,1.1453530255164113
comedy,Jules Kleitz,M,,,upper_middle_class,"
            
Jules :

            
« Mir zwei han uns doch gern ? »

          
",96,weber-yo-yo,11,1,0.0909090909090909,0.7326806003971189,1.9687793630393409,1.4864302109497345,0.7064159330588831,1.1737996305488778,1.1969297250368462,0.5923425989981776,1.196620049604992,0.8078485776821921,0.8666898021659181,1.4120064389496174
comedy,Jules Kleitz,M,,,upper_middle_class,"
            
Jules

            
(sitzt aufrecht) :

            
« Ja Germaine, es isch besser, wenn sie widder geht. Düe wursch doch jetzt au iinsehn wie mich
            dinni Maman liede kann. Hesch düe nit g'hört, was sie alles üwer mich g'saat het ? »

          
",97,weber-yo-yo,46,2,0.0434782608695652,0.26753425354868715,1.0186063240546752,0.9264069026377404,0.2579438560859578,0.8492112463786097,0.43705224399882614,0.6210443178929038,0.4369391677341364,0.36430317674915513,0.6501155106810146,1.132134537797689
comedy,Germaine,F,,,,"
            
Germaine :

            
« Ja bisch dûe denn nit krank ? »

          
",97,weber-yo-yo,11,2,0.1818181818181818,0.13603048717203112,0.47210340846866394,0.7763952307499262,0.26250589628905424,0.6981738840583532,0.2634391395555637,0.6497460367876299,0.2637210554395714,0.10919295486399908,0.4923059916711138,0.9884300936786785
comedy,Jules Kleitz,M,,,upper_middle_class,"
            
Jules :

            
« Jetzt, wo ich weiss, dass düe endlich fescht züe mir haltsch, hab ich kein Angscht meh. Los düe
            sie numme kumme ! Ich saa ihre no schun emol mini Meinung. » 
            
(Beide küssen sich lange.)

          
",98,weber-yo-yo,46,8,0.1739130434782608,0.13603048717203112,0.601900806755562,0.9163735183536147,0.26563089628905423,0.8479724238629203,0.29407158789997684,0.6066453583750253,0.2750460554395714,0.20194179383542968,0.44618863415259985,1.111333458293466
comedy,Henriette Fleischmann,F,,,,"
            
Henriette

            
(von hinten — hat Hut auf — ist fertig zum Ausgehen — sieht wie sich Germaine und Jules so
            lange küssen — erstaunt) :

            
Ja was isch denn mit euch zwei do los ? »

          
",99,weber-yo-yo,38,4,0.1052631578947368,0.13603048717203112,0.7028877953728399,1.0880842532381692,0.26563089628905423,1.0686755000613162,0.31752158789997686,0.7086414157945183,0.29769605543957145,0.3725894717782909,0.5570755592746095,1.2495326326682221
comedy,Henriette Fleischmann,F,,,,"
            
Henriette :

            
« Ich will mit inne no in d'Nerveklinik fahre, wenn de Dokter mit-m Auto kummt. »

          
",99,weber-yo-yo,21,1,0.0476190476190476,0.13603048717203112,0.5119247738526955,0.9718019137578497,0.26563089628905423,0.9530397480058463,0.31752158789997686,0.4359083276182284,0.29769605543957145,0.26339651691429183,0.37649198952414054,0.9923806543165565
comedy,Jules Kleitz,M,,,upper_middle_class,"
            
Jules :

            
« Zäll wurd nit notwendig sin, denn ich bin jo gar nit krank. »

          
",100,weber-yo-yo,18,2,0.1111111111111111,0.27206097434406223,0.5119247738526955,1.2445291706388286,0.5281367925781086,1.0825679541157396,0.7995997701427107,0.40720660872350223,0.5614171108791428,0.26339651691429183,0.3186919895241406,1.0748767873978131
comedy,Jules Kleitz,M,,,upper_middle_class,"
            
Jules :

            
« Werum denn, Madame Fleischmann ? »

          
",100,weber-yo-yo,10,1,0.1,0.14203048717203112,0.5119247738526955,1.1157348358388772,0.3094308962890543,1.1157195562829822,0.536160630587147,0.37850488982877617,0.29769605543957145,0.26339651691429183,0.38749198952414055,1.1280502938112729
comedy,Henriette Fleischmann,F,,,,"
            
Henriette :

            
« Düe losch dich scheide Germaine. De Dokter isch dir Zeje, dass er krank isch. So simeliere kann
            kein Mensch. »

          
",101,weber-yo-yo,27,3,0.1111111111111111,0.23271747862005182,0.26409303966552977,1.1351107202129023,0.4813098271484238,1.0474716191573612,0.6811542752797763,0.25450354636830513,0.46218509239928574,0.17064767794286123,0.465951838493366,1.0006641392913864
comedy,Germaine,F,,,,"
            
Germaine :

            
« Nein Maman, diss niemols, ich hab de Jules viel ze gern un er mich jo au. »

          
",101,weber-yo-yo,23,1,0.0434782608695652,0.23271747862005182,0.19096302152014466,1.0313206892652098,0.4813098271484238,0.9849359503725348,0.6577042752797763,0.27273308817629,0.4395350923992858,0.10919295486399908,0.663037451452132,0.995181125184817
comedy,Jules Kleitz,M,,,upper_middle_class,"
            
Jules :

            
« Mit dem Dokter als Zeje han sie kein Chance, liewi Schwejermamme. Er isch minner Frind un
            het alles gewüsst. Sie könne hyt noch lang warte, bis er mit'm Auto kummt. »

          
",101,weber-yo-yo,40,7,0.175,0.23271747862005182,0.39869026903971194,1.1935390713355098,0.4813098271484238,1.1351730565240636,0.6850353735186759,0.3270484155912689,0.4524779495421429,0.12381566790908524,0.7095965698858916,1.1936883013780668
comedy,Henriette Fleischmann,F,,,,"
            
Henriette :

            
« Die ganz Affaire glicht jo ihne emol widder, Mösjö Kleitz. »

          
",102,weber-yo-yo,16,1,0.0625,0.09668699144802073,0.39869026903971194,0.9482525873416231,0.21880393085936944,1.0938947154157774,0.2029571912759421,0.4278256602799743,0.18875689410257143,0.12381566790908524,0.7095965698858916,1.220313000237793
comedy,Henriette Fleischmann,F,,,,"
            
Henriette

            
« Ja was soll's denn jetzt noch gänn ? »

          
",102,weber-yo-yo,12,2,0.1666666666666666,0.09068699144802073,0.44009026903971193,0.921218487016142,0.17500393085936944,1.05990704115512,0.2029571912759421,0.45652737917470054,0.18875689410257143,0.12381566790908524,0.6897927688380687,1.1768464169582589
comedy,Jules Kleitz,M,,,upper_middle_class,"
            
Jules :

            
« Ein Moment, chère Madame Fleischmann. »

          
",103,weber-yo-yo,11,1,0.0909090909090909,0.006,0.44009026903971193,0.7391621552945946,0.04379999999999991,0.9624229120320897,0.02733109823889975,0.45652737917470054,0.01294285714285714,0.12381566790908524,0.5997168237970188,1.1222632637322802
comedy,Marie,F,domestic_worker,elementary_professions,lower_class,"
            
Marie

            
(kommt hinten herein) :

            
« Was beliebt Mösjö ? Sinn sie nimmi krank ? »

          
",103,weber-yo-yo,18,2,0.1111111111111111,0.14203048717203112,0.31322724751956743,0.7713494172050313,0.30630589628905425,0.8133407901938451,0.29077023779446337,0.2696942909984105,0.27666391258242856,0.01462271304508618,0.29174428571624333,0.874350133242018
comedy,Marie,F,domestic_worker,elementary_professions,lower_class,"
            
Marie :

            
« Gott sej Dank. »

          
",104,weber-yo-yo,8,2,0.25,0.14203048717203112,0.29662619886610064,0.759224046852897,0.30630589628905425,0.9008024983072701,0.30055869057501294,0.4737456916147666,0.2637210554395714,0.0,0.361442613622392,0.9322085541685666
comedy,Jules Kleitz,M,,,upper_middle_class,"
            
Jules :

            
« Also Marie, sie packe jetzt sofort alli Köffer vun de Madame Fleischmann. Sie will bis in
            10 Minüde verreise. »

          
",104,weber-yo-yo,26,2,0.0769230769230769,0.14503048717203113,0.44272130999922477,0.8434772634914403,0.3282058962890543,0.926247883759223,0.30055869057501294,0.3729684469260611,0.3320935674498735,0.0,0.3958426136223919,0.9150798849510469
comedy,Marie,F,domestic_worker,elementary_professions,lower_class,"
            
Marie :

            
« Mitem gröschte Vergnüeje. In fünef Minüde bin ich schun ferti. »

          
",104,weber-yo-yo,16,2,0.125,0.14503048717203113,0.4568213099992248,0.9125746356694429,0.34460589628905425,0.9833165800775013,0.30055869057501294,0.4272182179427196,0.3320935674498735,0.0875,0.38514641467021493,0.9865678050106226
comedy,Jules Kleitz,M,,,upper_middle_class,"
            
Jules :

            
« Je schneller, je liewer. 
            
(holt aus seiner Tasche einige Yo-Yo).
 Un die do packe sie au mit ihn. »

          
",105,weber-yo-yo,28,2,0.0714285714285714,0.13903048717203112,0.5158384779493586,0.9530806281093491,0.30080589628905424,1.002387399457357,0.30055869057501294,0.5107692288792574,0.3320935674498735,0.1344,0.379613141465384,1.0245256405141134
comedy,Jules Kleitz,M,,,upper_middle_class,"
            
Jules :

            
« Ja, ja. Diss sinn de chère Madame Fleischmann ihri Yo-Yo!! »

          
",105,weber-yo-yo,18,3,0.1666666666666666,0.005,0.4517384779493586,0.8872267155948859,0.05289999999999991,1.013311529428632,0.037119551019449346,0.5973861106723015,0.06837251201030208,0.1344,0.4025464747987173,1.1033398686473415
