"Unnamed..0","drama_type","speaker","sex","job","job_category","social_class","text","progress","short_name","numTokens","numLexTokens","lexRatio","anger","anticipation","arousal","disgust","dominance","fear","joy","sadness","surprise","trust","valence"
0,"comedy","Jacques","M","","","","
          
Jacques:

          
Jaja, Madam. — 's isch guet, Madam! — 's wurd bsorjt, Madam!

          
(zum Publikum):

          
Wenn unseri Madam bekumme däet was ich ere wünsch, no müeßt se emol vor alle Dinge jede Daa e Kilo
          zünämme, bis se am e schöene Daa v'rknelle däet wie e gebrooteni Bluetwurscht. Die Hawwergais, die
          Häriseel, die Linsespaltere und Pfennifuchsere, die — — die gifti Krott, die miserawel! — Pardon! —
          Wenn ich mich v'rzürne wott, ze däet ich ere noch ebs ganz anderschs v'rzähle! Aw'r naan, ich will mir
          mini Ruehj reserviere. Nit daß ich mir wäeje Dere 's Läwe süür mach! — 's falt m'r in! — So ebs daet
          ere jo basse! — Denn uff dies geht se üs, Daa fer Daa. kann ich ebs d'rfür, daß ich numme valet de
          chambre bin?! - kann sie ebs d'rfür, daß sie Madam isch worre?! — Worum isch's nit umgekehrt?! — Worum
          ich sie nit valet de chambre und ich d'Madam?!-

          
(Es klingelt.)

          
Aha! — Sie schellt wid'r emol e Düür, unseri Madam ! — Die lebt jo nit ruehji, wenn se merkt, daß
          Unseraans emol e bissel schnüüfe köent.

          
(Es klingelt.)(wü-

        
",0,"riff-s-paradies",202,19,0.0940594059405941,0.615389322256432,-0.461363607461159,-0.0395875260174772,0.421850397470101,-1,1,-1,0.468074790391418,0.531821540923779,-0.84516913894679,-1
1,"comedy","Marie","F","lady’s_maid","elementary_professions","lower_class","
          
Marie

          
(bedauernd):

          
Oh, dies schöene Rösele. Gescht noch so nätt geblüejt, und hyt schun welk! — 
          
(seufzt tief auf.)
 — O ja, so isch's halt emol uff d'r Welt! — So geht's mit de Rose — so
          geht's mit de Maidle. M'r blüehjt — m'r wurd umschwärmt — m'r v'rwelkt — un wurd gemiede! 
          
(Starkes Geklirr hinter der Bühne.)

        
",1,"riff-s-paradies",68,8,0.117647058823529,0.615389322256432,-0.461363607461159,-0.0395875260174772,0.421850397470101,-1,1,-1,0.468074790391418,0.531821540923779,-0.84516913894679,-1
2,"comedy","Marie","F","lady’s_maid","elementary_professions","lower_class","
          
Marie

          
(erschrickt):

          
Uh! Do gitt's Schärwe?!

        
",2,"riff-s-paradies",9,2,0.222222222222222,0.594131170262292,-0.468027398212028,-0.0403163353125536,0.400152957628414,-0.970568090358576,0.964950826208216,-0.980952432849383,0.443186950168322,0.538121474001659,-0.857540481701518,-0.978669321025958
3,"comedy","Jacques","M","","","","
          
Jacques

          

          
(hinter der Scene):
 E Millonezunderschtzewwerst soll d'rzwische nin bängle, aans vun unte
          un aans vun owwe — wenn's will!!!

        
",3,"riff-s-paradies",24,1,0.0416666666666667,0.594131170262292,-0.468027398212028,-0.0403163353125536,0.400152957628414,-0.970568090358576,0.964950826208216,-0.980952432849383,0.443186950168322,0.538121474001659,-0.857540481701518,-0.978669321025958
4,"comedy","Marie","F","lady’s_maid","elementary_professions","lower_class","
          
Marie

          
(lachend):

          
Aha, 'skracht in d'r Kiche, no wurd's au bal rauche! 
          
(Es klingelt.)

        
",4,"riff-s-paradies",19,1,0.0526315789473684,0.553055927996093,-0.480615108252466,-0.0422847075731264,0.358525231507797,-0.913400773418961,0.897524067799338,-0.944275177228228,0.395941137103785,0.549744908150478,-0.880514428040552,-0.93671333714799
5,"comedy","Marie","F","lady’s_maid","elementary_professions","lower_class","
          
Marie

          
(lachend):

          
Hoppla! — Was hawich nit gsaat? — 's raucht schun! 
          
(Es klingelt.)

        
",5,"riff-s-paradies",18,1,0.0555555555555556,0.553055927996093,-0.480615108252466,-0.0422847075731264,0.358525231507797,-0.913400773418961,0.897524067799338,-0.944275177228228,0.395941137103785,0.549744908150478,-0.880514428040552,-0.93671333714799
6,"comedy","Jacques","M","","","","
          
Jacques

          
(hinter der Scene.:

          
Jo riß d'Schell vun d'r Wand erab, alter Nißkraawe! 
          
(Kommt hastig von rechts.)

        
",6,"riff-s-paradies",21,1,0.0476190476190476,0.494919127382266,-0.497718913822887,-0.0464628471513333,0.300350388730894,-0.83177752533798,0.802848939385277,-0.892686970412509,0.331176050614542,0.564821313359291,-0.91071259703404,-0.875510742727468
7,"comedy","Marie","F","lady’s_maid","elementary_professions","lower_class","
          
Marie

          
(lachend):

          
Oho, Jacques, so böes gelüünt?

        
",7,"riff-s-paradies",9,2,0.222222222222222,0.494919127382266,-0.497718913822887,-0.0464628471513333,0.300350388730894,-0.83177752533798,0.802848939385277,-0.892686970412509,0.331176050614542,0.564821313359291,-0.91071259703404,-0.875510742727468
8,"comedy","Jacques","M","","","","
          
Jacques

          
(wütend):

          
Wenn ich nin kumm, ze riß ich ere diesmol d'Barriek vum Schäddel, daß se au emol weiß, was schelle
          heißt! 
          
(eilt erregt nach links ab.)

        
",8,"riff-s-paradies",32,4,0.125,0.423548712529326,-0.517400489091771,-0.0541820122197118,0.230337840720775,-0.730341597728553,0.68810135307728,-0.829982950331977,0.255615382770148,0.580744266241132,-0.943451909978868,-0.797051081596843
9,"comedy","Marie","F","lady’s_maid","elementary_professions","lower_class","
          
Marie

          
(lachend):

          
's isch nit halwer eso schlimm. Wenn'r nin kummt, no isch wied'r d'Madam hinte un d'Madam vorne. —
          Ja, d'r Jacques! — Hahaha! Er isch e Dschori! — E guetmuethiger Dschorit -E aanfältiger Dschori! — Er
          het's grad wie die Hund, wie erscht's Herz han ze belle, wenn sie innewendi hinterem guet v'rrejelte
          Hofdärel stehn! — Haha! — Mit so eme Mann wär guet läewe. — So aaner dhät sich zehje loon, so wie m'r
          'ne gern hätt. — Alt genuej zum hyroothe wär 'r juschtemend, un ich glaab küm, daß ich's 'm abschlaawe
          dhäet! — Er het e paar Fränkle uff d'r SparkaB, ich hab min Gedüech un e Bettlad — brücht m'r sunscht
          noch vielerlei mehr fer de Anfang? — Was noch fehlt, schafft m'r sich so v'rplämpelterwies an. — E
          Hauptbedingung isch numme: m'r mueß z'halb Zweit sin zem hyroothe, un — — — ım'r mueß enander welle. — 
          
(setzt sich auf die Bank.)
 — M'r mueß enander welle?! — 
          
(seufzt tief auf.)
 — Wie wenn ich de Jacques nit wott?! — O Gott, o Gott, o Gott! 
          
(Jacques tritt unbemerkt von links ein.)

        
",9,"riff-s-paradies",204,20,0.0980392156862745,0.423548712529326,-0.517400489091771,-0.0541820122197118,0.230337840720775,-0.730341597728553,0.68810135307728,-0.829982950331977,0.255615382770148,0.580744266241132,-0.943451909978868,-0.797051081596843
12,"comedy","Marie","F","lady’s_maid","elementary_professions","lower_class","
          
Marie

          
(springt mit einem erschreckten Aufschrei in die Hôhe.)

          
Aw'r Jacques, wie kann m'r numme eso schliche?!

        
",12,"riff-s-paradies",19,3,0.157894736842105,0.34350881855792,-0.537381750534437,-0.0669971114989388,0.154118821746183,-0.614790313686243,0.561928680820242,-0.760721149515612,0.177276164275758,0.594393097557296,-0.973169962119782,-0.703845045917165
13,"comedy","Jacques","M","","","","
          
Jacques

          
(erstaunt):

          
Schliehe? — Un d'rbie saat d'Madam alle gelte zue m'r: ich däet dappe wie e Elephant?!

        
",13,"riff-s-paradies",22,3,0.136363636363636,0.34350881855792,-0.537381750534437,-0.0669971114989388,0.154118821746183,-0.614790313686243,0.561928680820242,-0.760721149515612,0.177276164275758,0.594393097557296,-0.973169962119782,-0.703845045917165
14,"comedy","Marie","F","lady’s_maid","elementary_professions","lower_class","
          
Marie

          
(lachend):

          
Die het jo ihrer Läwe noch gar kaan Elephant gsehne! — Sie renomiert halt gern mit ihre
          astronomische Kenntnisse.

        
",14,"riff-s-paradies",23,4,0.173913043478261,0.259699054096427,-0.555271844007704,-0.0865216246440347,0.0777608702979098,-0.491496261108913,0.433755933432331,-0.689845650937269,0.104758214961098,0.60240055016488,-0.99393531300127,-0.598812112535967
15,"comedy","Jacques","M","","","","
          
Jacques:

          
Aw'r numme fer mir 's Läwe süür ze mache. — Sie kann mich halt nit schmecke. — Ich sie aw'r au
          nit!

        
",15,"riff-s-paradies",23,4,0.173913043478261,0.259699054096427,-0.555271844007704,-0.0865216246440347,0.0777608702979098,-0.491496261108913,0.433755933432331,-0.689845650937269,0.104758214961098,0.60240055016488,-0.99393531300127,-0.598812112535967
16,"comedy","Marie","F","lady’s_maid","elementary_professions","lower_class","
          
Marie:

          
Rej Dich doch nit uff, Jacques. — Het se 's mit mir nit 's nämli? Dhuet se mich nit au d'halb Zyt
          ärjere un küjoniere, daß ich grüen un gääl könnt wäre vor Pläsier? — M'r mueß aw'r allewiel bedenke:
          wenn d'r Mensch ins Alter kummt, no wurd'r wunderli. — Unseri Madam — — —

        
",16,"riff-s-paradies",57,6,0.105263157894737,0.176924785430461,-0.568809952726041,-0.11424852785123,0.00724159615943876,-0.367085520746022,0.313028537456612,-0.622277355600208,0.0464735909333625,0.601445356431146,-1,-0.485151223795111
20,"comedy","Marie","F","lady’s_maid","elementary_professions","lower_class","
          
Marie:

          
Geh, schäm Dich doch e bissel, Jacqes! Ich hab ewwe numme welle saawe: unseri Madam het ihri Lüüne
          zyttwies un randswies, wie dies ewwe 's Alter eso mit sich bringt. — Wenn se aw'r d'rnoo ihri
          ""Rootschläej"" uff uns los renne loßt, no loon mir se ewwe ze aam Ohreläppel nin un zem andere wied'r
          nüs schnärre. — Schmerzlos!

        
",20,"riff-s-paradies",61,7,0.114754098360656,0.176924785430461,-0.568809952726041,-0.11424852785123,0.00724159615943876,-0.367085520746022,0.313028537456612,-0.622277355600208,0.0464735909333625,0.601445356431146,-1,-0.485151223795111
21,"comedy","Jacques","M","","","","
          
Jacques

          
(kraut sich hinter den Ohren):

          
Jaja, 's isch alles räecht, un ich will unserer Madam au nix schläechts wünsche — - behüet selle m'r
          sin — aw'r Pläsier dhäet's m'r halt mache, wenn ere emol e Elephant mit glichlinge Füeß uff de Mauue
          hüpse däet! — — —

        
",21,"riff-s-paradies",52,6,0.115384615384615,0.0994767122029889,-0.576101869284194,-0.151372180747625,-0.052074311532772,-0.248001966832174,0.208451979778924,-0.562506044904674,0.00988012577184794,0.588546614897995,-0.986347887450366,-0.366201056723714
22,"comedy","Marie","F","lady’s_maid","elementary_professions","lower_class","
          
Marie

          
(lachned):

          
Aw'r Jacques!

        
",22,"riff-s-paradies",6,1,0.166666666666667,0.0994767122029889,-0.576101869284194,-0.151372180747625,-0.052074311532772,-0.248001966832174,0.208451979778924,-0.562506044904674,0.00988012577184794,0.588546614897995,-0.986347887450366,-0.366201056723714
23,"comedy","Jacques","M","","","","
          
Jacques:

          
Numme daß se 's inne dhäet wäre, was unter eme Elephant v'rsteht, der alt Pomad- hafe!

        
",23,"riff-s-paradies",18,2,0.111111111111111,0.0307575234281237,-0.575828523080922,-0.198626226234335,-0.0959108770023499,-0.140087545301784,0.127288909352188,-0.514217422561013,0.000783171995392795,0.561336603452817,-0.949192572187451,-0.245296915387916
25,"comedy","Jacques","M","","","","
          
Jacques:

          
Ja? — Was denn?

        
",25,"riff-s-paradies",5,1,0.2,0.0307575234281237,-0.575828523080922,-0.198626226234335,-0.0959108770023499,-0.140087545301784,0.127288909352188,-0.514217422561013,0.000783171995392795,0.561336603452817,-0.949192572187451,-0.245296915387916
26,"comedy","Marie","F","lady’s_maid","elementary_professions","lower_class","
          
Marie:

          
Jacques, Dü wit doch ganz sicher nit diner Läwelang d'Füeß unter fremdi Lyt ihrer Disch strecke?

        
",26,"riff-s-paradies",18,3,0.166666666666667,-0.0270103503063833,-0.567406778295551,-0.256151461670629,-0.121469048564896,-0.0482072139336228,0.0747698084423454,-0.479986085693378,0.0227644500879314,0.518290230449475,-0.886382472607062,-0.125631400374078
27,"comedy","Jacques","M","","","","
          
Jacques:

          
Naan, ganz sicher nit.

        
",27,"riff-s-paradies",5,2,0.4,-0.0270103503063833,-0.567406778295551,-0.256151461670629,-0.121469048564896,-0.0482072139336228,0.0747698084423454,-0.479986085693378,0.0227644500879314,0.518290230449475,-0.886382472607062,-0.125631400374078
28,"comedy","Marie","F","lady’s_maid","elementary_professions","lower_class","
          
Marie:

          
Un speziell do in dem Hüs gfallt's D'r nimmi erächt?

        
",28,"riff-s-paradies",12,2,0.166666666666667,-0.072968621465936,-0.551086653642016,-0.323405440255948,-0.127693823485245,0.0240559861097551,0.0536644246287976,-0.46106011764253,0.0767869126237259,0.458892577109976,-0.797678120726554,-0.0101257513738008
29,"comedy","Jacques","M","","","","
          
Jacques

          
(setzt sich mißmutig auf die Bank):

          
Naan, ganz und gar nimmi.

        
",29,"riff-s-paradies",14,1,0.0714285714285714,-0.072968621465936,-0.551086653642016,-0.323405440255948,-0.127693823485245,0.0240559861097551,0.0536644246287976,-0.46106011764253,0.0767869126237259,0.458892577109976,-0.797678120726554,-0.0101257513738008
30,"comedy","Marie","F","lady’s_maid","elementary_professions","lower_class","
          
Marie

          
(lauernd):

          
Un schun lang nimmi? Gell nit?

        
",30,"riff-s-paradies",10,1,0.1,-0.107680577899965,-0.527974357247768,-0.399122424497785,-0.115396425209408,0.0746152326356526,0.0640484924966647,-0.457255633829045,0.161010523760217,0.383730675357015,-0.684876959405411,0.0986818617442011
31,"comedy","Jacques","M","","","","
          
Jacques:

          
Schun arig lang nimmi.

        
",31,"riff-s-paradies",5,1,0.2,-0.107680577899965,-0.527974357247768,-0.399122424497785,-0.115396425209408,0.0746152326356526,0.0640484924966647,-0.457255633829045,0.161010523760217,0.383730675357015,-0.684876959405411,0.0986818617442011
33,"comedy","Jacques","M","","","","
          
Jacques

          
(überrascht):

          
Dir g'fallt's au nimmi? -Oho?-

        
",33,"riff-s-paradies",12,1,0.0833333333333333,-0.133054826138061,-0.499976753422152,-0.481328481029398,-0.0872193139971302,0.102989480767348,0.103284869245685,-0.466970734833545,0.270836956022692,0.294501435694899,-0.551773288024602,0.198725773060505
38,"comedy","Marie","F","lady’s_maid","elementary_professions","lower_class","
          
Marie

          
(schmollend):

          
Aw'r Jacques!

        
",38,"riff-s-paradies",6,1,0.166666666666667,-0.133054826138061,-0.499976753422152,-0.481328481029398,-0.0872193139971302,0.102989480767348,0.103284869245685,-0.466970734833545,0.270836956022692,0.294501435694899,-0.551773288024602,0.198725773060505
39,"comedy","Jacques","M","","","","
          
Jacques:

          
Ja dü liewi Zytt, was hawich denn merke selle? — M'r macht sini Arweit de Daa iewer, loßt sich alle
          finf Minüte vun d'r Madam anhüche und abkanzle, daß m'r üs d'r Hüt erüsfahre un sich trüri d'rnäwe
          setze möecht; m'r plänkelt uff de Fyrowe — — un so gehn aam no die Dääj erum-

        
",39,"riff-s-paradies",58,7,0.120689655172414,-0.152139735121879,-0.469669573622861,-0.56741227365592,-0.0474445304147569,0.110301483166496,0.166221276685102,-0.487318638609363,0.399182767573915,0.193934047791717,-0.403954398927261,0.288475879446713
40,"comedy","Marie","F","lady’s_maid","elementary_professions","lower_class","
          
Marie

          
(seufzt):

          
Ja, so gehn aam d'rnoo die Dääej erum, un d'rbie wurd m'r no als älter un älter — jaja - — —

        
",40,"riff-s-paradies",28,3,0.107142857142857,-0.152139735121879,-0.469669573622861,-0.56741227365592,-0.0474445304147569,0.110301483166496,0.166221276685102,-0.487318638609363,0.399182767573915,0.193934047791717,-0.403954398927261,0.288475879446713
41,"comedy","Jacques","M","","","","
          
Jacques:

          
's isch au schun e schöeni Zyt here, zyter aß Dini Konfermation gemacht hesch, gell Marie?

        
",41,"riff-s-paradies",17,2,0.117647058823529,-0.168804396328661,-0.440098299141225,-0.654247806310913,-0.00165865112196406,0.0991652294434442,0.245589719365883,-0.51437005378249,0.536962121174018,0.0856317312068109,-0.248447315404327,0.366971659640461
42,"comedy","Marie","F","lady’s_maid","elementary_professions","lower_class","
          
Marie

          
(seufzend):

          
Dies isch's jo grad.

        
",42,"riff-s-paradies",9,1,0.111111111111111,-0.168804396328661,-0.440098299141225,-0.654247806310913,-0.00165865112196406,0.0991652294434442,0.245589719365883,-0.51437005378249,0.536962121174018,0.0856317312068109,-0.248447315404327,0.366971659640461
45,"comedy","Jacques","M","","","","
          
Jacques

          
(springt auf):

          
Zem Gücksel noch emol, was soll ich denn allewiel merke?!

        
",45,"riff-s-paradies",15,1,0.0666666666666667,-0.187332176433269,-0.414526626987936,-0.73836132216827,0.0437005449852328,0.0734713950205761,0.332576686221745,-0.543485899785963,0.673743026375494,-0.0261560865267948,-0.0932427920081785,0.433826057359514
49,"comedy","Jacques","M","","","","
          
Jacques:

          
Aw'r e bissel viel dumm, hein?

        
",49,"riff-s-paradies",7,1,0.142857142857143,-0.187332176433269,-0.414526626987936,-0.73836132216827,0.0437005449852328,0.0734713950205761,0.332576686221745,-0.543485899785963,0.673743026375494,-0.0261560865267948,-0.0932427920081785,0.433826057359514
50,"comedy","Marie","F","lady’s_maid","elementary_professions","lower_class","
          
Marie

          
(lächelnd):

          
Zell will ich jetz nit grad saawe, aw'r-

        
",50,"riff-s-paradies",13,2,0.153846153846154,-0.211961152699165,-0.396152278724112,-0.816131091838604,0.0818806953810052,0.0380863704198737,0.417519700905962,-0.56971400019526,0.798526804400244,-0.136814716723953,0.0532666297378612,0.489199747865205
51,"comedy","Jacques","M","","","","
          
Jacques:

          
Höer, Marie, jetz glaawi iewer halwer daß ich ebs merk.

        
",51,"riff-s-paradies",11,1,0.0909090909090909,-0.211961152699165,-0.396152278724112,-0.816131091838604,0.0818806953810052,0.0380863704198737,0.417519700905962,-0.56971400019526,0.798526804400244,-0.136814716723953,0.0532666297378612,0.489199747865205
52,"comedy","Marie","F","lady’s_maid","elementary_professions","lower_class","
          
Marie

          
(freudig):

          
Ja?! — Was denn?!

        
",52,"riff-s-paradies",8,2,0.25,-0.246411169229596,-0.387813207991337,-0.884006190337911,0.106392559750654,-0.00151371306110348,0.490675733018768,-0.5882179797828,0.900590145364113,-0.241677702523314,0.182890531857843,0.533747882846352
53,"comedy","Jacques","M","","","","
          
Jacques:

          
Bscht! — Numme langsam! — Dü hesch doch noch meh uffem Herze?

        
",53,"riff-s-paradies",13,1,0.0769230769230769,-0.246411169229596,-0.387813207991337,-0.884006190337911,0.106392559750654,-0.00151371306110348,0.490675733018768,-0.5882179797828,0.900590145364113,-0.241677702523314,0.182890531857843,0.533747882846352
54,"comedy","Marie","F","lady’s_maid","elementary_professions","lower_class","
          
Marie

          
(freudig):

          
O ja, noch arig viel!

        
",54,"riff-s-paradies",9,2,0.222222222222222,-0.293439434636689,-0.391708712126105,-0.938728772204693,0.111582727491611,-0.0396482351587706,0.543001212436847,-0.594703725071351,0.970323591655098,-0.336349702797902,0.288238871649384,0.568542858613206
55,"comedy","Jacques","M","","","","
          
Jacques:

          
Ei na, ze babbel numme. 
          
(lachend)
 Ich merk ebs! — O je, ich merk ebs! - Hahahahaha!

        
",55,"riff-s-paradies",20,1,0.05,-0.293439434636689,-0.391708712126105,-0.938728772204693,0.111582727491611,-0.0396482351587706,0.543001212436847,-0.594703725071351,0.970323591655098,-0.336349702797902,0.288238871649384,0.568542858613206
56,"comedy","Marie","F","lady’s_maid","elementary_professions","lower_class","
          
Marie:

          
Jacques -kurz un guet — gieb m'r Antwort uff mini Fröije — — —

        
",56,"riff-s-paradies",16,2,0.125,-0.354465262847944,-0.409159409676207,-0.977543928951286,0.0931549887221765,-0.070848401569376,0.566882358049249,-0.585808663345873,1,-0.417014785640119,0.363267147264584,0.594977899075009
57,"comedy","Jacques","M","","","","
          
Jacques:

          
Uff was fer Fröije?

        
",57,"riff-s-paradies",5,1,0.2,-0.354465262847944,-0.409159409676207,-0.977543928951286,0.0931549887221765,-0.070848401569376,0.566882358049249,-0.585808663345873,1,-0.417014785640119,0.363267147264584,0.594977899075009
58,"comedy","Marie","F","lady’s_maid","elementary_professions","lower_class","
          
Marie:

          
Jacques, löij, mir sin jetz schun e paar Jährle do bienand in dem Platz. Mir han's — ei- jetli ich
          hab's so noochetnooch d'rzü gebroocht, daß mir per ""Dü"" mitnander stehn, aw'r sunscht isch's im
          Allgemeine grad noch's nämli wie am erschte Daa, wie m'r uns kenne han lehre. — 's kummt m'r grad vor,
          wie wenn m'r vor ere himmelhoche Müür stehn däete. — Do steht d'M üür — do stehn mir — un kaan Macht
          stellt sich in wie die Müür umrennt — un do stehn mir Zwei ewwe no, hilflos wie zwei klaani Kinder, un
          kumme nit wyttersch, — un kumme nit wyttersch — — —

        
",58,"riff-s-paradies",117,10,0.0854700854700855,-0.429299788569989,-0.440427522483611,-0.998381985247167,0.0485974580864252,-0.0902558969870443,0.556758322805577,-0.559421796548415,0.984411550309585,-0.480707136091878,0.403725085994734,0.614657220725844
59,"comedy","Jacques","M","","","","
          
Jacques

          
(gähnend):

          
Ei no bliewe m'r halt e Gottsname vor dere Müür stehn. — Weisch, ich-bin kaan Friend vum klettere,
          bsunders wenn's hoch owenüs soll gehn. — Oho!

        
",59,"riff-s-paradies",31,3,0.0967741935483871,-0.429299788569989,-0.440427522483611,-0.998381985247167,0.0485974580864252,-0.0902558969870443,0.556758322805577,-0.559421796548415,0.984411550309585,-0.480707136091878,0.403725085994734,0.614657220725844
61,"comedy","Jacques","M","","","","
          
Jacques:

          
Gott sej Dank! — Ich schwitz nämli dene Wäj schun! — Aw'r höer, ich hab doch gemaant, Dü wottsch
          mich ebs fröije?

        
",61,"riff-s-paradies",23,3,0.130434782608696,-0.516008601878101,-0.484614572612673,-1,-0.022520598122426,-0.0939766327911593,0.509587971509942,-0.514907692047628,0.921323801426798,-0.525523904499596,0.407473021456452,0.629279199667788
62,"comedy","Marie","F","lady’s_maid","elementary_professions","lower_class","
          
Marie:

          
Ja, — ei nadierli hawich Dich ebs fröije welle.

        
",62,"riff-s-paradies",10,1,0.1,-0.516008601878101,-0.484614572612673,-1,-0.022520598122426,-0.0939766327911593,0.509587971509942,-0.514907692047628,0.921323801426798,-0.525523904499596,0.407473021456452,0.629279199667788
63,"comedy","Jacques","M","","","","
          
Jacques:

          
Na, ze fröij doch emol, ich bin gspannt wie e Bareplee biem Räejewetter.

        
",63,"riff-s-paradies",14,2,0.142857142857143,-0.610924837460649,-0.539647793245959,-0.982072138805732,-0.118408504398877,-0.079365693614646,0.425123292265277,-0.453215072848221,0.811709369016634,-0.550764170689047,0.374640600428267,0.64051925611783
64,"comedy","Marie","F","lady’s_maid","elementary_professions","lower_class","
          
Marie

          
(momentan etwas verwirrt):

          
Jacques — Dü — Dü gehsch od'r Dü wottsch iew'r kurz od'r lang üssem Dienscht?

        
",64,"riff-s-paradies",21,2,0.0952380952380952,-0.610924837460649,-0.539647793245959,-0.982072138805732,-0.118408504398877,-0.079365693614646,0.425123292265277,-0.453215072848221,0.811709369016634,-0.550764170689047,0.374640600428267,0.64051925611783
67,"comedy","Jacques","M","","","","
          
Jacques:

          
Ah jaso. — Na, ze fröij wyttersch.

        
",67,"riff-s-paradies",8,1,0.125,-0.708818133173605,-0.60235970470459,-0.945222252613217,-0.235084819502809,-0.045224544898557,0.305967538232279,-0.376859681543159,0.659740913489245,-0.556983450809075,0.307615009678349,0.649919095131164
68,"comedy","Marie","F","lady’s_maid","elementary_professions","lower_class","
          
Marie:

          
Dü machsch dies Johr nimmi ganz üß in dem Platz do?

        
",68,"riff-s-paradies",12,1,0.0833333333333333,-0.708818133173605,-0.60235970470459,-0.945222252613217,-0.235084819502809,-0.045224544898557,0.305967538232279,-0.376859681543159,0.659740913489245,-0.556983450809075,0.307615009678349,0.649919095131164
69,"comedy","Jacques","M","","","","
          
Jacques:

          
Wer saat zell?

        
",69,"riff-s-paradies",4,1,0.25,-0.8032120014342,-0.668657956752101,-0.890996153514724,-0.366580030533756,0.00810223446991243,0.157413015829601,-0.289781002765573,0.472541925827606,-0.5459594134322,0.210859525126225,0.658788499222684
70,"comedy","Marie","F","lady’s_maid","elementary_professions","lower_class","
          
Marie

          
(bestimmt):

          
Ich!

        
",70,"riff-s-paradies",5,1,0.2,-0.8032120014342,-0.668657956752101,-0.890996153514724,-0.366580030533756,0.00810223446991243,0.157413015829601,-0.289781002765573,0.472541925827606,-0.5459594134322,0.210859525126225,0.658788499222684
71,"comedy","Jacques","M","","","","
          
Jacques:

          
Hesch D'r d'Kart schlaawe loon?

        
",71,"riff-s-paradies",7,2,0.285714285714286,-0.886829572924849,-0.733775267858903,-0.821775406015248,-0.505299050469278,0.0787364328448121,-0.0129293440923721,-0.19708243348435,0.259712798703498,-0.52057102614255,0.090576758729068,0.668125085221899
73,"comedy","Jacques","M","","","","
          
Jacques:

          
Ah ja, zem Dunterlättel — — —

        
",73,"riff-s-paradies",8,1,0.125,-0.886829572924849,-0.733775267858903,-0.821775406015248,-0.505299050469278,0.0787364328448121,-0.0129293440923721,-0.19708243348435,0.259712798703498,-0.52057102614255,0.090576758729068,0.668125085221899
75,"comedy","Jacques","M","","","","
          
Jacques:

          
Wart e Moment, ich will mich zerscht setze — 
          
(setzt sich auf die Bank)
 So, jetz wytterscht

        
",75,"riff-s-paradies",20,1,0.05,-0.952136405147709,-0.792582683378282,-0.740638623354364,-0.642518707513593,0.163380343308181,-0.195680227796945,-0.104673794789387,0.0326673621365179,-0.484599728186149,-0.0457565883924448,0.678556358924299
76,"comedy","Marie","F","lady’s_maid","elementary_professions","lower_class","
          
Marie:

          
Ja, un wenn Dü no do üB dem Platz gehsch, no bisch-zem letschtemol in Dim Läwe Do- mestique gsin
          ?

        
",76,"riff-s-paradies",21,2,0.0952380952380952,-0.952136405147709,-0.792582683378282,-0.740638623354364,-0.642518707513593,0.163380343308181,-0.195680227796945,-0.104673794789387,0.0326673621365179,-0.484599728186149,-0.0457565883924448,0.678556358924299
78,"comedy","Marie","F","lady’s_maid","elementary_professions","lower_class","
          
Marie

          
(freudig):

          
Un mit Dim zammegsparte V'rmüije fangsch d'rnoo e Krämel an — — —

        
",78,"riff-s-paradies",18,1,0.0555555555555556,-0.991940038259359,-0.839943964077977,-0.651179959982194,-0.768984668227026,0.257526920362506,-0.380379551150869,-0.0188429417650865,-0.196169959458888,-0.442466939516239,-0.189946376106601,0.69030708813073
82,"comedy","Marie","F","lady’s_maid","elementary_professions","lower_class","
          
Marie

          
(unbeirrt):

          
Löijsch Dich no nooch eme schöene, brave, rechtschaffene Maidel um — —

        
",82,"riff-s-paradies",16,3,0.1875,-0.991940038259359,-0.839943964077977,-0.651179959982194,-0.768984668227026,0.257526920362506,-0.380379551150869,-0.0188429417650865,-0.196169959458888,-0.442466939516239,-0.189946376106601,0.69030708813073
83,"comedy","Jacques","M","","","","
          
Jacques:

          
Hein?! — Worum jetz grad nooch eme Maidl?

        
",83,"riff-s-paradies",9,2,0.222222222222222,-1,-0.871085151717899,-0.557297447937195,-0.875564155750822,0.355750938972328,-0.556258295264755,0.0542109790173821,-0.414245142705773,-0.398926844883657,-0.333684696591424,0.703193541680558
84,"comedy","Marie","F","lady’s_maid","elementary_professions","lower_class","
          
Marie:

          
Dü nimmsch e Maidel wie koche, nähje, strieke, wäsche, Strümpf stopfe un sunscht alles mache kaan —
          — —

        
",84,"riff-s-paradies",20,2,0.1,-1,-0.871085151717899,-0.557297447937195,-0.875564155750822,0.355750938972328,-0.556258295264755,0.0542109790173821,-0.414245142705773,-0.398926844883657,-0.333684696591424,0.703193541680558
86,"comedy","Marie","F","lady’s_maid","elementary_professions","lower_class","
          
Marie:

          
Un dies Maidel hyrootsch no — — —

        
",86,"riff-s-paradies",9,1,0.111111111111111,-0.971599552055156,-0.881951561581181,-0.462965820759523,-0.953906051977168,0.452060891847649,-0.71303488090469,0.108846818034,-0.609766212144679,-0.358736591388201,-0.469152481940329,0.716644592090403
87,"comedy","Jacques","M","","","","
          
Jacques:

          
Oeh la, Schimmel! — Ja Hepplamepperle! — Ich merk's, wo's nüs will! — Ah, un Dü hesch anoch gemaant
          ich merk nix! — 
          
(sing)
""Dü hesch jo gar kaan Ahnung, wie hell d'r Schääkele isch"".

        
",87,"riff-s-paradies",40,5,0.125,-0.971599552055156,-0.881951561581181,-0.462965820759523,-0.953906051977168,0.452060891847649,-0.71303488090469,0.108846818034,-0.609766212144679,-0.358736591388201,-0.469152481940329,0.716644592090403
88,"comedy","Marie","F","lady’s_maid","elementary_professions","lower_class","
          
Marie

          
(eifrig):

          
Ei na, wenn Dü no hell genuej bisch, no wäre-m-'r au enandernooch Maan un Frau un krieje enander vun
          Daa ze Daa liewer — un d'r- 
          
noo läwe-m-'r glichli mitnand -un d'rnoo — un d'rnoo kumme die herzige klaane,
          wuschberliche, süeße Bébé — — —

        
",88,"riff-s-paradies",53,6,0.113207547169811,-0.90403189629028,-0.869524793257349,-0.372009363393335,-0.997058894919452,0.540287588464291,-0.841674539191211,0.140416996462467,-0.772537064217363,-0.326327577370915,-0.589573157778642,0.729748139586309
89,"comedy","Jacques","M","","","","
          
Jacques

          
(ist langsam aufgestanden):

          
Sunscht nix wie Knepfle! Naan, Mamsel Marie, sie kumme noch nit! — Aeh-äh — sie kumme noch nit! —
          Iewerhaupt — nooch mienere Maanung, laaft schun wied'r viel zeviel vun dem Gerührs do erum. Jetz sogar
          noch Negerle un Anamitle!

        
",89,"riff-s-paradies",46,3,0.0652173913043478,-0.90403189629028,-0.869524793257349,-0.372009363393335,-0.997058894919452,0.540287588464291,-0.841674539191211,0.140416996462467,-0.772537064217363,-0.326327577370915,-0.589573157778642,0.729748139586309
91,"comedy","Jacques","M","","","","
          
Jacques:

          
Na, ich hab jo nix do d'rgeje. — E jeds Dhierel het sin Pläsierel, un jedem Narr gfallt sini
          Kapp!-

        
",91,"riff-s-paradies",23,1,0.0434782608695652,-0.796958783711336,-0.832074833908158,-0.287890065800522,-1,0.614483354420808,-0.935053096828786,0.145635496524084,-0.894669409687219,-0.305501285292553,-0.689673537176887,0.741319872112074
93,"comedy","Jacques","M","","","","
          
Jacques:

          
Was beliebt?

        
",93,"riff-s-paradies",3,1,0.333333333333333,-0.796958783711336,-0.832074833908158,-0.287890065800522,-1,0.614483354420808,-0.935053096828786,0.145635496524084,-0.894669409687219,-0.305501285292553,-0.689673537176887,0.741319872112074
94,"comedy","Marie","F","lady’s_maid","elementary_professions","lower_class","
          
Marie:

          
Gell Dü hesch die klaane, herzige Kinderle gern?

        
",94,"riff-s-paradies",9,2,0.222222222222222,-0.652608152025628,-0.769326787519552,-0.213524976530605,-0.960035251901122,0.669305480330773,-0.988474134688537,0.122849458975057,-0.971118240520757,-0.299171151370758,-0.766015799813718,0.749990110152738
95,"comedy","Jacques","M","","","","
          
Jacques:

          
O ja. Arig gern, aw'r numme in andere Lyt ihri! 
          
(Es klingelt.)

        
",95,"riff-s-paradies",15,2,0.133333333333333,-0.652608152025628,-0.769326787519552,-0.213524976530605,-0.960035251901122,0.669305480330773,-0.988474134688537,0.122849458975057,-0.971118240520757,-0.299171151370758,-0.766015799813718,0.749990110152738
96,"comedy","Marie","F","lady’s_maid","elementary_professions","lower_class","
          
Marie

          
(ärgerlich):

          
D'Madam schellt! — Isch's jetz fer mich od'r fer Dich? 
          
(eilt gegen rechts.)

        
",96,"riff-s-paradies",21,4,0.19047619047619,-0.475788940464815,-0.682527877081814,-0.151144270811955,-0.877038557429553,0.700359113688535,-1,0.0721929115480622,-1,-0.309168431484403,-0.817175003058087,0.754303467592315
97,"comedy","Jacques","M","","","","
          
Jacques:

          
Sie sell warte, die alt Schatüll — 
          
(eilt Marie nach und zieht sie an der Hand wieder zurück.)
 Numme nit glich geloffe! Mir
          han se dennewäej schun viel ze viel v'rwöehnt. 
          
(Es klingelt.)

        
",97,"riff-s-paradies",38,3,0.0789473684210526,-0.475788940464815,-0.682527877081814,-0.151144270811955,-0.877038557429553,0.700359113688535,-1,0.0721929115480622,-1,-0.309168431484403,-0.817175003058087,0.754303467592315
98,"comedy","Jacques","M","","","","
          
Beide:

          
(eilen gegen dem Ausgang rechts, fahren mit dem rechten Zeigefinger ruckartig unter der Nase
          durch, schlagen hierauf mit der rechten Hand auf das erhobene Knie, klatschen dann einen kräftigen
          Schlag in die Hände und führen den Finger nochmals unter der Nase durch.)

          
ffffft! — Hutzti! — Hepplamepperle! — fffft!

        
",98,"riff-s-paradies",52,12,0.230769230769231,-0.273714740747829,-0.574407679142998,-0.102198361897435,-0.7535118016192,0.704477977618865,-0.970571743364727,-0.00438981265858696,-0.982669631985983,-0.336125195301689,-0.843749267033077,0.752825346802573
99,"comedy","Marie","F","lady’s_maid","elementary_professions","lower_class","
          
Beide:

          
(eilen gegen dem Ausgang rechts, fahren mit dem rechten Zeigefinger ruckartig unter der Nase
          durch, schlagen hierauf mit der rechten Hand auf das erhobene Knie, klatschen dann einen kräftigen
          Schlag in die Hände und führen den Finger nochmals unter der Nase durch.)

          
ffffft! — Hutzti! — Hepplamepperle! — fffft!

        
",99,"riff-s-paradies",52,12,0.230769230769231,-0.273714740747829,-0.574407679142998,-0.102198361897435,-0.7535118016192,0.704477977618865,-0.970571743364727,-0.00438981265858696,-0.982669631985983,-0.336125195301689,-0.843749267033077,0.752825346802573
100,"comedy","Jacques","M","","","","
          
Jacques:

          
Wenn Die maant, daß dies eso wyttersch geht mit dere Stäeje-n-uff un abrennerej, no isch se aw'r
          diesmol schläecht orientiert. — Vor alle Dinge wurd jetz emol e Düür anne gsesse. 
          
(setzt sich auf die Bank.)
 Marie, Dü bisch doch au müed wie e — — - wie e
          Dienschtmaidel?

        
",100,"riff-s-paradies",55,3,0.0545454545454545,-0.0556424194113704,-0.449032508400705,-0.0673186498911387,-0.594459503537162,0.679925877454052,-0.903909560898511,-0.103253378831563,-0.923551566077056,-0.379441833419331,-0.848203533834361,0.744248916813031
101,"comedy","Marie","F","lady’s_maid","elementary_professions","lower_class","
          
Marie

          
(lachend):

          
Aw'r sicher! — Derf ich näwe Dich sitze?

        
",101,"riff-s-paradies",12,2,0.166666666666667,-0.0556424194113704,-0.449032508400705,-0.0673186498911387,-0.594459503537162,0.679925877454052,-0.903909560898511,-0.103253378831563,-0.923551566077056,-0.379441833419331,-0.848203533834361,0.744248916813031
102,"comedy","Jacques","M","","","","
          
Jacques:

          
Mientwäeje au uff de Geere.

        
",102,"riff-s-paradies",6,2,0.333333333333333,0.167653822557893,-0.311562864964247,-0.0463325134018423,-0.407086202228422,0.626507568871728,-0.806202448711159,-0.219285652823506,-0.829738968222176,-0.437340236285249,-0.834561500443004,0.727496217202888
104,"comedy","Jacques","M","","","","
          
Jacques:

          
Ei na — d'r Madam ze Leid — kumm! — —

        
",104,"riff-s-paradies",12,3,0.25,0.167653822557893,-0.311562864964247,-0.0463325134018423,-0.407086202228422,0.626507568871728,-0.806202448711159,-0.219285652823506,-0.829738968222176,-0.437340236285249,-0.834561500443004,0.727496217202888
106,"comedy","Jacques","M","","","","
          
Jacques

          
(gekränkt):

          
Ze wär ich demnooch unanständig.

        
",106,"riff-s-paradies",9,1,0.111111111111111,0.384539417752905,-0.167930271290851,-0.0383292157553839,-0.200337856480034,0.545583795205544,-0.685612175112212,-0.346249342090448,-0.710393726781101,-0.506997571378198,-0.807972844302906,0.701807386032578
107,"comedy","Marie","F","lady’s_maid","elementary_professions","lower_class","
          
Marie:

          
Naan, Jacques, ums Himmelswille, dies hawich nit saawe welle 
          
(setzt sich ihm rasch auf den Schoß.)
 Wenn aw'r d'Madam kummt?

        
",107,"riff-s-paradies",24,1,0.0416666666666667,0.384539417752905,-0.167930271290851,-0.0383292157553839,-0.200337856480034,0.545583795205544,-0.685612175112212,-0.346249342090448,-0.710393726781101,-0.506997571378198,-0.807972844302906,0.701807386032578
112,"comedy","Jacques","M","","","","
          
Jacques

          
(schmunzelnd):

          
Ja?

        
",112,"riff-s-paradies",5,1,0.2,0.583263118264842,-0.0244560820384605,-0.0417698196643198,0.015679801156206,0.43999170925304,-0.551631058886231,-0.477205334728457,-0.575995215971323,-0.584749814420625,-0.774193170256869,0.666812705826351
113,"comedy","Marie","F","lady’s_maid","elementary_professions","lower_class","
          
Marie

          
(streicht ihm die Wangen):

          
Bisch e liewer gueter Kerl.

        
",113,"riff-s-paradies",12,2,0.166666666666667,0.583263118264842,-0.0244560820384605,-0.0417698196643198,0.015679801156206,0.43999170925304,-0.551631058886231,-0.477205334728457,-0.575995215971323,-0.584749814420625,-0.774193170256869,0.666812705826351
115,"comedy","Marie","F","lady’s_maid","elementary_professions","lower_class","
          
Marie:

          
Wenn ich d'r saa! 
          
(verliebt)
 Jaeques-

        
",115,"riff-s-paradies",10,1,0.1,0.752735477326812,0.112560544225684,-0.0546312500585061,0.230363847576709,0.313878029501435,-0.414344284566085,-0.604985723935513,-0.437497648380127,-0.666349308735495,-0.73902135336828,0.622583156125132
116,"comedy","Jacques","M","","","","
          
Jacques:

          
Was hesch uffem Herze?

        
",116,"riff-s-paradies",5,1,0.2,0.752735477326812,0.112560544225684,-0.0546312500585061,0.230363847576709,0.313878029501435,-0.414344284566085,-0.604985723935513,-0.437497648380127,-0.666349308735495,-0.73902135336828,0.622583156125132
117,"comedy","Marie","F","lady’s_maid","elementary_professions","lower_class","
          
Marie:

          
Ich — ich hab Dich gern!

        
",117,"riff-s-paradies",7,1,0.142857142857143,0.88328638832736,0.237255735750552,-0.0745725287228345,0.433309601190343,0.172457727583817,-0.283654712479416,-0.722680734217626,-0.305462862532413,-0.747256988868432,-0.707742525842386,0.56965639632158
119,"comedy","Marie","F","lady’s_maid","elementary_professions","lower_class","
          
Marie:

          
Jacques, mir derfe nimmi üssenander, kummt's wies will! Mir Zwei muehn bienander bliewe, denn mir
          sin enander schun so gewohnt, daß mir aans ohni 's ander iewerhaupt nimmi läwe könnte. Mit aam Wort:
          mir Zwei muehn enander hyroothe, ich mueß Dini Frau wäre — — —

        
",119,"riff-s-paradies",48,3,0.0625,0.88328638832736,0.237255735750552,-0.0745725287228345,0.433309601190343,0.172457727583817,-0.283654712479416,-0.722680734217626,-0.305462862532413,-0.747256988868432,-0.707742525842386,0.56965639632158
120,"comedy","Jacques","M","","","","
          
Jacques

          
(überrascht):

          
Was muesch Dü?

        
",120,"riff-s-paradies",7,1,0.142857142857143,0.967346271008012,0.344584932167849,-0.0991100713310825,0.61498847551805,0.0217154496087575,-0.168530795414191,-0.824102791515608,-0.189237132049125,-0.822947765743062,-0.684624546240303,0.509036506701162
122,"comedy","Jacques","M","","","","
          
Jacques:

          
Oho! Zeij Marie, steh e bissel uff!

        
",122,"riff-s-paradies",8,1,0.125,0.967346271008012,0.344584932167849,-0.0991100713310825,0.61498847551805,0.0217154496087575,-0.168530795414191,-0.824102791515608,-0.189237132049125,-0.822947765743062,-0.684624546240303,0.509036506701162
123,"comedy","Marie","F","lady’s_maid","elementary_professions","lower_class","
          
Marie

          
(leidenschaftlich):

          
Naan, ewwe hesch v'rlangt, daß ich D'r uff de Geere sitz, jetz blie ich aw'r au sitze! Die günschtig
          Geläjeheit loß ich diesmol nimmi fahre!

        
",123,"riff-s-paradies",29,3,0.103448275862069,1,0.430649639297073,-0.12578885206268,0.767359300331833,-0.131930029721504,-0.0763360996301419,-0.904192876820266,-0.0962368909043524,-0.889207068700612,-0.672511407573701,0.442167307820918
124,"comedy","Jacques","M","","","","
          
Jacques:

          
O ich Dolle!

        
",124,"riff-s-paradies",4,1,0.25,1,0.430649639297073,-0.12578885206268,0.767359300331833,-0.131930029721504,-0.0763360996301419,-0.904192876820266,-0.0962368909043524,-0.889207068700612,-0.672511407573701,0.442167307820918
125,"comedy","Marie","F","lady’s_maid","elementary_professions","lower_class","
          
Marie

          
(wie oben):

          
Jacques, wenn Dü emol do üs dem Platz eweck gehsch, un daß mir üssenander gerisse däete wäre, d'rnoo
          muesch hyroothe — iewerleij D'r's wie De witt — Dü muesch d'rnoo ewwe hyroothe! — Do springsch nit drum
          erum! Un wenn Dü d'rnoo hyrootsch, d'rnoo muesch vor alle Dinge e Frau nämme wie Dich kennt, wie Dich
          lieb het, wie Dine Charakter v'rsteht, un wie weiß, wie se mit Dir umzegehn het un wie Dü bhandelt
          muesch wäre — — —

        
",125,"riff-s-paradies",90,2,0.0222222222222222,0.97937106553888,0.492942782161164,-0.152337183615879,0.884369319048044,-0.281976401443536,-0.0122922264983764,-0.959338919482996,-0.0313994368144126,-0.942397685752398,-0.67254902440099,0.37088057290218
127,"comedy","Marie","F","lady’s_maid","elementary_professions","lower_class","
          
Marie:

          
Aanfach — Dü muesch hyroothe!

        
",127,"riff-s-paradies",6,1,0.166666666666667,0.97937106553888,0.492942782161164,-0.152337183615879,0.884369319048044,-0.281976401443536,-0.0122922264983764,-0.959338919482996,-0.0313994368144126,-0.942397685752398,-0.67254902440099,0.37088057290218
129,"comedy","Marie","F","lady’s_maid","elementary_professions","lower_class","
          
Marie:

          
Ja, Dü muesch.

        
",129,"riff-s-paradies",4,1,0.25,0.906805151371793,0.530494445114371,-0.176794729885339,0.962309516404768,-0.422181459340446,0.0208838156716449,-0.987582955115618,0.00315859790731277,-0.979678722094482,-0.68406782366351,0.297321859488259
130,"comedy","Jacques","M","","","","
          
Jacques:

          
Wer saat dies?!

        
",130,"riff-s-paradies",4,1,0.25,0.906805151371793,0.530494445114371,-0.176794729885339,0.962309516404768,-0.422181459340446,0.0208838156716449,-0.987582955115618,0.00315859790731277,-0.979678722094482,-0.68406782366351,0.297321859488259
132,"comedy","Jacques","M","","","","
          
Jacques:

          
Zeij, Marie, steh uff!

        
",132,"riff-s-paradies",5,1,0.2,0.786836463793823,0.543907117382024,-0.19760599129594,1,-0.546879165147918,0.0231406724335881,-0.988702540698244,0.00824887855211176,-0.999162477639243,-0.70463343511456,0.223857935227348
134,"comedy","Jacques","M","","","","
          
Jacques

          
(verzwiefelt):

          
D'Füeß schloofe m'r in — un — un ich kriej de Datteri in d'Knej — un ich schwitz m'r e
          pflutschnasser Buckel! — V'rdoria noch emol!

        
",134,"riff-s-paradies",32,4,0.125,0.786836463793823,0.543907117382024,-0.19760599129594,1,-0.546879165147918,0.0231406724335881,-0.988702540698244,0.00824887855211176,-0.999162477639243,-0.70463343511456,0.223857935227348
135,"comedy","Marie","F","lady’s_maid","elementary_professions","lower_class","
          
Marie:

          
Dies lejt mir jetz Alles nix an! — Ich saa Dir's aanfach noch hundertmol: Dü muesch hyroothe! Denn
          wenn nit hyrootsch, no hesch jo kaan Menscheseel uff dere Welt wie uff Dich löijt un wie Dich bsorjt.
          No kriejsch kann Wäsch gewäsche, kaan Kleider gfliekt, kaan Strümpf gstopft, kaan Knopf angenähjt, un
          kaan gueti kräftige Süppele kocht — — —

        
",135,"riff-s-paradies",62,5,0.0806451612903226,0.626935707149282,0.535277749155204,-0.213674647805772,0.99879399494769,-0.651250239385596,-0.00295897111713428,-0.964161791324856,-0.0125223017789701,-1,-0.730262599416179,0.152970788234369
137,"comedy","Marie","F","lady’s_maid","elementary_professions","lower_class","
          
Marie

          
(lächelnd):

          
Gell, an so Sache hesch noch gar nie gedenkt?

        
",137,"riff-s-paradies",13,1,0.0769230769230769,0.626935707149282,0.535277749155204,-0.213674647805772,0.99879399494769,-0.651250239385596,-0.00295897111713428,-0.964161791324856,-0.0125223017789701,-1,-0.730262599416179,0.152970788234369
139,"comedy","Marie","F","lady’s_maid","elementary_professions","lower_class","
          
Marie

          
(zärtlich):

          
Ja siehsch, min liewer Bue, m'r mueß ewwe an Alles denke! 
          
(holt einen Apfel aus der Schürzentasche, und beißt kräftig hinein.)

        
",139,"riff-s-paradies",27,4,0.148148148148148,0.437054418003765,0.508012348684126,-0.224377542951759,0.962402622166486,-0.731533161967552,-0.0524969704597023,-0.916937597166891,-0.0531170973349462,-0.982391603377078,-0.755787343896274,0.0871439389925182
143,"comedy","Marie","F","lady’s_maid","elementary_professions","lower_class","
          
Marie

          
(schmatzend):

          
Uessem Garte. 
          
(lachend)
 wit au e Biß?

        
",143,"riff-s-paradies",13,1,0.0769230769230769,0.437054418003765,0.508012348684126,-0.224377542951759,0.962402622166486,-0.731533161967552,-0.0524969704597023,-0.916937597166891,-0.0531170973349462,-0.982391603377078,-0.755787343896274,0.0871439389925182
146,"comedy","Jacques","M","","","","
          
Jacques

          
(unruhig):

          
Steh üff jetz!

        
",146,"riff-s-paradies",7,2,0.285714285714286,0.228995257904183,0.466546875171862,-0.229540459384229,0.896555972009257,-0.785166015593882,-0.118643263054064,-0.851236289239188,-0.10562834871862,-0.947524321575968,-0.775337676739404,0.0287471692772765
147,"comedy","Marie","F","lady’s_maid","elementary_professions","lower_class","
          
Marie:

          
Zerscht dhuesch emol herzhaft drin bisse.

        
",147,"riff-s-paradies",7,1,0.142857142857143,0.228995257904183,0.466546875171862,-0.229540459384229,0.896555972009257,-0.785166015593882,-0.118643263054064,-0.851236289239188,-0.10562834871862,-0.947524321575968,-0.775337676739404,0.0287471692772765
148,"comedy","Jacques","M","","","","
          
Jacques:

          
Na, daß Ruehj hesch — here mit! — Aw'r no stehsch uff! — 
          
(beißt kräftig von dem Apfel ab.)

        
",148,"riff-s-paradies",22,3,0.136363636363636,0.0156507015827489,0.415995195108448,-0.229380895210465,0.808528036730987,-0.810854561708279,-0.193247877721154,-0.77212448121499,-0.160994815140139,-0.897443646756687,-0.782902585682183,-0.0200741654438142
149,"comedy","Marie","F","lady’s_maid","elementary_professions","lower_class","
          
Marie:

          
Isch'r guet?

        
",149,"riff-s-paradies",3,1,0.333333333333333,0.0156507015827489,0.415995195108448,-0.229380895210465,0.808528036730987,-0.810854561708279,-0.193247877721154,-0.77212448121499,-0.160994815140139,-0.897443646756687,-0.782902585682183,-0.0200741654438142
150,"comedy","Jacques","M","","","","
          
Jacques

          
(schmatzend)

          
Aw'r sicher.

        
",150,"riff-s-paradies",6,1,0.166666666666667,-0.189837628845275,0.361750336340613,-0.224425554501433,0.706562913664663,-0.808566935513387,-0.267533374191195,-0.685104354871288,-0.209810984125664,-0.834871586816596,-0.7729218820263,-0.0574993694962413
151,"comedy","Marie","F","lady’s_maid","elementary_professions","lower_class","
          
Marie:

          
Isch'r au süeß?

        
",151,"riff-s-paradies",4,1,0.25,-0.189837628845275,0.361750336340613,-0.224425554501433,0.706562913664663,-0.808566935513387,-0.267533374191195,-0.685104354871288,-0.209810984125664,-0.834871586816596,-0.7729218820263,-0.0574993694962413
152,"comedy","Jacques","M","","","","
          
Jacques:

          
Aw'r sicher!

        
",152,"riff-s-paradies",3,1,0.333333333333333,-0.374940691102698,0.309068777167696,-0.21541201804393,0.599246597718498,-0.779460029068024,-0.33283197667647,-0.595667764938802,-0.243165457787279,-0.762986707765692,-0.740858035905775,-0.0821169374451852
154,"comedy","Jacques","M","","","","
          
Jacques:

          
Ich hab jo 's Mül noch voll.

        
",154,"riff-s-paradies",8,2,0.25,-0.374940691102698,0.309068777167696,-0.21541201804393,0.599246597718498,-0.779460029068024,-0.33283197667647,-0.595667764938802,-0.243165457787279,-0.762986707765692,-0.740858035905775,-0.0821169374451852
156,"comedy","Jacques","M","","","","
          
Jacques:

          
Höer, Marie, so het's d'Eva zellemols im Paradies mit 'm Adam getriewe.

        
",156,"riff-s-paradies",15,2,0.133333333333333,-0.528564714896218,0.262668779043723,-0.203184931198782,0.494872140959284,-0.725746685357464,-0.381308408125,-0.508864895331532,-0.253439596390452,-0.685184155246767,-0.683697927871894,-0.0929890406178323
157,"comedy","Marie","F","lady’s_maid","elementary_professions","lower_class","
          
Marie

          
(lachend):

          
Do wärdsch Dü d'r Adam?

        
",157,"riff-s-paradies",9,1,0.111111111111111,-0.528564714896218,0.262668779043723,-0.203184931198782,0.494872140959284,-0.725746685357464,-0.381308408125,-0.508864895331532,-0.253439596390452,-0.685184155246767,-0.683697927871894,-0.0929890406178323
158,"comedy","Jacques","M","","","","
          
Jacques

          
(lachend):Un

          
Dü d'Eva! — Jetz fehlt numme noch d'Schlang. 
          
(Beide lachen kräftig.) (Es klingelt!)

        
",158,"riff-s-paradies",24,5,0.208333333333333,-0.641777344938451,0.226372713136809,-0.188596979876808,0.400845732933432,-0.65051599831601,-0.406610857611813,-0.42892170242379,-0.235001236847683,-0.604834520480696,-0.600339382335456,-0.0896927674226327
159,"comedy","Marie","F","lady’s_maid","elementary_professions","lower_class","
          
Marie

          
(lachend):

          
Là voilà — doch isch se jo schun!

        
",159,"riff-s-paradies",12,1,0.0833333333333333,-0.641777344938451,0.226372713136809,-0.188596979876808,0.400845732933432,-0.65051599831601,-0.406610857611813,-0.42892170242379,-0.235001236847683,-0.604834520480696,-0.600339382335456,-0.0896927674226327
160,"comedy","Jacques","M","","","","
          
Jacques:

          
Wahrhafti! Na, jetz wär jo so ziemli Alles bienander — numme 's Paradies fehlt noch! Im Paradies sin
          m'r bis hyt noch nit gsin. Gell nit, Evele?

        
",160,"riff-s-paradies",28,6,0.214285714285714,-0.708386507656463,0.202820022821575,-0.172423948293818,0.323177399354295,-0.557521128653579,-0.404398492654933,-0.35893615897413,-0.184736651024518,-0.525059796397449,-0.491826099208087,-0.0723362159199168
161,"comedy","Marie","F","lady’s_maid","elementary_professions","lower_class","
          
Marie:

          
Naan jo nit. — Ehnder mittle in d'r Höll! — Aw'r mir welle jetz emol ins Paradies mitnander, Arm in
          Arm, un unser Läwe genieße un glickli un zefridde mitnand un näwenander läwe! 
          
(springt auf und zieht Jacques mit großer Kraftanstrengung in die Höhe.)
 Ich läb fer
          Dich, un Dü läbsch ger mich! Gell Jacques?!

        
",161,"riff-s-paradies",58,12,0.206896551724138,-0.708386507656463,0.202820022821575,-0.172423948293818,0.323177399354295,-0.557521128653579,-0.404398492654933,-0.35893615897413,-0.184736651024518,-0.525059796397449,-0.491826099208087,-0.0723362159199168
162,"comedy","Jacques","M","","","","
          
Jacques

          
(sich schwerfällig erhebend):

          
Mini Füeß sin ganz stiff worre. Un am räechte Fueß schlooft m'r d'r groß Zeh! - Sapperlot, wie dies
          kriwwelt! — Do bisch Dü d'Schuld dran! —

        
",162,"riff-s-paradies",34,4,0.117647058823529,-0.725331767013301,0.193272157430251,-0.155301365483788,0.266092861444336,-0.45095001499575,-0.372703971541965,-0.300676708317328,-0.102376807103422,-0.448542643430633,-0.361406496950861,-0.04154892303221
163,"comedy","Marie","F","lady’s_maid","elementary_professions","lower_class","
          
Marie:

          
Mientwäeje. — Ich nimm jo gern alli Schuld uff mich. Un ich will d'r's jo au gern v'r- spreche, dab
          ich miener Läwe eso ebs nimmi dhun will.

        
",163,"riff-s-paradies",31,6,0.193548387096774,-0.725331767013301,0.193272157430251,-0.155301365483788,0.266092861444336,-0.45095001499575,-0.372703971541965,-0.300676708317328,-0.102376807103422,-0.448542643430633,-0.361406496950861,-0.04154892303221
165,"comedy","Marie","F","lady’s_maid","elementary_professions","lower_class","
          
Marie:

          
Sicher! — Miner Läwe ninimi.

        
",165,"riff-s-paradies",6,3,0.5,-0.692861355648049,0.197523910604448,-0.137687821645691,0.231793229628955,-0.33519418641484,-0.312102708107992,-0.254497886072363,0.00940957493660877,-0.377381944685098,-0.214406096213782,0.00155249480591224
166,"comedy","Jacques","M","","","","
          
Jacques:

          
Ja, so siehsch üs!

        
",166,"riff-s-paradies",5,1,0.2,-0.692861355648049,0.197523910604448,-0.137687821645691,0.231793229628955,-0.33519418641484,-0.312102708107992,-0.254497886072363,0.00940957493660877,-0.377381944685098,-0.214406096213782,0.00155249480591224
167,"comedy","Marie","F","lady’s_maid","elementary_professions","lower_class","
          
Marie:

          
Bisch nit böes gell nit? 
          
(küßt ihn.)

        
",167,"riff-s-paradies",10,1,0.1,-0.614483419138827,0.213927623627361,-0.119857193635947,0.220377415519478,-0.214629653797685,-0.225676127586162,-0.219378446473122,0.145165028640639,-0.313003462581956,-0.0579182907731556,0.055421299528907
169,"comedy","Marie","F","lady’s_maid","elementary_professions","lower_class","
          
Marie

          
(zärtlich):

          
Nit böes sin, Adam! 
          
(küst ihn) Jacques schmatzend)
: Mhmmm! — Aaaah! — Dies sell nit kriwwle! — 
          
(tritt mit dem rechten Fuß hoch in die Höhe.)
 Jetz schlooft m'r d'r groß Zeh gar nimmi! —
          
          
(reekt sich rasch in die Höhe und breitet die Arme aus.)
 Marie, Evele, noch e Schmutz! —
          Noch aaner! 
          
(Marie fliegt ihm an die Brust und küßt ihn.)

        
",169,"riff-s-paradies",76,6,0.0789473684210526,-0.614483419138827,0.213927623627361,-0.119857193635947,0.220377415519478,-0.214629653797685,-0.225676127586162,-0.219378446473122,0.145165028640639,-0.313003462581956,-0.0579182907731556,0.055421299528907
171,"comedy","Marie","F","lady’s_maid","elementary_professions","lower_class","
          
Marie

          
(windet sich lachend los):

          
— Naan, min liewer Adam, jetz isch's genüej! 
          
Es klingelt!)

        
",171,"riff-s-paradies",19,3,0.157894736842105,-0.496696152544592,0.239528274898621,-0.101919018853644,0.229929369974846,-0.0934217364952192,-0.118772591726628,-0.19307731597306,0.297023863483522,-0.256129667536352,0.0996665485922925,0.118156831627187
172,"comedy","Marie","F","lady’s_maid","elementary_professions","lower_class","
          
Marie

          
(lachend):

          
Siehsch — jetz het's gschellt! — Do kannsch nix mehr dran mache! Jacques 
          
(stampft zornig mit dem Fuß auf):
 Zell welle m'r aw'r doch emol sehne! 
          
(Es klingelt!)

        
",172,"riff-s-paradies",37,3,0.0810810810810811,-0.496696152544592,0.239528274898621,-0.101919018853644,0.229929369974846,-0.0934217364952192,-0.118772591726628,-0.19307731597306,0.297023863483522,-0.256129667536352,0.0996665485922925,0.118156831627187
173,"comedy","Jacques","M","","","","
          
Jacques:

          
Jaja, m'r kumme, alti Schawäll! Diesmol kumme m'r alli Zwei mitnander! — Warte Sie numme, Madam,
          diesmol selle Sie sich wundere, wenn ich anfang ""höefli"" zu wäre! - Uffgekündt wurd! — Uff d'r Stell! —
          Marie, machsch mit?!

        
",173,"riff-s-paradies",39,8,0.205128205128205,-0.348517241662447,0.270299209854084,-0.0838633683033959,0.256759495831859,0.0246371111181083,0.00141424287937286,-0.172393092583109,0.455295059918231,-0.20680788663138,0.249259936979783,0.187595642970274
174,"comedy","Marie","F","lady’s_maid","elementary_professions","lower_class","
          
Marie

          
(triumphierend):

          
Aw'r sicher mach ich mit!

        
",174,"riff-s-paradies",9,2,0.222222222222222,-0.348517241662447,0.270299209854084,-0.0838633683033959,0.256759495831859,0.0246371111181083,0.00141424287937286,-0.172393092583109,0.455295059918231,-0.20680788663138,0.249259936979783,0.187595642970274
175,"comedy","Jacques","M","","","","
          
Jacques:

          
Batsch in! — 
          
(hält ihr die rechte Hand entgegen.)

        
",175,"riff-s-paradies",12,3,0.25,-0.180847183246238,0.301460794549619,-0.0656240521590683,0.295777834474866,0.136250611062985,0.126415412579885,-0.15350438695919,0.609202070799888,-0.164491216557886,0.381757127147156,0.261412561830416
176,"comedy","Marie","F","lady’s_maid","elementary_professions","lower_class","
          
Marie

          
(feierlich):

          
E Mann — e Wort! 
          
(schlägt kräftigt ein.)

        
",176,"riff-s-paradies",14,3,0.214285714285714,-0.180847183246238,0.301460794549619,-0.0656240521590683,0.295777834474866,0.136250611062985,0.126415412579885,-0.15350438695919,0.609202070799888,-0.164491216557886,0.381757127147156,0.261412561830416
177,"comedy","Jacques","M","","","","
          
Jacques:

          
Un noch emol e Schmutz!

        
",177,"riff-s-paradies",6,1,0.166666666666667,-0.00571260812317587,0.327858161277331,-0.0471520716118715,0.340966790364138,0.238700585933718,0.24715907409998,-0.132361737338131,0.747721321852932,-0.128162535155652,0.488749120140739,0.337226294965793
178,"comedy","Marie","F","lady’s_maid","elementary_professions","lower_class","
          
Marie

          
(lachend):

          
Naan — jetz nit — später — wenn m'r emol ghyroot sin. 
          

          
(Es klingelt andauernd heftig.)

        
",178,"riff-s-paradies",22,2,0.0909090909090909,-0.00571260812317587,0.327858161277331,-0.0471520716118715,0.340966790364138,0.238700585933718,0.24715907409998,-0.132361737338131,0.747721321852932,-0.128162535155652,0.488749120140739,0.337226294965793
180,"comedy","Marie","F","lady’s_maid","elementary_professions","lower_class","
          
Marie

          
(schelmisch lächelnd):

          
Zue unsere Hochzytt!

        
",180,"riff-s-paradies",8,2,0.25,0.164556170506913,0.344369910708433,-0.0284900843287406,0.385913982996928,0.329888172082685,0.354691469028481,-0.105097652985421,0.860453062730741,-0.0964887497888421,0.563208263435692,0.412704088118284
181,"comedy","Jacques","M","","","","
          
Jacques

          
(wirbelt Marie in ausgelassener Stimmung im Kreisel herum.)

          
Juuuuuuuuh! — Kumm, Marie, m'r packe unser Bimbelebaasch zamme, un d'rnoo aw'r nix aß wie nüs üs
          dere Höll! :

        
",181,"riff-s-paradies",31,5,0.161290322580645,0.164556170506913,0.344369910708433,-0.0284900843287406,0.385913982996928,0.329888172082685,0.354691469028481,-0.105097652985421,0.860453062730741,-0.0964887497888421,0.563208263435692,0.412704088118284
182,"comedy","Marie","F","lady’s_maid","elementary_professions","lower_class","
          
Marie

          
(jubelnd):

          
Un nin ins Paradies!

          
(Beide hüpfen, eng umschlungen, jubelnd rechts ab.)

        
",182,"riff-s-paradies",17,3,0.176470588235294,0.318155089164717,0.346317456767548,-0.00983838586516217,0.424361831665726,0.408337822044329,0.4408888390518,-0.0684198867135857,0.9384553343831,-0.0679903788515026,0.600091600285813,0.485660190329262
