Unnamed: 0,drama_type,speaker,sex,job,job_category,social_class,text,short_name,numTokens,numLexTokens,avgLexVal,lexRatio
0,comedy,Madame FRISCH,F,,,,"
          
Madame Frisch

          
(kunnt ine mit ere Postkarte)

          
So!... jetz schribt mir grad mi Oncle do vo Colmer, ass
                        er uf hie kunnt un bi mir will ku z'Nacht esse... grad
                        jetz, hit, wo-n-ich Gäst ha... ich mächt ewe hit z'Owe
                        mi Züekünftiger, dr Herr Ledig, in dr G'sellschaft
                        vorstelle un ha's ig'richtet g'ha, ass mr grad zwölf
                        gsi wàre am Tisch... kunnt awer mi Oncle, so si mr
                        drizehne... me meint grad, er macht's express!... un
                        züedem isch's e-n-Original, mi Oncle... er hat allewil
                        ganz andere-n-Idee as andre Lit... wenn ich en ig'lade
                        hätt, so wàr er sicher nitt ku... was isch jetz
                        z'mache?... ich ka doch Nieme furtschicke un will's o
                        in Nieme sage, sunscht thàte se mich üslache... un
                        drizehne will ich durchüs nitt, ass mr sin... unter
                        keine Umstànde, 's mag geh wie's will, derf das meh
                        g'schàh... ich thàt eher dr erste beste Bettler derzüe
                        riefe!... 's isch mr nur emol vorku un gli druf isch mi
                        Mann selig g'storwe... ich will nitt, ass es mir noch
                        emol eso geht, wenn ich derno küm wieder g'hirothe
                        bi!...
                    

          

            
G'sang

            
Drizehne-n-isch e-n-Unglickszahl,

            
Wo mir brocht hat mi grösste Qual,

            
Drum mach ich mir halt drüs e G'setz,

            
Fir sie als z'vermeide jetz.

            

            
Ich will halt doch nitt riskiere,

            
Jetz wieder gli mi Mann z'verliere,

            
Denn fir einer wieder z'ha,

            
Ha-n-ich nitt iwel Mieih scho g'ha.

          

          
Ich sieh nit anders as ich müess im Herr Ledig
                            Hàndel süeche, fir ass er blàit un nitt bim Esse
                            blibt... nochher versöhne mir uns wieder
                            mitnander... ich stell ne halt derno ne-n-andermol
                            vor... ich will das Ding scho arrangiere, er isch e
                            wenig e Hitzkopf, awer sunscht e ganz güeter
                            Mensch, wo um's ummelüege wieder alles vergesse
                            hat... doch still, do kunnt er glaüb grad!
                        

        
",lustig-d-tante-domino,321,44,0.12958145457894746,0.13707165109034267
1,comedy,Herr LEDIG,M,,,,"
          
Herr Ledig

          
(kunnt hinte-ine)

          
Eh, güete-n-Owe, Madame Frisch!... ich frog nitt no
                        Ihrer G'sundheit... Sie kännt doch sicher kei besserer
                        Name ha!...
(er lüegt ummenander)
 ich bi glaüb dr
                        Erste....
                    

        
",lustig-d-tante-domino,36,8,0.32653284065298405,0.2222222222222222
2,comedy,Madame FRISCH,F,,,,"
          
Madame Frisch.

          
Sie hätte ne sotte si, vo rechtswege... awer lüege
                        Se-n-emol in dr Garte...
                    

        
",lustig-d-tante-domino,17,2,0.0,0.11764705882352941
3,comedy,Herr LEDIG,M,,,,"
          
Herr Ledig

          
(geht an's Fenster)

          
Tiens,'s sin scho andere Gast do... verzeiht Se mr,
                        Madame Frisch... ich ha halt noch G'schàfte g'ha...
                    

        
",lustig-d-tante-domino,26,4,0.0,0.15384615384615385
4,comedy,Madame FRISCH,F,,,,"
          
Madame Frisch

          
(trotzig)

          
Ich mein doch, ass we me-n-ebber gern hat un uf em Punkt
                        isch z'hirothe, ass die Person vor de G'schàfte geht!
                    

          

          

            
G'sang

            
Kunnt me z'spot

            
Als vor dr Hiroth scho,

            
Wie wird's denn geh' als do,

            
Wenn's umme-n-isch derno!

            
Ich find doch, ass d'Hiroth

            
Vor allem z'àmme geht

            
Un ass ka si kei Red

            
Vo ebbes anders meh jetz do!

          

        
",lustig-d-tante-domino,75,10,0.1297,0.13333333333333333
5,comedy,Madame FRISCH,F,,,,"
            

              
Kunnt me z'spot etc...

            

          
",lustig-d-tante-domino,5,1,0.0,0.2
6,comedy,Herr LEDIG,M,,,,"
            
Herr Ledig.

            

              
D'Hiroth wird do

              
Mich finde scho,

              
Ich will nitt uf mich warte lo;

              
Ich kumm nitt z'spot,

              
Denn wenn's losgeht,

              
Ka si kei Red

              
Vo ebbes anders meh jetz do!

            

          
",lustig-d-tante-domino,35,8,0.068375,0.22857142857142856
7,comedy,Herr LEDIG,M,,,,"
          
Herr Ledig.

          
Ich bi awer o ungeduldig gsi un ha mi dummelt... un
                        derno, 's isch jo no nitt spot
(er lüegt uf d'Ühre)
 's
                        isch jo erscht...
                    

        
",lustig-d-tante-domino,31,5,0.10940000000000001,0.16129032258064516
8,comedy,Madame FRISCH,F,,,,"
          
Madame Frisch

          
(kalt)

          
So isch's halt allewil mit dàne Mànner... d'G'schàfte,
                        die gehn allewil vor... wenn Sie denn eso dra halte an
                        Ihre G'schàfte, worum sin Sie nitt gli dra bliwe!...
                    

        
",lustig-d-tante-domino,35,7,0.0,0.2
9,comedy,Herr LEDIG,M,,,,"
          
Herr Ledig

          
(fir sich)

          
Ah so!... tiens, tiens!...
(lüt)
 wenn Se meint, ass ich
                        hätt sotte dra bliwe, so ka-n-ich allewil noch geh...
                        's isch noch alle Zit... Adie Madame Frisch!
(er geht
                        hinte-n-üse)
.
                    

        
",lustig-d-tante-domino,44,8,0.0,0.18181818181818182
10,comedy,Madame FRISCH,F,,,,"
          
Madame Frisch

          
(allei)

          
Dà güete Herr Ledig!... ich mächt grad grine!... ich
                        ha's schier nitt iwer's Herz brocht... awer 's isch 
 jo
                        fir si Wohl... ich wott nitt, ass ihm e-n-Unglick thàt
                        widerfahre... bàh... mit eme Wort vo mir kunnt er
                        wieder z'ruck morn... ich kenn en... doch, jetz hör i
                        glaüb mi Oncle...
(se lost)
 richtig... 's isch ne!
                    

        
",lustig-d-tante-domino,69,16,0.1608490000921055,0.2318840579710145
11,comedy,Herr FLINK,M,,,,"
          
Herr Flink

          
(kunnt hinte-n-ine mit em Herr Krach)

          
Aha!... do isch se jo, mi liewe Nièce, Nundebuckel noch
                        emol!
(se schmutze enander)
 wie geht's denn allewil?...
                       
(er geht e paar Schritt hintersi z'ruck un b'schaüt se)

                        noch allewil jung un frisch!... à propos
(er zeigt uf
                        dr Herr Krach)
 ich stell Dir dr Herr Krach vor, mi
                        züekünftiger Associé, wo mit Din're Erlaübniss mit uns
                        z'Nacht esse wird...
(se verneige sich beide)
.
                    

        
",lustig-d-tante-domino,87,16,0.14534438183533613,0.1839080459770115
12,comedy,Herr KRACH,M,,,,"
          
Herr Krach.

          
Was uf jedefall e grosse-n-Ehr wird si fir mich...

        
",lustig-d-tante-domino,13,5,0.24885685211130593,0.38461538461538464
13,comedy,Madame FRISCH,F,,,,"
          
Madame Frisch

          
(fir sich)

          
Oh sapristi!... jetz si mr scho wieder drizehne!... ich
                        'will gli dr Herr Ledig wieder lo z'ruckriefe, ass mr
                        vierzehne sin.
(lüt)
 's wird mir g'wiss Freid mache,
                        die Herre z'bediene... doch müess ich se jetz e wenig
                        allei lo, fir geh mine Ordre üsz'theile... nàmme Se ne
                        wenig Platz, ich bi im Aügesblick wieder do
(se geht
                        hinte-n-üse)
.
                    

        
",lustig-d-tante-domino,73,12,0.06929817259782853,0.1643835616438356
14,comedy,Herr FLINK,M,,,,"
          
Herr Flink

          
(züem Herr Krach)

          
Was isch... wie g'fallt se ne?... nitt wohr, ich ha se
                        nitt z'viel g'riehmt?... das git e pràchtige Fraü fir
                        Sie!... Nundebuckel noch emol!
                    

        
",lustig-d-tante-domino,32,5,0.0656,0.15625
15,comedy,Herr KRACH,M,,,,"
          
Herr Krach.

          
Ich find se, ganz güet... awer sin Se sicher, ass sie
                        mich grad will?... was isch das fir e Herr, wo mir
                        atroffe hàn vorig, un wo grad vo do ku isch?
                    

        
",lustig-d-tante-domino,34,11,0.13579244320453598,0.3235294117647059
16,comedy,Herr FLINK,M,,,,"
          
Herr Flink.

          
Hàn Se-n-ebbe scho Angst, 's isch e Rival?... lehn Se
                        mich nur mache... do isch se jetz wieder!
                    

        
",lustig-d-tante-domino,22,2,0.0,0.09090909090909091
17,comedy,Madame FRISCH,F,,,,"
          
Madame Frisch

          
(fir sich)

          
Ich ha-n-em d'Magd nog'schickt... er ka no nitt wit
                        si...
(lüt züem Oncle)
 jetz, Oncle, känne mr e wenig
                        schwàtze mitnander... was isch, was hat Dich eso
                        unerwarteterwis in mi Hüs g'fiehrt... ich bi's ewe nitt
                        g'wöhnt... wie vielmol ha-n-ich Dich scho ig'lade un
                        nie hasch welle ku...
                    

        
",lustig-d-tante-domino,62,7,0.13614285714285715,0.11290322580645161
18,comedy,Herr FLINK,M,,,,"
          
Herr Flink.

          
Was witt halt... Dü weisch, wie-n-ich mit Arwet iwerlade
                        bi 's ganze Johr un wie ungern as ich mich deplaciere
                        thüe... dasmol isch's jetz üs ere ganz
                        b'sundere-n-Ursach, wo Dü jetz glich erfahre sollsch...
                    

          

        
",lustig-d-tante-domino,41,6,0.13133333333333333,0.14634146341463414
19,comedy,Herr KRACH,M,,,,"
          
Herr Krach

          
(bim Fenster)

          
Erlaüwe Se, ass ich siter in Garte-n-awe gang, derwilst
                        as Sie schwàtze mitnander... ich glaüb ohnedem, ass ich
                        dert züefàlligerwis e-n-alte Bekanntschaft erkennt ha,
                        wo-n-ich gar nitt denkt hätt do az'treffe... Sie
                        excüsiere mich, nitt wohr
(er geht hinte-n-üse)
.
                    

        
",lustig-d-tante-domino,55,6,0.19931118770396541,0.10909090909090909
20,comedy,Herr FLINK,M,,,,"
          
Ferr Flink.

          
Vor allem mächt ich Dich jetz froge, wie Dir dà Herr
                        g'fallt... güet, nitt wohr?... De weisch, ass ich nitt
                        d'G'wohnet ha, lang hinte-n-umme z'fahre... dr Herr
                        Krach isch in alle Sticke ne charmanter junger Mann...
                        er trittet jetz in mi G'schàft i un wird's sogar später
                        wohrschinlig ganz iwernàmme... also ne güete Parthie,
                        Nundebuckel noch emoll... was meinsch, wàr das nitt eso
                        ne-Mànnle fir Dich?
                    

        
",lustig-d-tante-domino,73,12,0.2985758741588274,0.1643835616438356
21,comedy,Madame FRISCH,F,,,,"
          
Madame Frisch

          
(lacht)

          
's isch wohr, Oncle, Dü fahrsch nitt lang
                        hinte-n-umme... das heisst me jetz emol eim e Mann
                        atràit uf dr Extrapost...
                    

          

            
G'sang

            
Was isch das fir e Mode?

            
So will ich nitt hirothe,

            
Ich müess jetz doch z'erst wisse,

            
Mit wem as ich's z'thüe ha;

            
Ne so eim iwerfalle!

            
Das geht halt nitt in Alle,

            
Das wàr jo gege 's Gwisse;

            
So bind ich mich nitt a!

          

        
",lustig-d-tante-domino,77,13,0.1743076923076923,0.16883116883116883
22,comedy,Madame FRISCH,F,,,,"
            

              
's isch mir nitt z'wohl,

              
Denn gar vielmol

              
Hat me g'sàh do

              
's Unglick scho;

              
Das ka nitt geh,

              
Dü wirsch's ig'steh,

              
So uf eimol,

              
B'sinn Di wohl!

            

          
",lustig-d-tante-domino,30,4,0.41025,0.13333333333333333
23,comedy,Herr FLINK,M,,,,"
            
Herr Flink.

            

              
Nundebuckel noch emol!

              
Sag, weisch Dü jetz awer wohl,

              
Ass ich mich ha druf verlo

              
Un ihm Hoffnung g'macht ha scho;

              
Ich wird schön jetz vor ihm steh,

              
Wenn Dü das nitt witt igeh;

              
Nundebuckel noch emol!

              
B'sinn Di wohl!

            

          
",lustig-d-tante-domino,42,6,0.4054546514279653,0.14285714285714285
24,comedy,Herr FLINK,M,,,,"
          
Herr Flink.

          
De weisch, ich bi allewil eso gsi... wenn ich emol ebbes
                        im Kopf g'ha ha, so hat's gli miesse dure, Nunde...
                    

        
",lustig-d-tante-domino,24,2,0.0,0.08333333333333333
25,comedy,Madame FRISCH,F,,,,"
          
Madame Frisch

          
(unterbricht ne)

          
Eh bien, los, Oncle, ich sag Dr d'Antwort am
                        Nachtesse... ich bi froh, ass De ku bisch...
                    

        
",lustig-d-tante-domino,24,7,0.2785683389050241,0.2916666666666667
26,comedy,Herr FLINK,M,,,,"
          
Herr Flink.

          
Nix do... uf dr Stell müess ich's wisse... wenn Dü-n-en
                        ung'fàhr nitt witt, so ka-n-er nitt dobliwe am Esse...
                        er müess aügeblicklig wieder furt... mr hàn in dem
                        Moment pressante G'schàfte z'b'sorge... nur fir sich
                        z'verlowe wàr dr Grund wichtig g'nüe gsi, fir sich e
                        paar Stund ufz'halte, anderscht nitt... un derno wird
                        er wohrschinlig o gar nitt dra halte doz'bliwe wenn er
                        weisst, ass Dü ne abg'schifelt hasch.
                    

          

        
",lustig-d-tante-domino,78,8,0.068375,0.10256410256410256
27,comedy,Madame FRISCH,F,,,,"
          
Madame Frisch

          
(fir sich)

          
Isch jetz das e Fatalität!... jetz ha-n-i dr Herr Ledig
                        lo z'ruckriefe un jetz soll dà Herr Krach wieder
                        furt... was isch jetz z'mache?...
                    

        
",lustig-d-tante-domino,34,7,0.0,0.20588235294117646
28,comedy,Herr FLINK,M,,,,"
          
Herr Flink.

          
Was isch... hasch Di ferig b'sunne?... Nunde...

        
",lustig-d-tante-domino,9,1,0.0,0.1111111111111111
29,comedy,Madame FRISCH,F,,,,"
          
Madame Frisch.

          
Buckel noch emol!... So loss ne doch nur z'Nacht esse
                        do... mr känne jo derno noch allewil dervo rede...
                    

        
",lustig-d-tante-domino,22,5,0.0,0.22727272727272727
30,comedy,Herr FLINK,M,,,,"
          
Herr Flink.

          
's ka nitt si... d'G'schàfte sin d'G'schàfte... mr hàn
                        nur welle g'schwind im durereise profetiere, fir eüch
                        z'verlowe... wenn's nitt ka si, so fahrt er gli wieder
                        ab... 's isch wieder eso viel Zit g'wunne!... ich
                        hingege ka noch dobliwe hit z'Owe.
                    

        
",lustig-d-tante-domino,49,4,0.0,0.08163265306122448
31,comedy,Madame FRISCH,F,,,,"
          
Madame Frisch

          
(fir sich)

          
Was mache!... was mache!... ma foi, ich sag, er soll
                        dobliwe... das engagiert mich jo nitt gross... ich ka
                        jo allewil wieder z'ruck...
(lüt)
 eh bien...
                    

        
",lustig-d-tante-domino,35,9,0.14140874708335383,0.2571428571428571
32,comedy,Herr FLINK,M,,,,"
          
Herr Flink.

          
Eh bien...

        
",lustig-d-tante-domino,4,2,0.2728393618750922,0.5
33,comedy,Madame FRISCH,F,,,,"
          
Madame Frisch.

          
Eh bien... er soll dobliwe!

        
",lustig-d-tante-domino,7,3,0.18189290791672816,0.42857142857142855
34,comedy,Herr FLINK,M,,,,"
          
Herr Flink.

          
A la bonne heure!... ich will ne gli geh ufsüech fir's
                        em z'sage, Nundebuckel noch emol
(er geht hinte-n-üse)
.
                    

        
",lustig-d-tante-domino,27,2,0.0,0.07407407407407407
35,comedy,Madame FRISCH,F,,,,"
          
Madame Frisch

          
(allei)

          
Wenn er nur doblibt, ass mr nitt drizehne sin am Tisch,
                        das isch d'Haüptsach... ich will ne nochher 
scho
                        abspediere... isch das e schreckliger Mensch dà
                        Oncle!... wenn er ebbes im Schild fiehrt, so müess es
                        uf dr Stell dure g'fiehrt si... ich ka halt jetz dr
                        Herr Ledig nitt als mi Züekünftiger proklamiere hit
                        z'Owe... 's isch fir e-n-anderer Tag... doch, ich will
                        jetz geh lüege, eb alles in Ordnung isch... 's wird bol
                        Zit si an dr Tisch z'geh...
                    

        
",lustig-d-tante-domino,91,9,0.060777777777777785,0.0989010989010989
36,comedy,Herr LEDIG,M,,,,"
          
Herr Ledig

          
(kunnt hine-n-ine)

          
Was soll eigentiig das bedite, Madame Frisch?... vor ere
                        halb Stund schickt Se mich furt... derno losst Se mich
                        wieder z'ruckriefe... un jetz, wo-n-i z'ruckkumm, so
                        hör i dunte im duregeh, ass dr ältste vo dàne Herre,
                        wo-n-i atroffe ha im furtgeh, züem andre sàit: « Ihre
                        Hiroth isch so viel as arrangiert... d'Madame Frisch
                        willigt i... Sie bliwe-n-also do züem Nachtesse »...
                        ich kumm nimmig üs dàre G'schichte!... uf jedefall,
                        wenn's eso isch, so gang ich furt, wenn er doblibt!...
                    

        
",lustig-d-tante-domino,99,10,0.054700000000000006,0.10101010101010101
37,comedy,Madame FRISCH,F,,,,"
          
Madame Frisch

          
(fir sich)

          
Güet... jetz will dà wieder furt... mr kämme nitt üs
                        dàre Unglickszahl üse....
(lüt)
 Herr Ledig, zürne Se
                        nitt un bliwe Se do... 's isch g'wiss alles nur züe
                        Ihrem Beste...
                    

        
",lustig-d-tante-domino,39,6,0.11295281254164925,0.15384615384615385
38,comedy,Herr LEDIG,M,,,,"
          
Herr Ledig

          
(spöttisch)

          
Ha ha ha... züe mim Beste!... Ich garantier awer derfir,
                        ass er geht... ich will emol sàh, eb er nitt
                        abmarschiert!
(er geht gege dr Thüre)
.
                    

          

        
",lustig-d-tante-domino,33,3,0.0,0.09090909090909091
39,comedy,Madame FRISCH,F,,,,"
          
Madame Frisch

          
(haltet en z'ruck)

          
Herr Ledig thien Se nur das nitt!...
(fir sich)
 was isch
                        z'mache?... was soll i afange?... ich ka-n-em doch
                        d'Ursach nitt sage... 's wàr làcherlig!...
(lüt)
 glaüwe
                        Se mir... 's wird sich noch alles arrangiere... dà Herr
                        trumpiert sich, wenn er maint, ich will ne hirothe.
                    

          

            
G'sang

            
Ich ha ihn jo noch gar nie g'sàh,

            
Wie will ich ihm mi Hand denn gà,

            
Das ka jo ganz un gar nitt si!

            
Mir hàn uns jo längst Treüe g'schwore

            
Un hàn se g'halte bis dohi,

            
Ich ha ihn jo noch gar nie g'sàh,

            
Wie will ich ihm mi Hand denn gà,

            
Das ka jo ganz un gar nitt si

          

        
",lustig-d-tante-domino,124,13,0.10869230769230771,0.10483870967741936
40,comedy,Madame FRISCH,F,,,,"
          
Mitnander

          

            
Mir hàn jo g'schwore,

            
Ass mir uns immer wànn versteh,

            
In keine G'fohre

            
Soll unser Schwur nie untergeh!

          

        
",lustig-d-tante-domino,19,3,0.13133333333333333,0.15789473684210525
41,comedy,Herr LEDIG,M,,,,"
          
Mitnander

          

            
Mir hàn jo g'schwore,

            
Ass mir uns immer wànn versteh,

            
In keine G'fohre

            
Soll unser Schwur nie untergeh!

          

        
",lustig-d-tante-domino,19,3,0.13133333333333333,0.15789473684210525
42,comedy,Madame FRISCH,F,,,,"
          
Allons, Herr Ledig, kàmme Se, mr wànn geh lüege, eb
                            dr Tisch g'ristet isch
(se nimmt en am Arm un fiehrt ne halwer mit
                            G'walt züer Thüre-n-üse rechts)

        
",lustig-d-tante-domino,32,2,0.0,0.0625
43,comedy,Herr KRACH,M,,,,"
          
Herr Krach

          
(kunnt hinte-n-ine)

          
Was me doch im e Hüs alles erfahre ka in ere kurze Zit,
                        we me drin d'Chance hat wie ich, e-n-alte Liebschaft
                        wieder az'knüpfe vo frieih're Zite!... Triff ich jetz
                        do nitt züefàllig 's Trinele a, wo-n-ich als eso gern
                        g'sàh ha frieiher un erfahr, ass es d'Schwester
 isch vo
                        dr Madame Frisch... 's isch noch allewil schön, 's
                        Trinele!... un ich ha's décidément noch allewil gern,
                        un es glaüb mich... natirlig ha-n-ich's derno glich
                        alles üsg'frogt iwer d'Madame Frisch un do ha-n-ich
                        sunderbare Sache-n-erfahre... Schint's hat se sich
                        welle verlowe hit am Nachtesse mit ihrem Liebhawer, hat
                        ne awer abdankt grad vor ebb mr aku sin, denn me hat ne
                        g'sàh, un mir eigentlig o, zornig furtrenne... küm si
                        mr do gsi, so hat se ne wieder lo z'ruckriefe un jetz,
                        wo-n-er doch do isch, so thüet se mir wieder Hoffnung
                        mache... do isch ebbes nitt recht oder das müess e
                        capriziose Dame si... décidément ich hiroth glaüb
                        liewer 's Trinele... 's hat mr o g'sàit, ass d'Madame
                        Frisch famos awerglaüwisch isch... se thàt unter anderm
                        fest behaüpte, ass ihre erste Mann g'storwe-n-isch, wil
                        se-n-emol drizehne am Tisch g'sesse sin... halt!...
                        e-n-Idee!... isch's ebbe jetz wieder dr Fall un macht
                        se die Manöver, fir's z'verhiete?... Voyons, mr wànn
                        emol zàhle, wie viel as ig'lade sin
(er geht ans
                        Fenster)
 dert sin se schön alle binander im Garte...
                        zwei, viere, die drei dert uf em Bank sin siwene, dà
                        dicke Herr dert unterm Baüm sin achte... dert e Herr un
                        e Dame, wo spaziere gehn, sin zehne... sie un ihr
                        Liebhawer sin zwölfe, ihre-n-Oncle un ich sin
                        vierzehne... 's isch ganz das... also vor ebb mir aku
                        sin, sin's zwölfe gsi... wo se g'hört hat, ass dr Oncle
                        kunnt, denn vo mir isch kei Red gsi uf dr Postkarte, so
                        hat se nit bessers wisse z'mache, as ihre Liebhawer e
                        wenig z'misshandle, ass er blàit hat un nitt hat welle
                        z'Nacht esse... ebber anders hatt se natirlig nitt
                        känne furtschicke... derno sin's wieder zwölfe gsi...
                        wo awer dr Oncle mich presentiert hat, so hat se dr
                        Andre gli wieder lo hole, fir ass mr vierzehne sin un
                        jetz hat se im Oncle wohrschinlig nur g'sàit, ich soll
                        dobliwe, fir ass se nitt wieder drizehne sin... ich
                        sieh scho, ich hiroth liewer 's Trinele... 's isch
                        besser... 
awer possig isch's doch, das müess me
                        g'steh!... doch still, 's kunnt ebber... 's thàt mich
                        Wunder nàh, wenn's nitt dr Liebhawer wàr vo dr Madame
                        Frisch, wo mir kunnt ku Hàndel süeche!
                    

        
",lustig-d-tante-domino,467,58,0.1870254975575328,0.12419700214132762
44,comedy,Herr LEDIG,M,,,,"
          
Herr Ledig

          
(kunnt hinte-n-ine, fir sich)

          
Aha, do isch er jo!... ich ha-n-en lang genüe
                        g'süecht!...
(lüt züem Herr Krach)
 Sie süeche g'wiss
                        d'Madame Frisch?... awer Sie verliere-n-Ihre Zit...
                        se-n-isch nitt do... un iwerhaüpt thàte Sie mr Freid
                        mache, wenn Sie ihre nimmig wotte nogeh... un noch viel
                        besser wàr's, wenn Sie uf dr Stell das Hüs thàte verlo!
                    

        
",lustig-d-tante-domino,73,15,0.12917187141159617,0.2054794520547945
45,comedy,Herr KRACH,M,,,,"
          
Herr Krach.

          
Z'erst müess ich Ihne sage, ass Sie mir do keine Ordre
                        z'gà hàn... un züedem, wenn ich jetz üs dam Hüs gieng,
                        so miesste Sie o drüs... drum känne Sie froh si, as ich
                        nur doblib!...
                    

        
",lustig-d-tante-domino,40,5,0.2707198342846229,0.125
46,comedy,Herr LEDIG,M,,,,"
          
Herr Ledig

          
(zornig)

          
Wie meine Sie das?...

        
",lustig-d-tante-domino,9,3,0.0,0.3333333333333333
47,comedy,Herr KRACH,M,,,,"
          
Herr Krach.

          
Wà mr's druf aku lo?...
(d'Madame Frisch kunnt rechts
                        ine)
 Sie werde's jetz gli sàh!
                    

        
",lustig-d-tante-domino,22,5,0.0,0.22727272727272727
48,comedy,Madame FRISCH,F,,,,"
          
Madame Frisch.

          
Allons, allons, ihr Herre... me süecht Se, fir an dr
                        Tisch z'geh!...
                    

        
",lustig-d-tante-domino,15,4,0.0,0.26666666666666666
49,comedy,Herr KRACH,M,,,,"
          
Herr Krach.

          
Verzeiht Se, Madame Frisch... unter de jetzige Umstànde
                        un in dàre Position, wo-n-ich bi, ka-n-ich unmöglig
                        bliwe... ich müsss also...
                    

        
",lustig-d-tante-domino,26,5,0.0,0.19230769230769232
50,comedy,Madame FRISCH,F,,,,"
          
Madame Frisch.

          
Also furt wànn Se?...
(fir sich)
 scho wieder
                        drizehne!...
(lüt züem Herr Ledig)
 das hàn Sie jetz
                        ag'stiftet, Herr Ledig!... tant pis fir Sie!...
(züem
                        Herr Krach)
 Ich will Sie nitt länger ufhalte... wenn
                        Sie denn furt wànn, so gehn Se... dr Herr Ledig ka Se o
                        gli begleite, wenn er will!...
(se wendet sich ab)
.
                    

        
",lustig-d-tante-domino,66,12,0.03383333333333333,0.18181818181818182
51,comedy,Herr KRACH,M,,,,"
          
Herr Krach

          
(lislig züem Herr Ledig)

          
Was ha-n-ich g'sàit?.

        
",lustig-d-tante-domino,13,3,0.0,0.23076923076923078
52,comedy,Herr LEDIG,M,,,,"
          
Herr Ledig

          
(mit Verzwiflung)

          
Ich kumm nitt do drüs!

        
",lustig-d-tante-domino,11,2,0.0,0.18181818181818182
53,comedy,Madame FRISCH,F,,,,"
          
Madame Frisch.

          

            
Sie sin mir jetz nitt verleide,

            
Doch gehn liewer alle beide,

            
Thien Sie sich nur schön begleite,

            
Das wird 's allerbeste si;

            
Wànn Sie awer sich nitt riwe

            
Un wànn beide bi mir bliwe,

            
Fir mit uns do d'Zit z'vertriwe,

            
Frei ich mich druf hi.

          

        
",lustig-d-tante-domino,49,9,0.28521627182032655,0.1836734693877551
54,comedy,Herr LEDIG,M,,,,"
          
Herr Ledig.

          

            
Ich bi ihre nitt verleide

            
Un doch schickt se alle beide,

            
Se sàit, ich soll ihn begleite,

            
Das wird 's allerbeste si;

            
Wànn mir awer uns nitt riwe

            
Un wànn beide bi ihr' bliwe,

            
Fir bi ihre d'lit z'vertriwe,

            
Freit se sich druf hi.

          

          

        
",lustig-d-tante-domino,48,5,0.24492172115284666,0.10416666666666667
55,comedy,Herr KRACH,M,,,,"
          
Herr Krach.

          

            
Er isch ihre nitt verleide

            
Un doch müess er geh;

            
Ich ka's versteh,

            
's wird's beste si;

            
Nur wenn ich do will bliwe,

            
Wird's ihm o erlaübt,

            
Nie hätt er's glaübt

            
Uf mi Wort hi.

          

        
",lustig-d-tante-domino,41,4,0.13675,0.0975609756097561
56,comedy,Herr KRACH,M,,,,"
          
Herr Krach.

          
Sin die Zwei jetz in ere Klemme!... awer ich will
                        Mitleid mit ene ha...
(züer Madame Frisch)
 Sie hat mich
                        nitt ganz güet verstande, Madame Frisch... ich ha nitt
                        g'sàit, ass ich furt will... ich wott nur in andere
                        Cunditione bliwe... wenn Sie mr züem Bispiel d'Hand vom
                        Trinele, Ihre jüngere Schwester, wott verspreche,..
                    

        
",lustig-d-tante-domino,59,11,0.17551971593180868,0.1864406779661017
57,comedy,Madame FRISCH,F,,,,"
          
Madame Frisch

          
(iwerrascht)

          
Uf eimol, eso grad ohne witers?...

        
",lustig-d-tante-domino,11,5,0.1578,0.45454545454545453
58,comedy,Herr KRACH,M,,,,"
          
Herr Krach.

          
Verzeiht Se... ich ha's scho lang gern... mr hàn is
                        frieiher scho gern g'sàh, sin awer derno vonander ku,
                        wo-n-ich züe Ihrem Oncle gange bi, ohne Sie z'kenne un
                        ohne-n-ass ich g'wisst ha, ass dr Herr Flink dr Oncle
                        isch.
                    

        
",lustig-d-tante-domino,48,7,0.1562857142857143,0.14583333333333334
59,comedy,Madame FRISCH,F,,,,"
          
Madame Frisch.

          
Aha!... das isch die Bekanntschaft, wo Sie g'sàh hàn im
                        Garte... ich ha nit dergege, wenn 's Trinele
                        z'friede-n-isch... das arrangiert uns jetz alle... un
                        hoffentlig wird dr Herr Ledig o z'friede si un wird is
                        d'Freid mache doz'bliwe?...
                    

        
",lustig-d-tante-domino,46,6,0.33059634519565706,0.13043478260869565
60,comedy,Herr LEDIG,M,,,,"
          
Herr Ledig.

          
Verzeiht Se mr, Madame Frisch... ich bi halt e
                        Hitzkopf.... ich will gern bliwe... awer thàte Se mr
                        nur sage...
                    

        
",lustig-d-tante-domino,22,5,0.10940000000000001,0.22727272727272727
61,comedy,Madame FRISCH,F,,,,"
          
Madame Frisch

          
(unterbricht ne)

          
Also isch jetz alles wieder in Ordnung!...
(fir sich)

                        nitt ohne Mieih!...
(lüt)
 awer jetz an dr Tisch, un
                        flink e wenig!

        
",lustig-d-tante-domino,32,5,0.0,0.15625
62,comedy,Herr FLINK,M,,,,"
          
Herr Flink

          
(kunnt hinte-n-ine, ganz bleich.

          
O mine liewe Kinder, wie isch's mir uf eimol eso
                        schlecht... Nundebuckel noch emol!... ich weiss gar
                        nitt was afange!... 's isch grad ku wie a mi blose!...
                        ihr werde halt miesse-n-ohne mich an dr Tisch sitze.

        
",lustig-d-tante-domino,49,13,0.20673275314825118,0.2653061224489796
63,comedy,Madame FRISCH,F,,,,"
          
Madame Frisch

          
(fir sich)

          
Was fir e Fatalität!... scho wieder drizehne!...

        
",lustig-d-tante-domino,13,4,0.0,0.3076923076923077
64,comedy,Herr KRACH,M,,,,"
          
Herr Krach

          
(züem Herr Flink)

          
Wo hàn Se-n-eigentlig weh?... was isch denn
                        g'schàh?...
                    

        
",lustig-d-tante-domino,17,4,0.004,0.23529411764705882
65,comedy,Herr LEDIG,M,,,,"
          
Herr Ledig.

          
G'schwind... mr wànn en ufs Kanepee fiehre, er ka sich
                        jo nimmig ufrecht halte
(dr Herr Ledig un dr Herr Krach
                        fiehre ne furt rechts)
.
                    

        
",lustig-d-tante-domino,29,7,0.0,0.2413793103448276
66,comedy,Madame FRISCH,F,,,,"
          
Madame Frisch

          
(allei)

          
Isch jetz das nitt züem narràchtig werde mit
                        dàre-n-Unglickszahl!... was soll ich jetz wieder
                        afange... ich ka doch dr Herr Ledig nitt noch emol
                        furtschicke... un doch will ich durchüs nitt
                        drizehne-n-am Tisch ha.
                    

        
",lustig-d-tante-domino,43,5,0.0844,0.11627906976744186
67,comedy,Herr LEDIG,M,,,,"
          
Herr Ledig

          
(kunnt ine rechts)

          
Madame Frisch, me wartet jetz nur noch uf Sie, fir an dr
                        Tisch z'geh... dr Oncle isch jetz dowe... er ligt uf em
                        Kanepee!..
                    

          

        
",lustig-d-tante-domino,32,6,0.18233333333333335,0.1875
68,comedy,Madame FRISCH,F,,,,"
          
Madame Frisch

          
(fir sich)

          
Was mache!... was afange
(se laüft in dr Stuwe-n-umme,
                        me hört uf dr Gasse schreie: Hàn 'r alti Lump!
                        Kinkelepelz!)
 Ah! dà Lumpemann!
(se rieft züem Fenster
                        üse)
 He, Lumpemann:... wànn Sie viellicht ku mit is
                        z'Nacht esse?... was, er will nitt emol!... er meint
                        alleweg, 's isch G'schpass... aha... dert kunnt e
                        Kàmifeger, viellicht ka-n-ich dà engàgiere... He...
                        Kàmifeger!... kämme-n-emol do...
(se winkt em)
.
                    

        
",lustig-d-tante-domino,84,10,0.180057692522079,0.11904761904761904
69,comedy,Herr LEDIG,M,,,,"
          
Herr Ledig

          
(fir sich)

          
Décidément, d'Madame Frisch müess g'schittelt si... ich
                        will mich glaüb üs em Staüb mache...
                    

        
",lustig-d-tante-domino,21,5,0.09477342524475849,0.23809523809523808
70,comedy,Madame FRISCH,F,,,,"
          
Madame Frisch

          
(kehrt si um)

          
Er hat nitt dr Zit, sàit er!....
(züem Herr Ledig)
 was
                        lüege Se mich eso verstört a, Herr Ledig... dà
                        Kàmifeger hätt känne-n-in eim vo-n-uns 's Lewe rette un
                        viellicht grad Ihne!
                    

        
",lustig-d-tante-domino,45,8,0.05158698275014036,0.17777777777777778
71,comedy,Herr LEDIG,M,,,,"
          
Herr Ledig.

          
's isch möglig... awer einstwilewill ich mich süeche
                        selwer z'rette!
                    

        
",lustig-d-tante-domino,13,2,0.0,0.15384615384615385
72,comedy,Herr KRACH,M,,,,"
          
Herr Krach

          
(kunnt ine rechts)

          
Madame Frisch, dr Oncle isch jetz wieder besser un wott
                        jetz z'Nacht esse... me wartet nur noch uf Sie un dr
                        Herr Ledig.
                    

        
",lustig-d-tante-domino,31,6,0.09116666666666667,0.1935483870967742
73,comedy,Madame FRISCH,F,,,,"
          
Madame Frisch

          
(freidig)

          
Oh!... mr sin g'rettet!... desto besser... das isch mr
                        noch liewer as dr Kàmifeger... kämme Se jetz, Herr
                        Ledig...
(se nimmt en am Arm)
 ich glaüb, ass mr dasmol
                        unser Nachtesse verdient hàn.
                    

        
",lustig-d-tante-domino,40,6,0.21822953926486177,0.15
74,comedy,Herr LEDIG,M,,,,"
          
Herr Ledig.

          
Ich verstand allewil weniger...

        
",lustig-d-tante-domino,6,3,0.17166666666666666,0.5
75,comedy,Herr FLINK,M,,,,"
          
Herr Flink

          
(kunnt ine rechts)

          
Nundebuckel noch emol... ha-n-ich e-n-Angst g'ha!... 's
                        isch mr ganz schwindlig gsi, awer jetz geht's wieder
                        besser...
(züer Madame Frisch)
 à propos, De hasch e
                        g'scheidte Nase g'ha, ass De dr Herr Krach dert nitt
                        hasch lo furtgeh, denn grad ha-n-i g'achtet am Tisch,
                        mr wàre sunscht drizehne gsi!
                    

        
",lustig-d-tante-domino,65,10,0.039400000000000004,0.15384615384615385
76,comedy,Herr LEDIG,M,,,,"
          
Herr Ledig.

          
Ah!... jetz geht mr e Liecht uf!... jetz, jetz verstand
                        i's!...
                    

        
",lustig-d-tante-domino,14,3,0.35400000000000004,0.21428571428571427
77,comedy,Herr KRACH,M,,,,"
          
Herr Krach.

          
Sie hàn Zit brücht derzüe, güeter Frind... was doch dr
                        Awerglaüwe nitt mache ka!... also, merke-n-eüch das,
                        die wo wànn glicklig verlobt si, die solle vor allem
                        trachte, ass se nitt drizehne sin am Tisch, sunscht...
                    

        
",lustig-d-tante-domino,40,7,0.27995955360712793,0.175
78,comedy,Herr LEDIG,M,,,,"
          
Herr Ledig

          
(schelmisch züer Madame Frisch)

          
Sunscht hat me z'riskiere, ass e Kàmifeger kunnt ku
                        nàwe-n-eim sitze!...
                    

        
",lustig-d-tante-domino,22,5,0.0,0.22727272727272727
79,comedy,Herr LEDIG,M,,,,"
          

            
G'sang

            
(Mitnander)

            
Wenn ihr wànn Gäst ilade,

            
So gàn schön acht,

            
Drizehne bringe Schade,

            
's isch längst üsg'macht!

            
Wenn dr Vierzehnt fehle thüet,

            
Isch e Lumpemann o güet

            
Od'r e Kàmifeger

            
Im hoche Hüet!

          

        
",lustig-d-tante-domino,36,7,0.2896349691168124,0.19444444444444445
80,comedy,Herr FLINK,M,,,,"
          

            
G'sang

            
(Mitnander)

            
Wenn ihr wànn Gäst ilade,

            
So gàn schön acht,

            
Drizehne bringe Schade,

            
's isch längst üsg'macht!

            
Wenn dr Vierzehnt fehle thüet,

            
Isch e Lumpemann o güet

            
Od'r e Kàmifeger

            
Im hoche Hüet!

          

        
",lustig-d-tante-domino,36,7,0.2896349691168124,0.19444444444444445
81,comedy,Herr KRACH,M,,,,"
          

            
G'sang

            
(Mitnander)

            
Wenn ihr wànn Gäst ilade,

            
So gàn schön acht,

            
Drizehne bringe Schade,

            
's isch längst üsg'macht!

            
Wenn dr Vierzehnt fehle thüet,

            
Isch e Lumpemann o güet

            
Od'r e Kàmifeger

            
Im hoche Hüet!

          

        
",lustig-d-tante-domino,36,7,0.2896349691168124,0.19444444444444445
82,comedy,Madame FRISCH,F,,,,"
          

            
G'sang

            
(Mitnander)

            
Wenn ihr wànn Gäst ilade,

            
So gàn schön acht,

            
Drizehne bringe Schade,

            
's isch längst üsg'macht!

            
Wenn dr Vierzehnt fehle thüet,

            
Isch e Lumpemann o güet

            
Od'r e Kàmifeger

            
Im hoche Hüet!

          

        
",lustig-d-tante-domino,36,7,0.2896349691168124,0.19444444444444445
